image,split,source_video,source_sha256,source_frame,timestamp_seconds,dhash,distance_from_previous_kept,annotation_status
images/train/cctv052x2004080519x01684_17570b9978_f0000000_t0000000000.jpg,train,D:\Users\L1\Downloads\archive\video\cctv052x2004080519x01684.avi,17570b9978f5e932e6f0d79234e33a99594c5df6d0c273ab3860c942cf38d675,0,0.0,d882cce07cfaf2f8,64,auto_labeled_pending_review
images/train/cctv052x2004080519x01684_17570b9978_f0000005_t0000000500.jpg,train,D:\Users\L1\Downloads\archive\video\cctv052x2004080519x01684.avi,17570b9978f5e932e6f0d79234e33a99594c5df6d0c273ab3860c942cf38d675,5,0.5,f21e98397cf6f0f3,21,auto_labeled_pending_review
images/train/cctv052x2004080519x01684_17570b9978_f0000015_t0000001500.jpg,train,D:\Users\L1\Downloads\archive\video\cctv052x2004080519x01684.avi,17570b9978f5e932e6f0d79234e33a99594c5df6d0c273ab3860c942cf38d675,15,1.5,f21e983174f4f0f8,6,auto_labeled_pending_review
images/train/cctv052x2004080519x01684_17570b9978_f0000025_t0000002500.jpg,train,D:\Users\L1\Downloads\archive\video\cctv052x2004080519x01684.avi,17570b9978f5e932e6f0d79234e33a99594c5df6d0c273ab3860c942cf38d675,25,2.5,f21e983d7cf9f1f9,8,auto_labeled_pending_review
images/train/cctv052x2004080519x01684_17570b9978_f0000030_t0000003000.jpg,train,D:\Users\L1\Downloads\archive\video\cctv052x2004080519x01684.avi,17570b9978f5e932e6f0d79234e33a99594c5df6d0c273ab3860c942cf38d675,30,3.0,f21e9c3978faf0f8,7,auto_labeled_pending_review
images/train/cctv052x2004080609x01874_9cdb9da904_f0000000_t0000000000.jpg,train,D:\Users\L1\Downloads\archive\video\cctv052x2004080609x01874.avi,9cdb9da904eccfa3a9fe9760803d5b3c9d79a963c4625ed734878415508dbfba,0,0.0,e5469c3174f5f1fa,64,auto_labeled_pending_review
images/train/cctv052x2004080609x01874_9cdb9da904_f0000005_t0000000500.jpg,train,D:\Users\L1\Downloads\archive\video\cctv052x2004080609x01874.avi,9cdb9da904eccfa3a9fe9760803d5b3c9d79a963c4625ed734878415508dbfba,5,0.5,f6169c3574f1f0fa,8,auto_labeled_pending_review
images/train/cctv052x2004080609x01874_9cdb9da904_f0000015_t0000001500.jpg,train,D:\Users\L1\Downloads\archive\video\cctv052x2004080609x01874.avi,9cdb9da904eccfa3a9fe9760803d5b3c9d79a963c4625ed734878415508dbfba,15,1.5,f6569c3178f0f0f9,7,auto_labeled_pending_review
images/train/cctv052x2004080609x01874_9cdb9da904_f0000030_t0000003000.jpg,train,D:\Users\L1\Downloads\archive\video\cctv052x2004080609x01874.avi,9cdb9da904eccfa3a9fe9760803d5b3c9d79a963c4625ed734878415508dbfba,30,3.0,f6169c3174f4f2f3,7,auto_labeled_pending_review
images/train/cctv052x2004080609x01874_9cdb9da904_f0000045_t0000004500.jpg,train,D:\Users\L1\Downloads\archive\video\cctv052x2004080609x01874.avi,9cdb9da904eccfa3a9fe9760803d5b3c9d79a963c4625ed734878415508dbfba,45,4.5,f6569c357cf8f0fa,8,auto_labeled_pending_review
images/train/cctv052x2004080516x01647_db0ddb354e_f0000000_t0000000000.jpg,train,D:\Users\L1\Downloads\archive\video\cctv052x2004080516x01647.avi,db0ddb354e53efd143fce275253dadd9aec12c837cf56442fb3b25ebba16a62f,0,0.0,c786cce1787ef4ef,64,auto_labeled_pending_review
images/train/cctv052x2004080516x01647_db0ddb354e_f0000005_t0000000500.jpg,train,D:\Users\L1\Downloads\archive\video\cctv052x2004080516x01647.avi,db0ddb354e53efd143fce275253dadd9aec12c837cf56442fb3b25ebba16a62f,5,0.5,f29eb8387cfcf4ef,18,auto_labeled_pending_review
images/train/cctv052x2004080516x01647_db0ddb354e_f0000015_t0000001500.jpg,train,D:\Users\L1\Downloads\archive\video\cctv052x2004080516x01647.avi,db0ddb354e53efd143fce275253dadd9aec12c837cf56442fb3b25ebba16a62f,15,1.5,f296bc387cfcf8fa,7,auto_labeled_pending_review
images/train/cctv052x2004080516x01647_db0ddb354e_f0000020_t0000002000.jpg,train,D:\Users\L1\Downloads\archive\video\cctv052x2004080516x01647.avi,db0ddb354e53efd143fce275253dadd9aec12c837cf56442fb3b25ebba16a62f,20,2.0,f296b83878fcf9ed,7,auto_labeled_pending_review
images/train/cctv052x2004080516x01647_db0ddb354e_f0000035_t0000003500.jpg,train,D:\Users\L1\Downloads\archive\video\cctv052x2004080516x01647.avi,db0ddb354e53efd143fce275253dadd9aec12c837cf56442fb3b25ebba16a62f,35,3.5,d296b83878fae9f9,6,auto_labeled_pending_review
images/train/cctv052x2004080516x01647_db0ddb354e_f0000045_t0000004500.jpg,train,D:\Users\L1\Downloads\archive\video\cctv052x2004080516x01647.avi,db0ddb354e53efd143fce275253dadd9aec12c837cf56442fb3b25ebba16a62f,45,4.5,f29eb83878ebf3ea,10,auto_labeled_pending_review
images/train/cctv052x2004080607x01845_758490af6d_f0000000_t0000000000.jpg,train,D:\Users\L1\Downloads\archive\video\cctv052x2004080607x01845.avi,758490af6d91bfe4847933af56d55ca7b895179d1d89603da2e2d86b972005d0,0,0.0,d084bc38fcf2f3f9,64,auto_labeled_pending_review
images/train/cctv052x2004080607x01845_758490af6d_f0000005_t0000000500.jpg,train,D:\Users\L1\Downloads\archive\video\cctv052x2004080607x01845.avi,758490af6d91bfe4847933af56d55ca7b895179d1d89603da2e2d86b972005d0,5,0.5,f216bc3878f2f1f9,8,auto_labeled_pending_review
images/train/cctv052x2004080607x01845_758490af6d_f0000015_t0000001500.jpg,train,D:\Users\L1\Downloads\archive\video\cctv052x2004080607x01845.avi,758490af6d91bfe4847933af56d55ca7b895179d1d89603da2e2d86b972005d0,15,1.5,f216bc3872f2f6fa,7,auto_labeled_pending_review
images/train/cctv052x2004080607x01845_758490af6d_f0000025_t0000002500.jpg,train,D:\Users\L1\Downloads\archive\video\cctv052x2004080607x01845.avi,758490af6d91bfe4847933af56d55ca7b895179d1d89603da2e2d86b972005d0,25,2.5,f216b83474f4f4f8,9,auto_labeled_pending_review
images/train/cctv052x2004080607x01845_758490af6d_f0000040_t0000004000.jpg,train,D:\Users\L1\Downloads\archive\video\cctv052x2004080607x01845.avi,758490af6d91bfe4847933af56d55ca7b895179d1d89603da2e2d86b972005d0,40,4.0,f216b83478f0f8fa,6,auto_labeled_pending_review
images/train/cctv052x2004080607x01845_758490af6d_f0000050_t0000005000.jpg,train,D:\Users\L1\Downloads\archive\video\cctv052x2004080607x01845.avi,758490af6d91bfe4847933af56d55ca7b895179d1d89603da2e2d86b972005d0,50,5.0,f216bc3078faf6fe,8,auto_labeled_pending_review
images/train/cctv052x2004080609x01865_23b6ba6372_f0000000_t0000000000.jpg,train,D:\Users\L1\Downloads\archive\video\cctv052x2004080609x01865.avi,23b6ba6372004d1a63447a01b676665df896a46ace170ca453eca20ec50cfc66,0,0.0,6416bc387af8f8f2,64,auto_labeled_pending_review
images/train/cctv052x2004080609x01865_23b6ba6372_f0000005_t0000000500.jpg,train,D:\Users\L1\Downloads\archive\video\cctv052x2004080609x01865.avi,23b6ba6372004d1a63447a01b676665df896a46ace170ca453eca20ec50cfc66,5,0.5,e216bc3070f4f4f8,12,auto_labeled_pending_review
images/train/cctv052x2004080609x01865_23b6ba6372_f0000015_t0000001500.jpg,train,D:\Users\L1\Downloads\archive\video\cctv052x2004080609x01865.avi,23b6ba6372004d1a63447a01b676665df896a46ace170ca453eca20ec50cfc66,15,1.5,e2163c307cf8f8fa,8,auto_labeled_pending_review
images/train/cctv052x2004080609x01865_23b6ba6372_f0000045_t0000004500.jpg,train,D:\Users\L1\Downloads\archive\video\cctv052x2004080609x01865.avi,23b6ba6372004d1a63447a01b676665df896a46ace170ca453eca20ec50cfc66,45,4.5,e216bc3872faf6f2,10,auto_labeled_pending_review
images/train/cctv052x2004080609x01865_23b6ba6372_f0000050_t0000005000.jpg,train,D:\Users\L1\Downloads\archive\video\cctv052x2004080609x01865.avi,23b6ba6372004d1a63447a01b676665df896a46ace170ca453eca20ec50cfc66,50,5.0,e216bc307af4f4f8,8,auto_labeled_pending_review
images/train/cctv052x2004080616x00059_5fad06df04_f0000000_t0000000000.jpg,train,D:\Users\L1\Downloads\archive\video\cctv052x2004080616x00059.avi,5fad06df04989bd775e1ffe077b8cbc854313f7ce2e077b48dde0cd5931e7eb4,0,0.0,9210b42459385a4e,64,auto_labeled_pending_review
images/train/cctv052x2004080616x00059_5fad06df04_f0000005_t0000000500.jpg,train,D:\Users\L1\Downloads\archive\video\cctv052x2004080616x00059.avi,5fad06df04989bd775e1ffe077b8cbc854313f7ce2e077b48dde0cd5931e7eb4,5,0.5,f2963e367bf3da4e,18,auto_labeled_pending_review
images/train/cctv052x2004080616x00059_5fad06df04_f0000020_t0000002000.jpg,train,D:\Users\L1\Downloads\archive\video\cctv052x2004080616x00059.avi,5fad06df04989bd775e1ffe077b8cbc854313f7ce2e077b48dde0cd5931e7eb4,20,2.0,f2963e3473d3cc7b,10,auto_labeled_pending_review
images/train/cctv052x2004080616x00059_5fad06df04_f0000035_t0000003500.jpg,train,D:\Users\L1\Downloads\archive\video\cctv052x2004080616x00059.avi,5fad06df04989bd775e1ffe077b8cbc854313f7ce2e077b48dde0cd5931e7eb4,35,3.5,f2963e3473dff57a,7,auto_labeled_pending_review
images/train/cctv052x2004080617x00073_e678027bc8_f0000000_t0000000000.jpg,train,D:\Users\L1\Downloads\archive\video\cctv052x2004080617x00073.avi,e678027bc82c2e25f1b2329c97aa6c6cfd04c4a71e87ecd0ad3986029963968e,0,0.0,9273bc3276edf3f8,64,auto_labeled_pending_review
images/train/cctv052x2004080617x00073_e678027bc8_f0000005_t0000000500.jpg,train,D:\Users\L1\Downloads\archive\video\cctv052x2004080617x00073.avi,e678027bc82c2e25f1b2329c97aa6c6cfd04c4a71e87ecd0ad3986029963968e,5,0.5,f2969e3277fdf3f8,11,auto_labeled_pending_review
images/train/cctv052x2004080617x00073_e678027bc8_f0000025_t0000002500.jpg,train,D:\Users\L1\Downloads\archive\video\cctv052x2004080617x00073.avi,e678027bc82c2e25f1b2329c97aa6c6cfd04c4a71e87ecd0ad3986029963968e,25,2.5,f2969e366df2f8f9,12,auto_labeled_pending_review
images/train/cctv052x2004080617x00073_e678027bc8_f0000040_t0000004000.jpg,train,D:\Users\L1\Downloads\archive\video\cctv052x2004080617x00073.avi,e678027bc82c2e25f1b2329c97aa6c6cfd04c4a71e87ecd0ad3986029963968e,40,4.0,f2969e3779faf1f8,7,auto_labeled_pending_review
images/train/cctv052x2004080611x01895_8e528641a0_f0000000_t0000000000.jpg,train,D:\Users\L1\Downloads\archive\video\cctv052x2004080611x01895.avi,8e528641a08ec9eb7ee64e0c88623febb5fefec5a8d3a366dab8b0877e40f0a8,0,0.0,e5e5f0b87bf4f0fa,64,auto_labeled_pending_review
images/train/cctv052x2004080611x01895_8e528641a0_f0000005_t0000000500.jpg,train,D:\Users\L1\Downloads\archive\video\cctv052x2004080611x01895.avi,8e528641a08ec9eb7ee64e0c88623febb5fefec5a8d3a366dab8b0877e40f0a8,5,0.5,f2169c3570f0f8fa,23,auto_labeled_pending_review
images/train/cctv052x2004080611x01895_8e528641a0_f0000035_t0000003500.jpg,train,D:\Users\L1\Downloads\archive\video\cctv052x2004080611x01895.avi,8e528641a08ec9eb7ee64e0c88623febb5fefec5a8d3a366dab8b0877e40f0a8,35,3.5,f2169c3178f1f1f8,6,auto_labeled_pending_review
images/train/cctv052x2004080611x01895_8e528641a0_f0000045_t0000004500.jpg,train,D:\Users\L1\Downloads\archive\video\cctv052x2004080611x01895.avi,8e528641a08ec9eb7ee64e0c88623febb5fefec5a8d3a366dab8b0877e40f0a8,45,4.5,f2169c3870f3f3fb,7,auto_labeled_pending_review
images/train/cctv052x2004080616x00050_ef2af7a54d_f0000000_t0000000000.jpg,train,D:\Users\L1\Downloads\archive\video\cctv052x2004080616x00050.avi,ef2af7a54deeb8ea31055ca466290aceb732c6baeeeb3da121898c447c627bf1,0,0.0,f2823c307a7871f9,64,auto_labeled_pending_review
images/train/cctv052x2004080616x00050_ef2af7a54d_f0000005_t0000000500.jpg,train,D:\Users\L1\Downloads\archive\video\cctv052x2004080616x00050.avi,ef2af7a54deeb8ea31055ca466290aceb732c6baeeeb3da121898c447c627bf1,5,0.5,f2863c307afff2eb,10,auto_labeled_pending_review
images/train/cctv052x2004080616x00050_ef2af7a54d_f0000010_t0000001000.jpg,train,D:\Users\L1\Downloads\archive\video\cctv052x2004080616x00050.avi,ef2af7a54deeb8ea31055ca466290aceb732c6baeeeb3da121898c447c627bf1,10,1.0,f2863c3070f7eaf3,7,auto_labeled_pending_review
images/train/cctv052x2004080616x00050_ef2af7a54d_f0000015_t0000001500.jpg,train,D:\Users\L1\Downloads\archive\video\cctv052x2004080616x00050.avi,ef2af7a54deeb8ea31055ca466290aceb732c6baeeeb3da121898c447c627bf1,15,1.5,f2863c3074f6f2f9,6,auto_labeled_pending_review
images/train/cctv052x2004080616x00050_ef2af7a54d_f0000025_t0000002500.jpg,train,D:\Users\L1\Downloads\archive\video\cctv052x2004080616x00050.avi,ef2af7a54deeb8ea31055ca466290aceb732c6baeeeb3da121898c447c627bf1,25,2.5,f2863c3874f5f1eb,7,auto_labeled_pending_review
images/train/cctv052x2004080616x00050_ef2af7a54d_f0000035_t0000003500.jpg,train,D:\Users\L1\Downloads\archive\video\cctv052x2004080616x00050.avi,ef2af7a54deeb8ea31055ca466290aceb732c6baeeeb3da121898c447c627bf1,35,3.5,f2863c3c7ef3e9f9,9,auto_labeled_pending_review
images/train/cctv052x2004080616x00050_ef2af7a54d_f0000045_t0000004500.jpg,train,D:\Users\L1\Downloads\archive\video\cctv052x2004080616x00050.avi,ef2af7a54deeb8ea31055ca466290aceb732c6baeeeb3da121898c447c627bf1,45,4.5,f2863c3872e3f8fa,8,auto_labeled_pending_review
images/train/cctv052x2004080519x01683_6bd83d6dee_f0000000_t0000000000.jpg,train,D:\Users\L1\Downloads\archive\video\cctv052x2004080519x01683.avi,6bd83d6deeb86b2bb4209597b387098eaa21b13aa7282f838005b3337194a735,0,0.0,d8829c3978faf8fb,64,auto_labeled_pending_review
images/train/cctv052x2004080519x01683_6bd83d6dee_f0000005_t0000000500.jpg,train,D:\Users\L1\Downloads\archive\video\cctv052x2004080519x01683.avi,6bd83d6deeb86b2bb4209597b387098eaa21b13aa7282f838005b3337194a735,5,0.5,f29e983978f0f2f8,13,auto_labeled_pending_review
images/train/cctv052x2004080519x01683_6bd83d6dee_f0000045_t0000004500.jpg,train,D:\Users\L1\Downloads\archive\video\cctv052x2004080519x01683.avi,6bd83d6deeb86b2bb4209597b387098eaa21b13aa7282f838005b3337194a735,45,4.5,f21e9c3978f9f8f8,6,auto_labeled_pending_review
images/train/cctv052x2004080610x01887_83255ea5da_f0000000_t0000000000.jpg,train,D:\Users\L1\Downloads\archive\video\cctv052x2004080610x01887.avi,83255ea5dad71b4e39346913f8ed4feaddd6276ece1968cbd5941c665d4fed76,0,0.0,65169c3572f2f3fb,64,auto_labeled_pending_review
images/train/cctv052x2004080610x01887_83255ea5da_f0000005_t0000000500.jpg,train,D:\Users\L1\Downloads\archive\video\cctv052x2004080610x01887.avi,83255ea5dad71b4e39346913f8ed4feaddd6276ece1968cbd5941c665d4fed76,5,0.5,f2169c3572f2f0fa,8,auto_labeled_pending_review
images/train/cctv052x2004080610x01887_83255ea5da_f0000010_t0000001000.jpg,train,D:\Users\L1\Downloads\archive\video\cctv052x2004080610x01887.avi,83255ea5dad71b4e39346913f8ed4feaddd6276ece1968cbd5941c665d4fed76,10,1.0,f216983174f4f0fa,6,auto_labeled_pending_review
images/train/cctv052x2004080610x01887_83255ea5da_f0000020_t0000002000.jpg,train,D:\Users\L1\Downloads\archive\video\cctv052x2004080610x01887.avi,83255ea5dad71b4e39346913f8ed4feaddd6276ece1968cbd5941c665d4fed76,20,2.0,f2169c3570f1f5f9,9,auto_labeled_pending_review
images/train/cctv052x2004080610x01887_83255ea5da_f0000030_t0000003000.jpg,train,D:\Users\L1\Downloads\archive\video\cctv052x2004080610x01887.avi,83255ea5dad71b4e39346913f8ed4feaddd6276ece1968cbd5941c665d4fed76,30,3.0,f216bc3172f2f0f9,7,auto_labeled_pending_review
images/train/cctv052x2004080610x01887_83255ea5da_f0000035_t0000003500.jpg,train,D:\Users\L1\Downloads\archive\video\cctv052x2004080610x01887.avi,83255ea5dad71b4e39346913f8ed4feaddd6276ece1968cbd5941c665d4fed76,35,3.5,f2169c317af0fbfa,8,auto_labeled_pending_review
images/train/cctv052x2004080610x01887_83255ea5da_f0000040_t0000004000.jpg,train,D:\Users\L1\Downloads\archive\video\cctv052x2004080610x01887.avi,83255ea5dad71b4e39346913f8ed4feaddd6276ece1968cbd5941c665d4fed76,40,4.0,f2169c3170f3f1f9,8,auto_labeled_pending_review
images/train/cctv052x2004080610x01887_83255ea5da_f0000045_t0000004500.jpg,train,D:\Users\L1\Downloads\archive\video\cctv052x2004080610x01887.avi,83255ea5dad71b4e39346913f8ed4feaddd6276ece1968cbd5941c665d4fed76,45,4.5,f2169c3174f2f8fa,6,auto_labeled_pending_review
images/train/cctv052x2004080610x01887_83255ea5da_f0000050_t0000005000.jpg,train,D:\Users\L1\Downloads\archive\video\cctv052x2004080610x01887.avi,83255ea5dad71b4e39346913f8ed4feaddd6276ece1968cbd5941c665d4fed76,50,5.0,f2169c3172f0f4f8,6,auto_labeled_pending_review
images/train/cctv052x2004080616x00057_e5f6285f46_f0000000_t0000000000.jpg,train,D:\Users\L1\Downloads\archive\video\cctv052x2004080616x00057.avi,e5f6285f461ae9ee462eb0569ef5455b6488356686e6eb8a5302ce3e153e507e,0,0.0,91563a3a72f9ebfb,64,auto_labeled_pending_review
images/train/cctv052x2004080616x00057_e5f6285f46_f0000005_t0000000500.jpg,train,D:\Users\L1\Downloads\archive\video\cctv052x2004080616x00057.avi,e5f6285f461ae9ee462eb0569ef5455b6488356686e6eb8a5302ce3e153e507e,5,0.5,f2be3a387af9f5fb,14,auto_labeled_pending_review
images/train/cctv052x2004080616x00057_e5f6285f46_f0000025_t0000002500.jpg,train,D:\Users\L1\Downloads\archive\video\cctv052x2004080616x00057.avi,e5f6285f461ae9ee462eb0569ef5455b6488356686e6eb8a5302ce3e153e507e,25,2.5,f2be3a3c72f3fbfd,9,auto_labeled_pending_review
images/train/cctv052x2004080616x00057_e5f6285f46_f0000045_t0000004500.jpg,train,D:\Users\L1\Downloads\archive\video\cctv052x2004080616x00057.avi,e5f6285f461ae9ee462eb0569ef5455b6488356686e6eb8a5302ce3e153e507e,45,4.5,f2be3a3072fbf1f9,6,auto_labeled_pending_review
images/train/cctv052x2004080616x00057_e5f6285f46_f0000050_t0000005000.jpg,train,D:\Users\L1\Downloads\archive\video\cctv052x2004080616x00057.avi,e5f6285f461ae9ee462eb0569ef5455b6488356686e6eb8a5302ce3e153e507e,50,5.0,fa9e3a3872fff1ec,7,auto_labeled_pending_review
images/train/cctv052x2004080518x01668_8f5c11d46c_f0000000_t0000000000.jpg,train,D:\Users\L1\Downloads\archive\video\cctv052x2004080518x01668.avi,8f5c11d46c3e697199849ec7eafb3952ad57fec91db80e1491b5a7ce65cddf49,0,0.0,d4829c3b75f1f0e9,64,auto_labeled_pending_review
images/train/cctv052x2004080518x01668_8f5c11d46c_f0000005_t0000000500.jpg,train,D:\Users\L1\Downloads\archive\video\cctv052x2004080518x01668.avi,8f5c11d46c3e697199849ec7eafb3952ad57fec91db80e1491b5a7ce65cddf49,5,0.5,f21e9e3b75f1fcf9,11,auto_labeled_pending_review
images/train/cctv052x2004080518x01668_8f5c11d46c_f0000010_t0000001000.jpg,train,D:\Users\L1\Downloads\archive\video\cctv052x2004080518x01668.avi,8f5c11d46c3e697199849ec7eafb3952ad57fec91db80e1491b5a7ce65cddf49,10,1.0,f21e9e3b75f2e8f2,7,auto_labeled_pending_review
images/train/cctv052x2004080518x01668_8f5c11d46c_f0000025_t0000002500.jpg,train,D:\Users\L1\Downloads\archive\video\cctv052x2004080518x01668.avi,8f5c11d46c3e697199849ec7eafb3952ad57fec91db80e1491b5a7ce65cddf49,25,2.5,f21e9e3379f9f2f2,9,auto_labeled_pending_review
images/train/cctv052x2004080518x01668_8f5c11d46c_f0000035_t0000003500.jpg,train,D:\Users\L1\Downloads\archive\video\cctv052x2004080518x01668.avi,8f5c11d46c3e697199849ec7eafb3952ad57fec91db80e1491b5a7ce65cddf49,35,3.5,f21e9e3b72f9f8f8,8,auto_labeled_pending_review
images/train/cctv052x2004080607x01838_e85e636b89_f0000000_t0000000000.jpg,train,D:\Users\L1\Downloads\archive\video\cctv052x2004080607x01838.avi,e85e636b89edc69b675243a1d73d4763e70b06c52d80a0abe0071181b71e9299,0,0.0,f2169c3179f2f4f8,64,auto_labeled_pending_review
images/train/cctv052x2004080607x01838_e85e636b89_f0000005_t0000000500.jpg,train,D:\Users\L1\Downloads\archive\video\cctv052x2004080607x01838.avi,e85e636b89edc69b675243a1d73d4763e70b06c52d80a0abe0071181b71e9299,5,0.5,f2169c31f1f6f8ee,8,auto_labeled_pending_review
images/train/cctv052x2004080607x01838_e85e636b89_f0000010_t0000001000.jpg,train,D:\Users\L1\Downloads\archive\video\cctv052x2004080607x01838.avi,e85e636b89edc69b675243a1d73d4763e70b06c52d80a0abe0071181b71e9299,10,1.0,f2169c31f5f8effa,10,auto_labeled_pending_review
images/train/cctv052x2004080607x01838_e85e636b89_f0000015_t0000001500.jpg,train,D:\Users\L1\Downloads\archive\video\cctv052x2004080607x01838.avi,e85e636b89edc69b675243a1d73d4763e70b06c52d80a0abe0071181b71e9299,15,1.5,f2169c3975fff1f8,10,auto_labeled_pending_review
images/train/cctv052x2004080607x01838_e85e636b89_f0000020_t0000002000.jpg,train,D:\Users\L1\Downloads\archive\video\cctv052x2004080607x01838.avi,e85e636b89edc69b675243a1d73d4763e70b06c52d80a0abe0071181b71e9299,20,2.0,f2169e357ef2f1f9,10,auto_labeled_pending_review
images/train/cctv052x2004080607x01838_e85e636b89_f0000025_t0000002500.jpg,train,D:\Users\L1\Downloads\archive\video\cctv052x2004080607x01838.avi,e85e636b89edc69b675243a1d73d4763e70b06c52d80a0abe0071181b71e9299,25,2.5,f2169e35fcf2f2fa,6,auto_labeled_pending_review
images/train/cctv052x2004080607x01838_e85e636b89_f0000030_t0000003000.jpg,train,D:\Users\L1\Downloads\archive\video\cctv052x2004080607x01838.avi,e85e636b89edc69b675243a1d73d4763e70b06c52d80a0abe0071181b71e9299,30,3.0,f2169e3df1f2f1fa,6,auto_labeled_pending_review
images/train/cctv052x2004080607x01838_e85e636b89_f0000045_t0000004500.jpg,train,D:\Users\L1\Downloads\archive\video\cctv052x2004080607x01838.avi,e85e636b89edc69b675243a1d73d4763e70b06c52d80a0abe0071181b71e9299,45,4.5,f2169e31f6f4f0fa,8,auto_labeled_pending_review
images/train/cctv052x2004080609x01876_d4f34caa92_f0000000_t0000000000.jpg,train,D:\Users\L1\Downloads\archive\video\cctv052x2004080609x01876.avi,d4f34caa921852ef2246deee8cb7e85a098f9b82677d3928c9c2a5e517bf27d7,0,0.0,e5649c3974f0f8fb,64,auto_labeled_pending_review
images/train/cctv052x2004080609x01876_d4f34caa92_f0000005_t0000000500.jpg,train,D:\Users\L1\Downloads\archive\video\cctv052x2004080609x01876.avi,d4f34caa921852ef2246deee8cb7e85a098f9b82677d3928c9c2a5e517bf27d7,5,0.5,e616983974f8f8fa,9,auto_labeled_pending_review
images/train/cctv052x2004080609x01876_d4f34caa92_f0000015_t0000001500.jpg,train,D:\Users\L1\Downloads\archive\video\cctv052x2004080609x01876.avi,d4f34caa921852ef2246deee8cb7e85a098f9b82677d3928c9c2a5e517bf27d7,15,1.5,e6169c3970f4f8f9,6,auto_labeled_pending_review
images/train/cctv052x2004080609x01876_d4f34caa92_f0000025_t0000002500.jpg,train,D:\Users\L1\Downloads\archive\video\cctv052x2004080609x01876.avi,d4f34caa921852ef2246deee8cb7e85a098f9b82677d3928c9c2a5e517bf27d7,25,2.5,e6169c3974fafafa,7,auto_labeled_pending_review
images/train/cctv052x2004080609x01876_d4f34caa92_f0000030_t0000003000.jpg,train,D:\Users\L1\Downloads\archive\video\cctv052x2004080609x01876.avi,d4f34caa921852ef2246deee8cb7e85a098f9b82677d3928c9c2a5e517bf27d7,30,3.0,e6169c3170f0f8fb,6,auto_labeled_pending_review
images/train/cctv052x2004080611x01903_355058761b_f0000000_t0000000000.jpg,train,D:\Users\L1\Downloads\archive\video\cctv052x2004080611x01903.avi,355058761bfe1ab6f48b9f099653887f97fed3b7dc9169a4633e1400707b5ba5,0,0.0,e5e4bc3474f2f1f5,64,auto_labeled_pending_review
images/train/cctv052x2004080611x01903_355058761b_f0000005_t0000000500.jpg,train,D:\Users\L1\Downloads\archive\video\cctv052x2004080611x01903.avi,355058761bfe1ab6f48b9f099653887f97fed3b7dc9169a4633e1400707b5ba5,5,0.5,f216bc3474f2f0f9,12,auto_labeled_pending_review
images/train/cctv052x2004080611x01903_355058761b_f0000015_t0000001500.jpg,train,D:\Users\L1\Downloads\archive\video\cctv052x2004080611x01903.avi,355058761bfe1ab6f48b9f099653887f97fed3b7dc9169a4633e1400707b5ba5,15,1.5,f616bc3478f8f2fa,8,auto_labeled_pending_review
images/train/cctv052x2004080611x01903_355058761b_f0000030_t0000003000.jpg,train,D:\Users\L1\Downloads\archive\video\cctv052x2004080611x01903.avi,355058761bfe1ab6f48b9f099653887f97fed3b7dc9169a4633e1400707b5ba5,30,3.0,f616bc3078f4f5f8,7,auto_labeled_pending_review
images/train/cctv052x2004080611x01903_355058761b_f0000035_t0000003500.jpg,train,D:\Users\L1\Downloads\archive\video\cctv052x2004080611x01903.avi,355058761bfe1ab6f48b9f099653887f97fed3b7dc9169a4633e1400707b5ba5,35,3.5,f616bc3074f5f9fa,6,auto_labeled_pending_review
images/train/cctv052x2004080611x01903_355058761b_f0000040_t0000004000.jpg,train,D:\Users\L1\Downloads\archive\video\cctv052x2004080611x01903.avi,355058761bfe1ab6f48b9f099653887f97fed3b7dc9169a4633e1400707b5ba5,40,4.0,f616bc387afaf5f5,14,auto_labeled_pending_review
images/train/cctv052x2004080611x01903_355058761b_f0000045_t0000004500.jpg,train,D:\Users\L1\Downloads\archive\video\cctv052x2004080611x01903.avi,355058761bfe1ab6f48b9f099653887f97fed3b7dc9169a4633e1400707b5ba5,45,4.5,f616bc3878f4f8f8,10,auto_labeled_pending_review
images/train/cctv052x2004080517x01660_c9787f4d4c_f0000000_t0000000000.jpg,train,D:\Users\L1\Downloads\archive\video\cctv052x2004080517x01660.avi,c9787f4d4cebdc7f4b4d57193c1aa3124bbe1f55e41f1def735fe65fe8815562,0,0.0,fe9ebc3479f3ce78,64,auto_labeled_pending_review
images/train/cctv052x2004080517x01660_c9787f4d4c_f0000005_t0000000500.jpg,train,D:\Users\L1\Downloads\archive\video\cctv052x2004080517x01660.avi,c9787f4d4cebdc7f4b4d57193c1aa3124bbe1f55e41f1def735fe65fe8815562,5,0.5,f29ebc3479f6ccf9,7,auto_labeled_pending_review
images/train/cctv052x2004080517x01660_c9787f4d4c_f0000015_t0000001500.jpg,train,D:\Users\L1\Downloads\archive\video\cctv052x2004080517x01660.avi,c9787f4d4cebdc7f4b4d57193c1aa3124bbe1f55e41f1def735fe65fe8815562,15,1.5,f29ebc3471f4f9f8,7,auto_labeled_pending_review
images/train/cctv052x2004080517x01660_c9787f4d4c_f0000025_t0000002500.jpg,train,D:\Users\L1\Downloads\archive\video\cctv052x2004080517x01660.avi,c9787f4d4cebdc7f4b4d57193c1aa3124bbe1f55e41f1def735fe65fe8815562,25,2.5,f29ebc3c75fdf9ec,6,auto_labeled_pending_review
images/train/cctv052x2004080517x01660_c9787f4d4c_f0000035_t0000003500.jpg,train,D:\Users\L1\Downloads\archive\video\cctv052x2004080517x01660.avi,c9787f4d4cebdc7f4b4d57193c1aa3124bbe1f55e41f1def735fe65fe8815562,35,3.5,f29ebc3c75f8f8cf,6,auto_labeled_pending_review
images/train/cctv052x2004080517x01660_c9787f4d4c_f0000050_t0000005000.jpg,train,D:\Users\L1\Downloads\archive\video\cctv052x2004080517x01660.avi,c9787f4d4cebdc7f4b4d57193c1aa3124bbe1f55e41f1def735fe65fe8815562,50,5.0,f29ebc387dfacfec,11,auto_labeled_pending_review
images/train/cctv052x2004080610x01884_ea5804dea1_f0000000_t0000000000.jpg,train,D:\Users\L1\Downloads\archive\video\cctv052x2004080610x01884.avi,ea5804dea1b2467f041a34eab12bf464ff9087b6164676f61db1458f8ba7632a,0,0.0,e656bc39707f7ff8,64,auto_labeled_pending_review
images/train/cctv052x2004080610x01884_ea5804dea1_f0000005_t0000000500.jpg,train,D:\Users\L1\Downloads\archive\video\cctv052x2004080610x01884.avi,ea5804dea1b2467f041a34eab12bf464ff9087b6164676f61db1458f8ba7632a,5,0.5,e6569c3978f8f8fa,11,auto_labeled_pending_review
images/train/cctv052x2004080610x01884_ea5804dea1_f0000030_t0000003000.jpg,train,D:\Users\L1\Downloads\archive\video\cctv052x2004080610x01884.avi,ea5804dea1b2467f041a34eab12bf464ff9087b6164676f61db1458f8ba7632a,30,3.0,e6569c3972f6fcfa,6,auto_labeled_pending_review
images/train/cctv052x2004080610x01884_ea5804dea1_f0000035_t0000003500.jpg,train,D:\Users\L1\Downloads\archive\video\cctv052x2004080610x01884.avi,ea5804dea1b2467f041a34eab12bf464ff9087b6164676f61db1458f8ba7632a,35,3.5,e656983174f8f4f8,9,auto_labeled_pending_review
images/train/cctv052x2004080610x01884_ea5804dea1_f0000045_t0000004500.jpg,train,D:\Users\L1\Downloads\archive\video\cctv052x2004080610x01884.avi,ea5804dea1b2467f041a34eab12bf464ff9087b6164676f61db1458f8ba7632a,45,4.5,e656983575f1f1fa,7,auto_labeled_pending_review
images/train/cctv052x2004080616x00052_b36b8751f0_f0000000_t0000000000.jpg,train,D:\Users\L1\Downloads\archive\video\cctv052x2004080616x00052.avi,b36b8751f07d03f48cb542754a7ad3bea724f0c6ca6beaf427b8f9c1dc92d354,0,0.0,92123c3c7aedf978,64,auto_labeled_pending_review
images/train/cctv052x2004080616x00052_b36b8751f0_f0000005_t0000000500.jpg,train,D:\Users\L1\Downloads\archive\video\cctv052x2004080616x00052.avi,b36b8751f07d03f48cb542754a7ad3bea724f0c6ca6beaf427b8f9c1dc92d354,5,0.5,f2863c3c7aeff972,8,auto_labeled_pending_review
images/train/cctv052x2004080616x00052_b36b8751f0_f0000010_t0000001000.jpg,train,D:\Users\L1\Downloads\archive\video\cctv052x2004080616x00052.avi,b36b8751f07d03f48cb542754a7ad3bea724f0c6ca6beaf427b8f9c1dc92d354,10,1.0,f2863c347afbf175,7,auto_labeled_pending_review
images/train/cctv052x2004080616x00052_b36b8751f0_f0000015_t0000001500.jpg,train,D:\Users\L1\Downloads\archive\video\cctv052x2004080616x00052.avi,b36b8751f07d03f48cb542754a7ad3bea724f0c6ca6beaf427b8f9c1dc92d354,15,1.5,f286bc347af9f569,6,auto_labeled_pending_review
images/train/cctv052x2004080616x00052_b36b8751f0_f0000025_t0000002500.jpg,train,D:\Users\L1\Downloads\archive\video\cctv052x2004080616x00052.avi,b36b8751f07d03f48cb542754a7ad3bea724f0c6ca6beaf427b8f9c1dc92d354,25,2.5,f286bc347ef4ea76,14,auto_labeled_pending_review
images/train/cctv052x2004080616x00052_b36b8751f0_f0000030_t0000003000.jpg,train,D:\Users\L1\Downloads\archive\video\cctv052x2004080616x00052.avi,b36b8751f07d03f48cb542754a7ad3bea724f0c6ca6beaf427b8f9c1dc92d354,30,3.0,f286bc3476faf67a,9,auto_labeled_pending_review
images/train/cctv052x2004080616x00052_b36b8751f0_f0000040_t0000004000.jpg,train,D:\Users\L1\Downloads\archive\video\cctv052x2004080616x00052.avi,b36b8751f07d03f48cb542754a7ad3bea724f0c6ca6beaf427b8f9c1dc92d354,40,4.0,f286bc3472f4fc6e,8,auto_labeled_pending_review
images/train/cctv052x2004080616x00052_b36b8751f0_f0000050_t0000005000.jpg,train,D:\Users\L1\Downloads\archive\video\cctv052x2004080616x00052.avi,b36b8751f07d03f48cb542754a7ad3bea724f0c6ca6beaf427b8f9c1dc92d354,50,5.0,f2863e3478fdec75,11,auto_labeled_pending_review
images/train/cctv052x2004080617x00070_c8fd949c90_f0000000_t0000000000.jpg,train,D:\Users\L1\Downloads\archive\video\cctv052x2004080617x00070.avi,c8fd949c907da42c509ea1872c39e7ff3ffb0c5d04f7d7e3de30903d52ea5f3e,0,0.0,9257a54d5d3cecf9,64,auto_labeled_pending_review
images/train/cctv052x2004080617x00070_c8fd949c90_f0000005_t0000000500.jpg,train,D:\Users\L1\Downloads\archive\video\cctv052x2004080617x00070.avi,c8fd949c907da42c509ea1872c39e7ff3ffb0c5d04f7d7e3de30903d52ea5f3e,5,0.5,f2969a3570f1f8f9,26,auto_labeled_pending_review
images/train/cctv052x2004080617x00070_c8fd949c90_f0000010_t0000001000.jpg,train,D:\Users\L1\Downloads\archive\video\cctv052x2004080617x00070.avi,c8fd949c907da42c509ea1872c39e7ff3ffb0c5d04f7d7e3de30903d52ea5f3e,10,1.0,f2969a3574f9faee,7,auto_labeled_pending_review
images/train/cctv052x2004080617x00070_c8fd949c90_f0000015_t0000001500.jpg,train,D:\Users\L1\Downloads\archive\video\cctv052x2004080617x00070.avi,c8fd949c907da42c509ea1872c39e7ff3ffb0c5d04f7d7e3de30903d52ea5f3e,15,1.5,f2969a3174fbfaf9,6,auto_labeled_pending_review
images/train/cctv052x2004080617x00070_c8fd949c90_f0000020_t0000002000.jpg,train,D:\Users\L1\Downloads\archive\video\cctv052x2004080617x00070.avi,c8fd949c907da42c509ea1872c39e7ff3ffb0c5d04f7d7e3de30903d52ea5f3e,20,2.0,f2969a357af8f9f8,9,auto_labeled_pending_review
images/train/cctv052x2004080617x00070_c8fd949c90_f0000030_t0000003000.jpg,train,D:\Users\L1\Downloads\archive\video\cctv052x2004080617x00070.avi,c8fd949c907da42c509ea1872c39e7ff3ffb0c5d04f7d7e3de30903d52ea5f3e,30,3.0,f29e9e3578f9f3f9,7,auto_labeled_pending_review
images/train/cctv052x2004080617x00070_c8fd949c90_f0000040_t0000004000.jpg,train,D:\Users\L1\Downloads\archive\video\cctv052x2004080617x00070.avi,c8fd949c907da42c509ea1872c39e7ff3ffb0c5d04f7d7e3de30903d52ea5f3e,40,4.0,f29e9e3170f5f1fa,7,auto_labeled_pending_review
images/train/cctv052x2004080617x00070_c8fd949c90_f0000050_t0000005000.jpg,train,D:\Users\L1\Downloads\archive\video\cctv052x2004080617x00070.avi,c8fd949c907da42c509ea1872c39e7ff3ffb0c5d04f7d7e3de30903d52ea5f3e,50,5.0,f29e9e3176f2f2f9,9,auto_labeled_pending_review
images/train/cctv052x2004080612x01911_0d9b50b657_f0000000_t0000000000.jpg,train,D:\Users\L1\Downloads\archive\video\cctv052x2004080612x01911.avi,0d9b50b657ef9bf4d344e9e6881791f10c490343943856d72bb452cca96ab054,0,0.0,f656983478f97df8,64,auto_labeled_pending_review
images/train/cctv052x2004080612x01911_0d9b50b657_f0000010_t0000001000.jpg,train,D:\Users\L1\Downloads\archive\video\cctv052x2004080612x01911.avi,0d9b50b657ef9bf4d344e9e6881791f10c490343943856d72bb452cca96ab054,10,1.0,f656983c72f8f0fa,9,auto_labeled_pending_review
images/train/cctv052x2004080612x01911_0d9b50b657_f0000020_t0000002000.jpg,train,D:\Users\L1\Downloads\archive\video\cctv052x2004080612x01911.avi,0d9b50b657ef9bf4d344e9e6881791f10c490343943856d72bb452cca96ab054,20,2.0,f6569c3078f8f8f9,8,auto_labeled_pending_review
images/train/cctv052x2004080612x01911_0d9b50b657_f0000035_t0000003500.jpg,train,D:\Users\L1\Downloads\archive\video\cctv052x2004080612x01911.avi,0d9b50b657ef9bf4d344e9e6881791f10c490343943856d72bb452cca96ab054,35,3.5,e6569c3074f0f0fa,7,auto_labeled_pending_review
images/train/cctv052x2004080615x00030_67743246c5_f0000000_t0000000000.jpg,train,D:\Users\L1\Downloads\archive\video\cctv052x2004080615x00030.avi,67743246c55c1fcaa5f3203ab0ab09593d9d7d2598d033101f084a3c75fbfa3e,0,0.0,9232b50d19f6eefb,64,auto_labeled_pending_review
images/train/cctv052x2004080615x00030_67743246c5_f0000005_t0000000500.jpg,train,D:\Users\L1\Downloads\archive\video\cctv052x2004080615x00030.avi,67743246c55c1fcaa5f3203ab0ab09593d9d7d2598d033101f084a3c75fbfa3e,5,0.5,f2169e3771f4fefc,20,auto_labeled_pending_review
images/train/cctv052x2004080615x00030_67743246c5_f0000010_t0000001000.jpg,train,D:\Users\L1\Downloads\archive\video\cctv052x2004080615x00030.avi,67743246c55c1fcaa5f3203ab0ab09593d9d7d2598d033101f084a3c75fbfa3e,10,1.0,f2169e3379fcf0fc,6,auto_labeled_pending_review
images/train/cctv052x2004080615x00030_67743246c5_f0000030_t0000003000.jpg,train,D:\Users\L1\Downloads\archive\video\cctv052x2004080615x00030.avi,67743246c55c1fcaa5f3203ab0ab09593d9d7d2598d033101f084a3c75fbfa3e,30,3.0,f2169e3b79f9fafa,7,auto_labeled_pending_review
images/train/cctv052x2004080615x00030_67743246c5_f0000040_t0000004000.jpg,train,D:\Users\L1\Downloads\archive\video\cctv052x2004080615x00030.avi,67743246c55c1fcaa5f3203ab0ab09593d9d7d2598d033101f084a3c75fbfa3e,40,4.0,f2169e3b79f2f8e9,7,auto_labeled_pending_review
images/train/cctv052x2004080615x00030_67743246c5_f0000050_t0000005000.jpg,train,D:\Users\L1\Downloads\archive\video\cctv052x2004080615x00030.avi,67743246c55c1fcaa5f3203ab0ab09593d9d7d2598d033101f084a3c75fbfa3e,50,5.0,f2169e3b73f5e9fb,9,auto_labeled_pending_review
images/train/cctv052x2004080606x01826_b15b85681c_f0000000_t0000000000.jpg,train,D:\Users\L1\Downloads\archive\video\cctv052x2004080606x01826.avi,b15b85681c9e3c2c24392bff0ebd9e6fc4ce2038923787d78629e8a3efdeb486,0,0.0,d68a943479f8f8fa,64,auto_labeled_pending_review
images/train/cctv052x2004080606x01826_b15b85681c_f0000005_t0000000500.jpg,train,D:\Users\L1\Downloads\archive\video\cctv052x2004080606x01826.avi,b15b85681c9e3c2c24392bff0ebd9e6fc4ce2038923787d78629e8a3efdeb486,5,0.5,f2169c3478f8f8fa,8,auto_labeled_pending_review
images/train/cctv052x2004080606x01826_b15b85681c_f0000010_t0000001000.jpg,train,D:\Users\L1\Downloads\archive\video\cctv052x2004080606x01826.avi,b15b85681c9e3c2c24392bff0ebd9e6fc4ce2038923787d78629e8a3efdeb486,10,1.0,f2169c3179f9f5fa,7,auto_labeled_pending_review
images/train/cctv052x2004080606x01826_b15b85681c_f0000015_t0000001500.jpg,train,D:\Users\L1\Downloads\archive\video\cctv052x2004080606x01826.avi,b15b85681c9e3c2c24392bff0ebd9e6fc4ce2038923787d78629e8a3efdeb486,15,1.5,f2169c3078f4f8fa,8,auto_labeled_pending_review
images/train/cctv052x2004080606x01826_b15b85681c_f0000025_t0000002500.jpg,train,D:\Users\L1\Downloads\archive\video\cctv052x2004080606x01826.avi,b15b85681c9e3c2c24392bff0ebd9e6fc4ce2038923787d78629e8a3efdeb486,25,2.5,f2069c307af8f9f9,7,auto_labeled_pending_review
images/train/cctv052x2004080606x01826_b15b85681c_f0000030_t0000003000.jpg,train,D:\Users\L1\Downloads\archive\video\cctv052x2004080606x01826.avi,b15b85681c9e3c2c24392bff0ebd9e6fc4ce2038923787d78629e8a3efdeb486,30,3.0,f2169c3078faf3f2,8,auto_labeled_pending_review
images/train/cctv052x2004080606x01826_b15b85681c_f0000035_t0000003500.jpg,train,D:\Users\L1\Downloads\archive\video\cctv052x2004080606x01826.avi,b15b85681c9e3c2c24392bff0ebd9e6fc4ce2038923787d78629e8a3efdeb486,35,3.5,f2169c3878f6f4fa,7,auto_labeled_pending_review
images/train/cctv052x2004080606x01826_b15b85681c_f0000040_t0000004000.jpg,train,D:\Users\L1\Downloads\archive\video\cctv052x2004080606x01826.avi,b15b85681c9e3c2c24392bff0ebd9e6fc4ce2038923787d78629e8a3efdeb486,40,4.0,f216983874f4f8fa,6,auto_labeled_pending_review
images/train/cctv052x2004080606x01826_b15b85681c_f0000050_t0000005000.jpg,train,D:\Users\L1\Downloads\archive\video\cctv052x2004080606x01826.avi,b15b85681c9e3c2c24392bff0ebd9e6fc4ce2038923787d78629e8a3efdeb486,50,5.0,f216983478f8f8fa,6,auto_labeled_pending_review
images/train/cctv052x2004080610x01883_ee2d86a003_f0000000_t0000000000.jpg,train,D:\Users\L1\Downloads\archive\video\cctv052x2004080610x01883.avi,ee2d86a003aac137e4c26df0ee019eafc7bccdbc3a41038c709d879372799828,0,0.0,e5e1b83978f4f4f9,64,auto_labeled_pending_review
images/train/cctv052x2004080610x01883_ee2d86a003_f0000005_t0000000500.jpg,train,D:\Users\L1\Downloads\archive\video\cctv052x2004080610x01883.avi,ee2d86a003aac137e4c26df0ee019eafc7bccdbc3a41038c709d879372799828,5,0.5,f616bc3978f4f0fb,13,auto_labeled_pending_review
images/train/cctv052x2004080610x01883_ee2d86a003_f0000035_t0000003500.jpg,train,D:\Users\L1\Downloads\archive\video\cctv052x2004080610x01883.avi,ee2d86a003aac137e4c26df0ee019eafc7bccdbc3a41038c709d879372799828,35,3.5,f616b83970f9fafa,8,auto_labeled_pending_review
images/train/cctv052x2004080610x01883_ee2d86a003_f0000045_t0000004500.jpg,train,D:\Users\L1\Downloads\archive\video\cctv052x2004080610x01883.avi,ee2d86a003aac137e4c26df0ee019eafc7bccdbc3a41038c709d879372799828,45,4.5,f616b83978f4f4fa,7,auto_labeled_pending_review
images/train/cctv052x2004080610x01883_ee2d86a003_f0000050_t0000005000.jpg,train,D:\Users\L1\Downloads\archive\video\cctv052x2004080610x01883.avi,ee2d86a003aac137e4c26df0ee019eafc7bccdbc3a41038c709d879372799828,50,5.0,f61eb83974f4f8f9,7,auto_labeled_pending_review
images/train/cctv052x2004080612x00005_c84dfbce99_f0000000_t0000000000.jpg,train,D:\Users\L1\Downloads\archive\video\cctv052x2004080612x00005.avi,c84dfbce9997262e462c9ace15e0df7640ad18879050e68397b6eb12955b2535,0,0.0,65e7b03472f2fafa,64,auto_labeled_pending_review
images/train/cctv052x2004080612x00005_c84dfbce99_f0000005_t0000000500.jpg,train,D:\Users\L1\Downloads\archive\video\cctv052x2004080612x00005.avi,c84dfbce9997262e462c9ace15e0df7640ad18879050e68397b6eb12955b2535,5,0.5,e616bc3472f2f9f9,14,auto_labeled_pending_review
images/train/cctv052x2004080612x00005_c84dfbce99_f0000015_t0000001500.jpg,train,D:\Users\L1\Downloads\archive\video\cctv052x2004080612x00005.avi,c84dfbce9997262e462c9ace15e0df7640ad18879050e68397b6eb12955b2535,15,1.5,e616b83474f2f1f7,7,auto_labeled_pending_review
images/train/cctv052x2004080612x00005_c84dfbce99_f0000020_t0000002000.jpg,train,D:\Users\L1\Downloads\archive\video\cctv052x2004080612x00005.avi,c84dfbce9997262e462c9ace15e0df7640ad18879050e68397b6eb12955b2535,20,2.0,e616b83476f1fcfb,8,auto_labeled_pending_review
images/train/cctv052x2004080612x00005_c84dfbce99_f0000025_t0000002500.jpg,train,D:\Users\L1\Downloads\archive\video\cctv052x2004080612x00005.avi,c84dfbce9997262e462c9ace15e0df7640ad18879050e68397b6eb12955b2535,25,2.5,e616bc3474faf9f9,8,auto_labeled_pending_review
images/train/cctv052x2004080612x00005_c84dfbce99_f0000035_t0000003500.jpg,train,D:\Users\L1\Downloads\archive\video\cctv052x2004080612x00005.avi,c84dfbce9997262e462c9ace15e0df7640ad18879050e68397b6eb12955b2535,35,3.5,f616bc3478f6f2f9,8,auto_labeled_pending_review
images/train/cctv052x2004080612x00005_c84dfbce99_f0000050_t0000005000.jpg,train,D:\Users\L1\Downloads\archive\video\cctv052x2004080612x00005.avi,c84dfbce9997262e462c9ace15e0df7640ad18879050e68397b6eb12955b2535,50,5.0,f616bc3874f6fcfb,8,auto_labeled_pending_review
images/train/cctv052x2004080619x00090_b3608b18fa_f0000000_t0000000000.jpg,train,D:\Users\L1\Downloads\archive\video\cctv052x2004080619x00090.avi,b3608b18faed2f6640e4eac616f8cbee5df504525a4ea29549e883c9610eaeb8,0,0.0,76143c3070f3f1fb,64,auto_labeled_pending_review
images/train/cctv052x2004080619x00090_b3608b18fa_f0000005_t0000000500.jpg,train,D:\Users\L1\Downloads\archive\video\cctv052x2004080619x00090.avi,b3608b18faed2f6640e4eac616f8cbee5df504525a4ea29549e883c9610eaeb8,5,0.5,d2869c3074f2e9fb,12,auto_labeled_pending_review
images/train/cctv052x2004080619x00090_b3608b18fa_f0000015_t0000001500.jpg,train,D:\Users\L1\Downloads\archive\video\cctv052x2004080619x00090.avi,b3608b18faed2f6640e4eac616f8cbee5df504525a4ea29549e883c9610eaeb8,15,1.5,d2869c3474f9f1fa,7,auto_labeled_pending_review
images/train/cctv052x2004080619x00090_b3608b18fa_f0000030_t0000003000.jpg,train,D:\Users\L1\Downloads\archive\video\cctv052x2004080619x00090.avi,b3608b18faed2f6640e4eac616f8cbee5df504525a4ea29549e883c9610eaeb8,30,3.0,d2869c3478f3f3fb,6,auto_labeled_pending_review
images/train/cctv052x2004080619x00090_b3608b18fa_f0000040_t0000004000.jpg,train,D:\Users\L1\Downloads\archive\video\cctv052x2004080619x00090.avi,b3608b18faed2f6640e4eac616f8cbee5df504525a4ea29549e883c9610eaeb8,40,4.0,d2869c3074f0f0ec,11,auto_labeled_pending_review
images/train/cctv052x2004080619x00090_b3608b18fa_f0000045_t0000004500.jpg,train,D:\Users\L1\Downloads\archive\video\cctv052x2004080619x00090.avi,b3608b18faed2f6640e4eac616f8cbee5df504525a4ea29549e883c9610eaeb8,45,4.5,d286bc3074f8f8fb,7,auto_labeled_pending_review
images/train/cctv052x2004080607x01844_051719b8c5_f0000000_t0000000000.jpg,train,D:\Users\L1\Downloads\archive\video\cctv052x2004080607x01844.avi,051719b8c56be16567822bb2bc7d84c6d82488b0f3d63657c6b81d6647b42c99,0,0.0,d48a9c307af8f8fb,64,auto_labeled_pending_review
images/train/cctv052x2004080607x01844_051719b8c5_f0000005_t0000000500.jpg,train,D:\Users\L1\Downloads\archive\video\cctv052x2004080607x01844.avi,051719b8c56be16567822bb2bc7d84c6d82488b0f3d63657c6b81d6647b42c99,5,0.5,f2169c3878f8f8fa,10,auto_labeled_pending_review
images/train/cctv052x2004080607x01844_051719b8c5_f0000020_t0000002000.jpg,train,D:\Users\L1\Downloads\archive\video\cctv052x2004080607x01844.avi,051719b8c56be16567822bb2bc7d84c6d82488b0f3d63657c6b81d6647b42c99,20,2.0,f216bcb078f8f9f9,6,auto_labeled_pending_review
images/train/cctv052x2004080607x01844_051719b8c5_f0000030_t0000003000.jpg,train,D:\Users\L1\Downloads\archive\video\cctv052x2004080607x01844.avi,051719b8c56be16567822bb2bc7d84c6d82488b0f3d63657c6b81d6647b42c99,30,3.0,f216bc3874f1f1fb,8,auto_labeled_pending_review
images/train/cctv052x2004080607x01844_051719b8c5_f0000035_t0000003500.jpg,train,D:\Users\L1\Downloads\archive\video\cctv052x2004080607x01844.avi,051719b8c56be16567822bb2bc7d84c6d82488b0f3d63657c6b81d6647b42c99,35,3.5,f216b83872f3fafb,7,auto_labeled_pending_review
images/train/cctv052x2004080607x01844_051719b8c5_f0000045_t0000004500.jpg,train,D:\Users\L1\Downloads\archive\video\cctv052x2004080607x01844.avi,051719b8c56be16567822bb2bc7d84c6d82488b0f3d63657c6b81d6647b42c99,45,4.5,f216b83476fcfefa,9,auto_labeled_pending_review
images/train/cctv052x2004080616x00051_34df8b6258_f0000000_t0000000000.jpg,train,D:\Users\L1\Downloads\archive\video\cctv052x2004080616x00051.avi,34df8b6258102b3992ea7858b4d24c5a798a7add60368196827c52599c76910e,0,0.0,9355a1347af3e97b,64,auto_labeled_pending_review
images/train/cctv052x2004080616x00051_34df8b6258_f0000005_t0000000500.jpg,train,D:\Users\L1\Downloads\archive\video\cctv052x2004080616x00051.avi,34df8b6258102b3992ea7858b4d24c5a798a7add60368196827c52599c76910e,5,0.5,f2b6be307afbea7e,19,auto_labeled_pending_review
images/train/cctv052x2004080616x00051_34df8b6258_f0000015_t0000001500.jpg,train,D:\Users\L1\Downloads\archive\video\cctv052x2004080616x00051.avi,34df8b6258102b3992ea7858b4d24c5a798a7add60368196827c52599c76910e,15,1.5,f2b6be3072faec7b,6,auto_labeled_pending_review
images/train/cctv052x2004080616x00051_34df8b6258_f0000020_t0000002000.jpg,train,D:\Users\L1\Downloads\archive\video\cctv052x2004080616x00051.avi,34df8b6258102b3992ea7858b4d24c5a798a7add60368196827c52599c76910e,20,2.0,f2b6be3072fefded,7,auto_labeled_pending_review
images/train/cctv052x2004080616x00051_34df8b6258_f0000025_t0000002500.jpg,train,D:\Users\L1\Downloads\archive\video\cctv052x2004080616x00051.avi,34df8b6258102b3992ea7858b4d24c5a798a7add60368196827c52599c76910e,25,2.5,f2b6be307afdf4f9,7,auto_labeled_pending_review
images/train/cctv052x2004080616x00051_34df8b6258_f0000030_t0000003000.jpg,train,D:\Users\L1\Downloads\archive\video\cctv052x2004080616x00051.avi,34df8b6258102b3992ea7858b4d24c5a798a7add60368196827c52599c76910e,30,3.0,f2b63e307af5fafa,7,auto_labeled_pending_review
images/train/cctv052x2004080616x00051_34df8b6258_f0000040_t0000004000.jpg,train,D:\Users\L1\Downloads\archive\video\cctv052x2004080616x00051.avi,34df8b6258102b3992ea7858b4d24c5a798a7add60368196827c52599c76910e,40,4.0,f2b63a307afbf86b,8,auto_labeled_pending_review
images/train/cctv052x2004080616x00051_34df8b6258_f0000045_t0000004500.jpg,train,D:\Users\L1\Downloads\archive\video\cctv052x2004080616x00051.avi,34df8b6258102b3992ea7858b4d24c5a798a7add60368196827c52599c76910e,45,4.5,f2b63e307af9ec79,6,auto_labeled_pending_review
images/train/cctv052x2004080616x00051_34df8b6258_f0000050_t0000005000.jpg,train,D:\Users\L1\Downloads\archive\video\cctv052x2004080616x00051.avi,34df8b6258102b3992ea7858b4d24c5a798a7add60368196827c52599c76910e,50,5.0,f2b2ba307af9ea7a,7,auto_labeled_pending_review
images/train/cctv052x2004080617x00065_11290c3d3d_f0000000_t0000000000.jpg,train,D:\Users\L1\Downloads\archive\video\cctv052x2004080617x00065.avi,11290c3d3dd95d1c08ebf08449b338127b3e422e6cc22f86ed0f56a0cb9ec05f,0,0.0,9257355d5939f2fa,64,auto_labeled_pending_review
images/train/cctv052x2004080617x00065_11290c3d3d_f0000005_t0000000500.jpg,train,D:\Users\L1\Downloads\archive\video\cctv052x2004080617x00065.avi,11290c3d3dd95d1c08ebf08449b338127b3e422e6cc22f86ed0f56a0cb9ec05f,5,0.5,f2b6bc3974f5f1f2,23,auto_labeled_pending_review
images/train/cctv052x2004080617x00065_11290c3d3d_f0000015_t0000001500.jpg,train,D:\Users\L1\Downloads\archive\video\cctv052x2004080617x00065.avi,11290c3d3dd95d1c08ebf08449b338127b3e422e6cc22f86ed0f56a0cb9ec05f,15,1.5,f2b6bc397cf5f4f9,6,auto_labeled_pending_review
images/train/cctv052x2004080617x00065_11290c3d3d_f0000020_t0000002000.jpg,train,D:\Users\L1\Downloads\archive\video\cctv052x2004080617x00065.avi,11290c3d3dd95d1c08ebf08449b338127b3e422e6cc22f86ed0f56a0cb9ec05f,20,2.0,f2b6bc397cf6f2f2,7,auto_labeled_pending_review
images/train/cctv052x2004080617x00065_11290c3d3d_f0000025_t0000002500.jpg,train,D:\Users\L1\Downloads\archive\video\cctv052x2004080617x00065.avi,11290c3d3dd95d1c08ebf08449b338127b3e422e6cc22f86ed0f56a0cb9ec05f,25,2.5,f2b6bc3578f8f3ef,11,auto_labeled_pending_review
images/train/cctv052x2004080617x00065_11290c3d3d_f0000030_t0000003000.jpg,train,D:\Users\L1\Downloads\archive\video\cctv052x2004080617x00065.avi,11290c3d3dd95d1c08ebf08449b338127b3e422e6cc22f86ed0f56a0cb9ec05f,30,3.0,f2b6bc3178f1ecfa,11,auto_labeled_pending_review
images/train/cctv052x2004080617x00065_11290c3d3d_f0000035_t0000003500.jpg,train,D:\Users\L1\Downloads\archive\video\cctv052x2004080617x00065.avi,11290c3d3dd95d1c08ebf08449b338127b3e422e6cc22f86ed0f56a0cb9ec05f,35,3.5,f2b6bc3978fdf8f9,7,auto_labeled_pending_review
images/train/cctv052x2004080617x00065_11290c3d3d_f0000050_t0000005000.jpg,train,D:\Users\L1\Downloads\archive\video\cctv052x2004080617x00065.avi,11290c3d3dd95d1c08ebf08449b338127b3e422e6cc22f86ed0f56a0cb9ec05f,50,5.0,f2b6bc3d78f9f3ec,8,auto_labeled_pending_review
images/train/cctv052x2004080610x01880_6314005905_f0000000_t0000000000.jpg,train,D:\Users\L1\Downloads\archive\video\cctv052x2004080610x01880.avi,63140059053bd0d669a0ff0604fed57875d5e82d30f9e05b357b47f0c933c150,0,0.0,e456b83074f4f4fa,64,auto_labeled_pending_review
images/train/cctv052x2004080610x01880_6314005905_f0000005_t0000000500.jpg,train,D:\Users\L1\Downloads\archive\video\cctv052x2004080610x01880.avi,63140059053bd0d669a0ff0604fed57875d5e82d30f9e05b357b47f0c933c150,5,0.5,c616b83074f4f8f9,7,auto_labeled_pending_review
images/train/cctv052x2004080610x01880_6314005905_f0000010_t0000001000.jpg,train,D:\Users\L1\Downloads\archive\video\cctv052x2004080610x01880.avi,63140059053bd0d669a0ff0604fed57875d5e82d30f9e05b357b47f0c933c150,10,1.0,e616b83478f8f8f8,7,auto_labeled_pending_review
images/train/cctv052x2004080620x00108_d70a4c0afd_f0000000_t0000000000.jpg,train,D:\Users\L1\Downloads\archive\video\cctv052x2004080620x00108.avi,d70a4c0afd040719dbcef4b3408fe6461ddd96c721e1332482a325a09f9bd0a1,0,0.0,6a3e9c397cfcf8fa,64,auto_labeled_pending_review
images/train/cctv052x2004080620x00108_d70a4c0afd_f0000005_t0000000500.jpg,train,D:\Users\L1\Downloads\archive\video\cctv052x2004080620x00108.avi,d70a4c0afd040719dbcef4b3408fe6461ddd96c721e1332482a325a09f9bd0a1,5,0.5,e2869c3978f8f9f9,11,auto_labeled_pending_review
images/train/cctv052x2004080620x00108_d70a4c0afd_f0000020_t0000002000.jpg,train,D:\Users\L1\Downloads\archive\video\cctv052x2004080620x00108.avi,d70a4c0afd040719dbcef4b3408fe6461ddd96c721e1332482a325a09f9bd0a1,20,2.0,e286983974f9f9fc,6,auto_labeled_pending_review
images/train/cctv052x2004080620x00108_d70a4c0afd_f0000025_t0000002500.jpg,train,D:\Users\L1\Downloads\archive\video\cctv052x2004080620x00108.avi,d70a4c0afd040719dbcef4b3408fe6461ddd96c721e1332482a325a09f9bd0a1,25,2.5,e286983178faf8f8,7,auto_labeled_pending_review
images/train/cctv052x2004080620x00108_d70a4c0afd_f0000035_t0000003500.jpg,train,D:\Users\L1\Downloads\archive\video\cctv052x2004080620x00108.avi,d70a4c0afd040719dbcef4b3408fe6461ddd96c721e1332482a325a09f9bd0a1,35,3.5,e2869c3978f4faee,9,auto_labeled_pending_review
images/train/cctv052x2004080620x00108_d70a4c0afd_f0000040_t0000004000.jpg,train,D:\Users\L1\Downloads\archive\video\cctv052x2004080620x00108.avi,d70a4c0afd040719dbcef4b3408fe6461ddd96c721e1332482a325a09f9bd0a1,40,4.0,e2869c3179fae9f9,12,auto_labeled_pending_review
images/train/cctv052x2004080620x00108_d70a4c0afd_f0000045_t0000004500.jpg,train,D:\Users\L1\Downloads\archive\video\cctv052x2004080620x00108.avi,d70a4c0afd040719dbcef4b3408fe6461ddd96c721e1332482a325a09f9bd0a1,45,4.5,e2869c397cf8f2fa,10,auto_labeled_pending_review
images/train/cctv052x2004080606x01820_d67fd6001c_f0000000_t0000000000.jpg,train,D:\Users\L1\Downloads\archive\video\cctv052x2004080606x01820.avi,d67fd6001ca6c5492204d09258189a52e3199b47810a15d843758407d37ae77d,0,0.0,d68a8ce2e1f8f0fb,64,auto_labeled_pending_review
images/train/cctv052x2004080606x01820_d67fd6001c_f0000005_t0000000500.jpg,train,D:\Users\L1\Downloads\archive\video\cctv052x2004080606x01820.avi,d67fd6001ca6c5492204d09258189a52e3199b47810a15d843758407d37ae77d,5,0.5,f28698317cf0f8fb,18,auto_labeled_pending_review
images/train/cctv052x2004080606x01820_d67fd6001c_f0000015_t0000001500.jpg,train,D:\Users\L1\Downloads\archive\video\cctv052x2004080606x01820.avi,d67fd6001ca6c5492204d09258189a52e3199b47810a15d843758407d37ae77d,15,1.5,f2869c3978f0f2fa,6,auto_labeled_pending_review
images/train/cctv052x2004080606x01833_d12ff36e30_f0000000_t0000000000.jpg,train,D:\Users\L1\Downloads\archive\video\cctv052x2004080606x01833.avi,d12ff36e305d072382811827ebb56cd9906ffc1420ac6e6c0d3636717c8b092d,0,0.0,d6169c3172f4f0f8,64,auto_labeled_pending_review
images/train/cctv052x2004080606x01833_d12ff36e30_f0000010_t0000001000.jpg,train,D:\Users\L1\Downloads\archive\video\cctv052x2004080606x01833.avi,d12ff36e305d072382811827ebb56cd9906ffc1420ac6e6c0d3636717c8b092d,10,1.0,f2169c317cf8f0f8,7,auto_labeled_pending_review
images/train/cctv052x2004080606x01833_d12ff36e30_f0000050_t0000005000.jpg,train,D:\Users\L1\Downloads\archive\video\cctv052x2004080606x01833.avi,d12ff36e305d072382811827ebb56cd9906ffc1420ac6e6c0d3636717c8b092d,50,5.0,f216983972f1f1f9,9,auto_labeled_pending_review
images/train/cctv052x2004080619x00102_865c7928ab_f0000000_t0000000000.jpg,train,D:\Users\L1\Downloads\archive\video\cctv052x2004080619x00102.avi,865c7928ab4b60ac1d66829d2a2b69b2f0f4a4990ce13edc2afc96e9fb352e44,0,0.0,aa169c397cf8f8f8,64,auto_labeled_pending_review
images/train/cctv052x2004080619x00102_865c7928ab_f0000025_t0000002500.jpg,train,D:\Users\L1\Downloads\archive\video\cctv052x2004080619x00102.avi,865c7928ab4b60ac1d66829d2a2b69b2f0f4a4990ce13edc2afc96e9fb352e44,25,2.5,f2969c3970f8f8f8,6,auto_labeled_pending_review
images/train/cctv052x2004080619x00102_865c7928ab_f0000050_t0000005000.jpg,train,D:\Users\L1\Downloads\archive\video\cctv052x2004080619x00102.avi,865c7928ab4b60ac1d66829d2a2b69b2f0f4a4990ce13edc2afc96e9fb352e44,50,5.0,f2169c3978faf6f8,6,auto_labeled_pending_review
images/train/cctv052x2004080516x01650_d9f155bbc1_f0000000_t0000000000.jpg,train,D:\Users\L1\Downloads\archive\video\cctv052x2004080516x01650.avi,d9f155bbc127cac1d23fa1899a66ebcb669351e1663868144af3f58a852d4b49,0,0.0,d69eb8347cfaeef9,64,auto_labeled_pending_review
images/train/cctv052x2004080516x01650_d9f155bbc1_f0000005_t0000000500.jpg,train,D:\Users\L1\Downloads\archive\video\cctv052x2004080516x01650.avi,d9f155bbc127cac1d23fa1899a66ebcb669351e1663868144af3f58a852d4b49,5,0.5,f29ebc347cfaef6b,7,auto_labeled_pending_review
images/train/cctv052x2004080516x01650_d9f155bbc1_f0000010_t0000001000.jpg,train,D:\Users\L1\Downloads\archive\video\cctv052x2004080516x01650.avi,d9f155bbc127cac1d23fa1899a66ebcb669351e1663868144af3f58a852d4b49,10,1.0,f29ebc3c7cecfa69,8,auto_labeled_pending_review
images/train/cctv052x2004080516x01650_d9f155bbc1_f0000015_t0000001500.jpg,train,D:\Users\L1\Downloads\archive\video\cctv052x2004080516x01650.avi,d9f155bbc127cac1d23fa1899a66ebcb669351e1663868144af3f58a852d4b49,15,1.5,f29ebc3c7cfae979,7,auto_labeled_pending_review
images/train/cctv052x2004080516x01650_d9f155bbc1_f0000025_t0000002500.jpg,train,D:\Users\L1\Downloads\archive\video\cctv052x2004080516x01650.avi,d9f155bbc127cac1d23fa1899a66ebcb669351e1663868144af3f58a852d4b49,25,2.5,f29ebc3c7cfefa7a,6,auto_labeled_pending_review
images/train/cctv052x2004080516x01650_d9f155bbc1_f0000030_t0000003000.jpg,train,D:\Users\L1\Downloads\archive\video\cctv052x2004080516x01650.avi,d9f155bbc127cac1d23fa1899a66ebcb669351e1663868144af3f58a852d4b49,30,3.0,f29ebc3c7cfaf476,6,auto_labeled_pending_review
images/train/cctv052x2004080516x01650_d9f155bbc1_f0000035_t0000003500.jpg,train,D:\Users\L1\Downloads\archive\video\cctv052x2004080516x01650.avi,d9f155bbc127cac1d23fa1899a66ebcb669351e1663868144af3f58a852d4b49,35,3.5,f29ebc3c7cf1f4ee,6,auto_labeled_pending_review
images/train/cctv052x2004080516x01650_d9f155bbc1_f0000040_t0000004000.jpg,train,D:\Users\L1\Downloads\archive\video\cctv052x2004080516x01650.avi,d9f155bbc127cac1d23fa1899a66ebcb669351e1663868144af3f58a852d4b49,40,4.0,f29ebc3c7cf5ee78,8,auto_labeled_pending_review
images/train/cctv052x2004080516x01650_d9f155bbc1_f0000045_t0000004500.jpg,train,D:\Users\L1\Downloads\archive\video\cctv052x2004080516x01650.avi,d9f155bbc127cac1d23fa1899a66ebcb669351e1663868144af3f58a852d4b49,45,4.5,f29ebc3c7cece879,6,auto_labeled_pending_review
images/train/cctv052x2004080613x00016_8d421498e4_f0000000_t0000000000.jpg,train,D:\Users\L1\Downloads\archive\video\cctv052x2004080613x00016.avi,8d421498e48885bc719043379c1df4fe3bf72d08fb2b1fab2dd49be04737eb38,0,0.0,f2069c39781f3ef8,64,auto_labeled_pending_review
images/train/cctv052x2004080613x00016_8d421498e4_f0000005_t0000000500.jpg,train,D:\Users\L1\Downloads\archive\video\cctv052x2004080613x00016.avi,8d421498e48885bc719043379c1df4fe3bf72d08fb2b1fab2dd49be04737eb38,5,0.5,f2069c397cf9f8f8,10,auto_labeled_pending_review
images/train/cctv052x2004080613x00016_8d421498e4_f0000020_t0000002000.jpg,train,D:\Users\L1\Downloads\archive\video\cctv052x2004080613x00016.avi,8d421498e48885bc719043379c1df4fe3bf72d08fb2b1fab2dd49be04737eb38,20,2.0,f2069c3972f8f9fa,6,auto_labeled_pending_review
images/train/cctv052x2004080613x00016_8d421498e4_f0000035_t0000003500.jpg,train,D:\Users\L1\Downloads\archive\video\cctv052x2004080613x00016.avi,8d421498e48885bc719043379c1df4fe3bf72d08fb2b1fab2dd49be04737eb38,35,3.5,f2069c3178f5f9fa,6,auto_labeled_pending_review
images/train/cctv052x2004080609x01860_ddd09b0647_f0000000_t0000000000.jpg,train,D:\Users\L1\Downloads\archive\video\cctv052x2004080609x01860.avi,ddd09b0647a0a9772af2d3f2b4474a40d2d101132a2c1e18c9e69c2f7e3edba0,0,0.0,e5e3f1b878faf8fa,64,auto_labeled_pending_review
images/train/cctv052x2004080609x01860_ddd09b0647_f0000005_t0000000500.jpg,train,D:\Users\L1\Downloads\archive\video\cctv052x2004080609x01860.avi,ddd09b0647a0a9772af2d3f2b4474a40d2d101132a2c1e18c9e69c2f7e3edba0,5,0.5,c21ebc307afaf8da,19,auto_labeled_pending_review
images/train/cctv052x2004080609x01860_ddd09b0647_f0000015_t0000001500.jpg,train,D:\Users\L1\Downloads\archive\video\cctv052x2004080609x01860.avi,ddd09b0647a0a9772af2d3f2b4474a40d2d101132a2c1e18c9e69c2f7e3edba0,15,1.5,e21ebcb870f8f8fa,7,auto_labeled_pending_review
images/train/cctv052x2004080609x01860_ddd09b0647_f0000025_t0000002500.jpg,train,D:\Users\L1\Downloads\archive\video\cctv052x2004080609x01860.avi,ddd09b0647a0a9772af2d3f2b4474a40d2d101132a2c1e18c9e69c2f7e3edba0,25,2.5,e21eb83078fafafa,6,auto_labeled_pending_review
images/train/cctv052x2004080609x01860_ddd09b0647_f0000035_t0000003500.jpg,train,D:\Users\L1\Downloads\archive\video\cctv052x2004080609x01860.avi,ddd09b0647a0a9772af2d3f2b4474a40d2d101132a2c1e18c9e69c2f7e3edba0,35,3.5,e21ebc3874fcf9f9,10,auto_labeled_pending_review
images/train/cctv052x2004080609x01860_ddd09b0647_f0000045_t0000004500.jpg,train,D:\Users\L1\Downloads\archive\video\cctv052x2004080609x01860.avi,ddd09b0647a0a9772af2d3f2b4474a40d2d101132a2c1e18c9e69c2f7e3edba0,45,4.5,e21ebc3472fafafa,10,auto_labeled_pending_review
images/train/cctv052x2004080518x01666_ffbd0d5810_f0000000_t0000000000.jpg,train,D:\Users\L1\Downloads\archive\video\cctv052x2004080518x01666.avi,ffbd0d58105c156679d1095cc9e5382ef87e94fc2909d9b7281ff73d4e28b40a,0,0.0,f682ccf078eef2f9,64,auto_labeled_pending_review
images/train/cctv052x2004080518x01666_ffbd0d5810_f0000005_t0000000500.jpg,train,D:\Users\L1\Downloads\archive\video\cctv052x2004080518x01666.avi,ffbd0d58105c156679d1095cc9e5382ef87e94fc2909d9b7281ff73d4e28b40a,5,0.5,f29e9a387cf6f5fd,18,auto_labeled_pending_review
images/train/cctv052x2004080518x01666_ffbd0d5810_f0000010_t0000001000.jpg,train,D:\Users\L1\Downloads\archive\video\cctv052x2004080518x01666.avi,ffbd0d58105c156679d1095cc9e5382ef87e94fc2909d9b7281ff73d4e28b40a,10,1.0,f29e9a397cf6f9ea,7,auto_labeled_pending_review
images/train/cctv052x2004080518x01666_ffbd0d5810_f0000015_t0000001500.jpg,train,D:\Users\L1\Downloads\archive\video\cctv052x2004080518x01666.avi,ffbd0d58105c156679d1095cc9e5382ef87e94fc2909d9b7281ff73d4e28b40a,15,1.5,f29f9a3974f6e8f8,6,auto_labeled_pending_review
images/train/cctv052x2004080518x01666_ffbd0d5810_f0000020_t0000002000.jpg,train,D:\Users\L1\Downloads\archive\video\cctv052x2004080518x01666.avi,ffbd0d58105c156679d1095cc9e5382ef87e94fc2909d9b7281ff73d4e28b40a,20,2.0,f29f9a3974ebf0f8,6,auto_labeled_pending_review
images/train/cctv052x2004080518x01666_ffbd0d5810_f0000030_t0000003000.jpg,train,D:\Users\L1\Downloads\archive\video\cctv052x2004080518x01666.avi,ffbd0d58105c156679d1095cc9e5382ef87e94fc2909d9b7281ff73d4e28b40a,30,3.0,f29f9a397df0f8fb,9,auto_labeled_pending_review
images/train/cctv052x2004080518x01666_ffbd0d5810_f0000035_t0000003500.jpg,train,D:\Users\L1\Downloads\archive\video\cctv052x2004080518x01666.avi,ffbd0d58105c156679d1095cc9e5382ef87e94fc2909d9b7281ff73d4e28b40a,35,3.5,f29f9a3d7cf9f2fa,7,auto_labeled_pending_review
images/train/cctv052x2004080518x01666_ffbd0d5810_f0000050_t0000005000.jpg,train,D:\Users\L1\Downloads\archive\video\cctv052x2004080518x01666.avi,ffbd0d58105c156679d1095cc9e5382ef87e94fc2909d9b7281ff73d4e28b40a,50,5.0,f29f9a387af4f2f9,9,auto_labeled_pending_review
images/train/cctv052x2004080617x00075_c0cc31b152_f0000000_t0000000000.jpg,train,D:\Users\L1\Downloads\archive\video\cctv052x2004080617x00075.avi,c0cc31b152b0abca317b352fd9e45d3702d7f85d57a44b08c8e16332bed51dd3,0,0.0,761a7cd4f4fae9fc,64,auto_labeled_pending_review
images/train/cctv052x2004080617x00075_c0cc31b152_f0000005_t0000000500.jpg,train,D:\Users\L1\Downloads\archive\video\cctv052x2004080617x00075.avi,c0cc31b152b0abca317b352fd9e45d3702d7f85d57a44b08c8e16332bed51dd3,5,0.5,f2969e3b78f8f8ed,24,auto_labeled_pending_review
images/train/cctv052x2004080617x00075_c0cc31b152_f0000015_t0000001500.jpg,train,D:\Users\L1\Downloads\archive\video\cctv052x2004080617x00075.avi,c0cc31b152b0abca317b352fd9e45d3702d7f85d57a44b08c8e16332bed51dd3,15,1.5,f2969e3b75f8e8f8,7,auto_labeled_pending_review
images/train/cctv052x2004080617x00075_c0cc31b152_f0000025_t0000002500.jpg,train,D:\Users\L1\Downloads\archive\video\cctv052x2004080617x00075.avi,c0cc31b152b0abca317b352fd9e45d3702d7f85d57a44b08c8e16332bed51dd3,25,2.5,f2969e3b7deaf2fa,7,auto_labeled_pending_review
images/train/cctv052x2004080617x00075_c0cc31b152_f0000040_t0000004000.jpg,train,D:\Users\L1\Downloads\archive\video\cctv052x2004080617x00075.avi,c0cc31b152b0abca317b352fd9e45d3702d7f85d57a44b08c8e16332bed51dd3,40,4.0,f2969e3579f8f4f9,10,auto_labeled_pending_review
images/train/cctv052x2004080609x01870_169e63e3ef_f0000000_t0000000000.jpg,train,D:\Users\L1\Downloads\archive\video\cctv052x2004080609x01870.avi,169e63e3efea0d9967dcf307133d7346b848cb7d6767033bff262b94a05eeae9,0,0.0,e5e7f83474f8f4f9,64,auto_labeled_pending_review
images/train/cctv052x2004080609x01870_169e63e3ef_f0000005_t0000000500.jpg,train,D:\Users\L1\Downloads\archive\video\cctv052x2004080609x01870.avi,169e63e3efea0d9967dcf307133d7346b848cb7d6767033bff262b94a05eeae9,5,0.5,c616983570f5f2f9,17,auto_labeled_pending_review
images/train/cctv052x2004080609x01870_169e63e3ef_f0000010_t0000001000.jpg,train,D:\Users\L1\Downloads\archive\video\cctv052x2004080609x01870.avi,169e63e3efea0d9967dcf307133d7346b848cb7d6767033bff262b94a05eeae9,10,1.0,c6169c3574f2f1f9,7,auto_labeled_pending_review
images/train/cctv052x2004080609x01870_169e63e3ef_f0000015_t0000001500.jpg,train,D:\Users\L1\Downloads\archive\video\cctv052x2004080609x01870.avi,169e63e3efea0d9967dcf307133d7346b848cb7d6767033bff262b94a05eeae9,15,1.5,c6169c3578f2f2fe,7,auto_labeled_pending_review
images/train/cctv052x2004080609x01870_169e63e3ef_f0000020_t0000002000.jpg,train,D:\Users\L1\Downloads\archive\video\cctv052x2004080609x01870.avi,169e63e3efea0d9967dcf307133d7346b848cb7d6767033bff262b94a05eeae9,20,2.0,c6169c3174f3f8fa,7,auto_labeled_pending_review
images/train/cctv052x2004080609x01870_169e63e3ef_f0000025_t0000002500.jpg,train,D:\Users\L1\Downloads\archive\video\cctv052x2004080609x01870.avi,169e63e3efea0d9967dcf307133d7346b848cb7d6767033bff262b94a05eeae9,25,2.5,c6169c3974f9f1fb,6,auto_labeled_pending_review
images/train/cctv052x2004080609x01870_169e63e3ef_f0000030_t0000003000.jpg,train,D:\Users\L1\Downloads\archive\video\cctv052x2004080609x01870.avi,169e63e3efea0d9967dcf307133d7346b848cb7d6767033bff262b94a05eeae9,30,3.0,c6169c3174f2f5f8,7,auto_labeled_pending_review
images/train/cctv052x2004080609x01870_169e63e3ef_f0000035_t0000003500.jpg,train,D:\Users\L1\Downloads\archive\video\cctv052x2004080609x01870.avi,169e63e3efea0d9967dcf307133d7346b848cb7d6767033bff262b94a05eeae9,35,3.5,c6169c357ef3f1f9,6,auto_labeled_pending_review
images/train/cctv052x2004080609x01870_169e63e3ef_f0000045_t0000004500.jpg,train,D:\Users\L1\Downloads\archive\video\cctv052x2004080609x01870.avi,169e63e3efea0d9967dcf307133d7346b848cb7d6767033bff262b94a05eeae9,45,4.5,c6169c357afaf0fa,6,auto_labeled_pending_review
images/train/cctv052x2004080611x01901_4c4e1affae_f0000000_t0000000000.jpg,train,D:\Users\L1\Downloads\archive\video\cctv052x2004080611x01901.avi,4c4e1affae4b8ac5390edc20e57304c86d8e0b413353d02ee0dc9293cfeea919,0,0.0,e256983c78f2f0fa,64,auto_labeled_pending_review
images/train/cctv052x2004080611x01901_4c4e1affae_f0000005_t0000000500.jpg,train,D:\Users\L1\Downloads\archive\video\cctv052x2004080611x01901.avi,4c4e1affae4b8ac5390edc20e57304c86d8e0b413353d02ee0dc9293cfeea919,5,0.5,e256b83472f4f6f8,9,auto_labeled_pending_review
images/train/cctv052x2004080611x01901_4c4e1affae_f0000010_t0000001000.jpg,train,D:\Users\L1\Downloads\archive\video\cctv052x2004080611x01901.avi,4c4e1affae4b8ac5390edc20e57304c86d8e0b413353d02ee0dc9293cfeea919,10,1.0,e256b83874f4f8f8,7,auto_labeled_pending_review
images/train/cctv052x2004080611x01901_4c4e1affae_f0000015_t0000001500.jpg,train,D:\Users\L1\Downloads\archive\video\cctv052x2004080611x01901.avi,4c4e1affae4b8ac5390edc20e57304c86d8e0b413353d02ee0dc9293cfeea919,15,1.5,e256b8347cf8f4f8,7,auto_labeled_pending_review
images/train/cctv052x2004080611x01901_4c4e1affae_f0000020_t0000002000.jpg,train,D:\Users\L1\Downloads\archive\video\cctv052x2004080611x01901.avi,4c4e1affae4b8ac5390edc20e57304c86d8e0b413353d02ee0dc9293cfeea919,20,2.0,e216bc3078f0f8fa,8,auto_labeled_pending_review
images/train/cctv052x2004080611x01901_4c4e1affae_f0000035_t0000003500.jpg,train,D:\Users\L1\Downloads\archive\video\cctv052x2004080611x01901.avi,4c4e1affae4b8ac5390edc20e57304c86d8e0b413353d02ee0dc9293cfeea919,35,3.5,e216b83874f5f9f8,8,auto_labeled_pending_review
images/train/cctv052x2004080611x01901_4c4e1affae_f0000040_t0000004000.jpg,train,D:\Users\L1\Downloads\archive\video\cctv052x2004080611x01901.avi,4c4e1affae4b8ac5390edc20e57304c86d8e0b413353d02ee0dc9293cfeea919,40,4.0,e216b8387cf9f0fa,6,auto_labeled_pending_review
images/train/cctv052x2004080516x01648_2d25a9735a_f0000000_t0000000000.jpg,train,D:\Users\L1\Downloads\archive\video\cctv052x2004080516x01648.avi,2d25a9735a4822bc52f3c4aa442b7026a77d12b420b49ef03767afbc47da6427,0,0.0,c78accf27af5f17b,64,auto_labeled_pending_review
images/train/cctv052x2004080516x01648_2d25a9735a_f0000005_t0000000500.jpg,train,D:\Users\L1\Downloads\archive\video\cctv052x2004080516x01648.avi,2d25a9735a4822bc52f3c4aa442b7026a77d12b420b49ef03767afbc47da6427,5,0.5,f29ebc3878f5f27a,17,auto_labeled_pending_review
images/train/cctv052x2004080516x01648_2d25a9735a_f0000010_t0000001000.jpg,train,D:\Users\L1\Downloads\archive\video\cctv052x2004080516x01648.avi,2d25a9735a4822bc52f3c4aa442b7026a77d12b420b49ef03767afbc47da6427,10,1.0,f29ebc3878f2f86a,6,auto_labeled_pending_review
images/train/cctv052x2004080516x01648_2d25a9735a_f0000020_t0000002000.jpg,train,D:\Users\L1\Downloads\archive\video\cctv052x2004080516x01648.avi,2d25a9735a4822bc52f3c4aa442b7026a77d12b420b49ef03767afbc47da6427,20,2.0,f29eb83878f1fe6b,6,auto_labeled_pending_review
images/train/cctv052x2004080516x01648_2d25a9735a_f0000025_t0000002500.jpg,train,D:\Users\L1\Downloads\archive\video\cctv052x2004080516x01648.avi,2d25a9735a4822bc52f3c4aa442b7026a77d12b420b49ef03767afbc47da6427,25,2.5,f29eb83870f9eb7b,6,auto_labeled_pending_review
images/train/cctv052x2004080516x01648_2d25a9735a_f0000035_t0000003500.jpg,train,D:\Users\L1\Downloads\archive\video\cctv052x2004080516x01648.avi,2d25a9735a4822bc52f3c4aa442b7026a77d12b420b49ef03767afbc47da6427,35,3.5,f296b83874eff27b,8,auto_labeled_pending_review
images/train/cctv052x2004080516x01648_2d25a9735a_f0000040_t0000004000.jpg,train,D:\Users\L1\Downloads\archive\video\cctv052x2004080516x01648.avi,2d25a9735a4822bc52f3c4aa442b7026a77d12b420b49ef03767afbc47da6427,40,4.0,f296b83074f7fa6e,7,auto_labeled_pending_review
images/train/cctv052x2004080516x01648_2d25a9735a_f0000045_t0000004500.jpg,train,D:\Users\L1\Downloads\archive\video\cctv052x2004080516x01648.avi,2d25a9735a4822bc52f3c4aa442b7026a77d12b420b49ef03767afbc47da6427,45,4.5,f29eb8307ef6fc6c,7,auto_labeled_pending_review
images/train/cctv052x2004080516x01648_2d25a9735a_f0000050_t0000005000.jpg,train,D:\Users\L1\Downloads\archive\video\cctv052x2004080516x01648.avi,2d25a9735a4822bc52f3c4aa442b7026a77d12b420b49ef03767afbc47da6427,50,5.0,f29eb8307efcec79,6,auto_labeled_pending_review
images/train/cctv052x2004080618x00086_50bb9953c7_f0000000_t0000000000.jpg,train,D:\Users\L1\Downloads\archive\video\cctv052x2004080618x00086.avi,50bb9953c7f759138bc603b264bda59bd5ee1ecf2ce9f4de8ab8e81cc8da290a,0,0.0,74d4b07478f8f2fa,64,auto_labeled_pending_review
images/train/cctv052x2004080618x00086_50bb9953c7_f0000005_t0000000500.jpg,train,D:\Users\L1\Downloads\archive\video\cctv052x2004080618x00086.avi,50bb9953c7f759138bc603b264bda59bd5ee1ecf2ce9f4de8ab8e81cc8da290a,5,0.5,f286bc3c78f2f0fc,15,auto_labeled_pending_review
images/train/cctv052x2004080618x00086_50bb9953c7_f0000010_t0000001000.jpg,train,D:\Users\L1\Downloads\archive\video\cctv052x2004080618x00086.avi,50bb9953c7f759138bc603b264bda59bd5ee1ecf2ce9f4de8ab8e81cc8da290a,10,1.0,f286bc3c74f1f5fb,9,auto_labeled_pending_review
images/train/cctv052x2004080618x00086_50bb9953c7_f0000020_t0000002000.jpg,train,D:\Users\L1\Downloads\archive\video\cctv052x2004080618x00086.avi,50bb9953c7f759138bc603b264bda59bd5ee1ecf2ce9f4de8ab8e81cc8da290a,20,2.0,f286bc3870f2f0fb,6,auto_labeled_pending_review
images/train/cctv052x2004080618x00086_50bb9953c7_f0000025_t0000002500.jpg,train,D:\Users\L1\Downloads\archive\video\cctv052x2004080618x00086.avi,50bb9953c7f759138bc603b264bda59bd5ee1ecf2ce9f4de8ab8e81cc8da290a,25,2.5,f286bc307af1f8fb,6,auto_labeled_pending_review
images/train/cctv052x2004080618x00086_50bb9953c7_f0000030_t0000003000.jpg,train,D:\Users\L1\Downloads\archive\video\cctv052x2004080618x00086.avi,50bb9953c7f759138bc603b264bda59bd5ee1ecf2ce9f4de8ab8e81cc8da290a,30,3.0,f286bc3070f8faf2,7,auto_labeled_pending_review
images/train/cctv052x2004080618x00086_50bb9953c7_f0000035_t0000003500.jpg,train,D:\Users\L1\Downloads\archive\video\cctv052x2004080618x00086.avi,50bb9953c7f759138bc603b264bda59bd5ee1ecf2ce9f4de8ab8e81cc8da290a,35,3.5,f286bc3070f6f1fb,8,auto_labeled_pending_review
images/train/cctv052x2004080618x00086_50bb9953c7_f0000050_t0000005000.jpg,train,D:\Users\L1\Downloads\archive\video\cctv052x2004080618x00086.avi,50bb9953c7f759138bc603b264bda59bd5ee1ecf2ce9f4de8ab8e81cc8da290a,50,5.0,f286bc3078f1f2fb,6,auto_labeled_pending_review
images/train/cctv052x2004080518x01669_a32cb93728_f0000000_t0000000000.jpg,train,D:\Users\L1\Downloads\archive\video\cctv052x2004080518x01669.avi,a32cb937281094ce9b7de7ad02c34a1d7a4310798a9d62842aa1505f6631b225,0,0.0,f4869a3175e8f8f8,64,auto_labeled_pending_review
images/train/cctv052x2004080518x01669_a32cb93728_f0000005_t0000000500.jpg,train,D:\Users\L1\Downloads\archive\video\cctv052x2004080518x01669.avi,a32cb937281094ce9b7de7ad02c34a1d7a4310798a9d62842aa1505f6631b225,5,0.5,f21e9a3175eaf0fb,9,auto_labeled_pending_review
images/train/cctv052x2004080518x01669_a32cb93728_f0000010_t0000001000.jpg,train,D:\Users\L1\Downloads\archive\video\cctv052x2004080518x01669.avi,a32cb937281094ce9b7de7ad02c34a1d7a4310798a9d62842aa1505f6631b225,10,1.0,f21e9a317df9f3e2,9,auto_labeled_pending_review
images/train/cctv052x2004080518x01669_a32cb93728_f0000015_t0000001500.jpg,train,D:\Users\L1\Downloads\archive\video\cctv052x2004080518x01669.avi,a32cb937281094ce9b7de7ad02c34a1d7a4310798a9d62842aa1505f6631b225,15,1.5,f21e9a3178f1f6f8,8,auto_labeled_pending_review
images/train/cctv052x2004080518x01669_a32cb93728_f0000020_t0000002000.jpg,train,D:\Users\L1\Downloads\archive\video\cctv052x2004080518x01669.avi,a32cb937281094ce9b7de7ad02c34a1d7a4310798a9d62842aa1505f6631b225,20,2.0,f21f9a3179f5f8f9,7,auto_labeled_pending_review
images/train/cctv052x2004080518x01669_a32cb93728_f0000025_t0000002500.jpg,train,D:\Users\L1\Downloads\archive\video\cctv052x2004080518x01669.avi,a32cb937281094ce9b7de7ad02c34a1d7a4310798a9d62842aa1505f6631b225,25,2.5,f21e9a3372fcf2ee,13,auto_labeled_pending_review
images/train/cctv052x2004080518x01669_a32cb93728_f0000030_t0000003000.jpg,train,D:\Users\L1\Downloads\archive\video\cctv052x2004080518x01669.avi,a32cb937281094ce9b7de7ad02c34a1d7a4310798a9d62842aa1505f6631b225,30,3.0,f21e9a3376faeff8,10,auto_labeled_pending_review
images/train/cctv052x2004080518x01669_a32cb93728_f0000035_t0000003500.jpg,train,D:\Users\L1\Downloads\archive\video\cctv052x2004080518x01669.avi,a32cb937281094ce9b7de7ad02c34a1d7a4310798a9d62842aa1505f6631b225,35,3.5,f21f9a337aeef9f9,9,auto_labeled_pending_review
images/train/cctv052x2004080518x01669_a32cb93728_f0000040_t0000004000.jpg,train,D:\Users\L1\Downloads\archive\video\cctv052x2004080518x01669.avi,a32cb937281094ce9b7de7ad02c34a1d7a4310798a9d62842aa1505f6631b225,40,4.0,f21f9a327cfcf9f6,9,auto_labeled_pending_review
images/train/cctv052x2004080518x01669_a32cb93728_f0000045_t0000004500.jpg,train,D:\Users\L1\Downloads\archive\video\cctv052x2004080518x01669.avi,a32cb937281094ce9b7de7ad02c34a1d7a4310798a9d62842aa1505f6631b225,45,4.5,f21f9a3a7cfaedfa,7,auto_labeled_pending_review
images/train/cctv052x2004080518x01669_a32cb93728_f0000050_t0000005000.jpg,train,D:\Users\L1\Downloads\archive\video\cctv052x2004080518x01669.avi,a32cb937281094ce9b7de7ad02c34a1d7a4310798a9d62842aa1505f6631b225,50,5.0,f21f9a3b7cfaf6f8,6,auto_labeled_pending_review
images/train/cctv052x2004080519x01681_ce02388f6a_f0000000_t0000000000.jpg,train,D:\Users\L1\Downloads\archive\video\cctv052x2004080519x01681.avi,ce02388f6ac35a76236fc3fd7f17f2db5a5e673f7d4a6f90c9a5db63539c7e02,0,0.0,d282ccf078f8fafb,64,auto_labeled_pending_review
images/train/cctv052x2004080519x01681_ce02388f6a_f0000005_t0000000500.jpg,train,D:\Users\L1\Downloads\archive\video\cctv052x2004080519x01681.avi,ce02388f6ac35a76236fc3fd7f17f2db5a5e673f7d4a6f90c9a5db63539c7e02,5,0.5,f28e98397cf8f2f8,14,auto_labeled_pending_review
images/train/cctv052x2004080519x01681_ce02388f6a_f0000015_t0000001500.jpg,train,D:\Users\L1\Downloads\archive\video\cctv052x2004080519x01681.avi,ce02388f6ac35a76236fc3fd7f17f2db5a5e673f7d4a6f90c9a5db63539c7e02,15,1.5,f20e9a397cf8f8fb,6,auto_labeled_pending_review
images/train/cctv052x2004080519x01681_ce02388f6a_f0000020_t0000002000.jpg,train,D:\Users\L1\Downloads\archive\video\cctv052x2004080519x01681.avi,ce02388f6ac35a76236fc3fd7f17f2db5a5e673f7d4a6f90c9a5db63539c7e02,20,2.0,f20e98397cf8f2ee,6,auto_labeled_pending_review
images/train/cctv052x2004080519x01681_ce02388f6a_f0000025_t0000002500.jpg,train,D:\Users\L1\Downloads\archive\video\cctv052x2004080519x01681.avi,ce02388f6ac35a76236fc3fd7f17f2db5a5e673f7d4a6f90c9a5db63539c7e02,25,2.5,f20e983d78f5e8f6,10,auto_labeled_pending_review
images/train/cctv052x2004080519x01681_ce02388f6a_f0000030_t0000003000.jpg,train,D:\Users\L1\Downloads\archive\video\cctv052x2004080519x01681.avi,ce02388f6ac35a76236fc3fd7f17f2db5a5e673f7d4a6f90c9a5db63539c7e02,30,3.0,f20e98397cf8f4f8,11,auto_labeled_pending_review
images/train/cctv052x2004080519x01681_ce02388f6a_f0000035_t0000003500.jpg,train,D:\Users\L1\Downloads\archive\video\cctv052x2004080519x01681.avi,ce02388f6ac35a76236fc3fd7f17f2db5a5e673f7d4a6f90c9a5db63539c7e02,35,3.5,f20e983978f5f8f8,6,auto_labeled_pending_review
images/train/cctv052x2004080618x00079_f2e34b75b6_f0000000_t0000000000.jpg,train,D:\Users\L1\Downloads\archive\video\cctv052x2004080618x00079.avi,f2e34b75b67ba8be8c676e67b18a920e2be961039423fbb37b7c5610930f4c58,0,0.0,761c3c3974f2f5f9,64,auto_labeled_pending_review
images/train/cctv052x2004080618x00079_f2e34b75b6_f0000005_t0000000500.jpg,train,D:\Users\L1\Downloads\archive\video\cctv052x2004080618x00079.avi,f2e34b75b67ba8be8c676e67b18a920e2be961039423fbb37b7c5610930f4c58,5,0.5,e216183974f2f1fb,9,auto_labeled_pending_review
images/train/cctv052x2004080618x00079_f2e34b75b6_f0000010_t0000001000.jpg,train,D:\Users\L1\Downloads\archive\video\cctv052x2004080618x00079.avi,f2e34b75b67ba8be8c676e67b18a920e2be961039423fbb37b7c5610930f4c58,10,1.0,e21618397cf6fbf2,6,auto_labeled_pending_review
images/train/cctv052x2004080618x00079_f2e34b75b6_f0000015_t0000001500.jpg,train,D:\Users\L1\Downloads\archive\video\cctv052x2004080618x00079.avi,f2e34b75b67ba8be8c676e67b18a920e2be961039423fbb37b7c5610930f4c58,15,1.5,e216183974f2faf9,6,auto_labeled_pending_review
images/train/cctv052x2004080618x00079_f2e34b75b6_f0000020_t0000002000.jpg,train,D:\Users\L1\Downloads\archive\video\cctv052x2004080618x00079.avi,f2e34b75b67ba8be8c676e67b18a920e2be961039423fbb37b7c5610930f4c58,20,2.0,e2161c3974faf4e9,6,auto_labeled_pending_review
images/train/cctv052x2004080618x00079_f2e34b75b6_f0000030_t0000003000.jpg,train,D:\Users\L1\Downloads\archive\video\cctv052x2004080618x00079.avi,f2e34b75b67ba8be8c676e67b18a920e2be961039423fbb37b7c5610930f4c58,30,3.0,ea161c397cf5f8fa,11,auto_labeled_pending_review
images/train/cctv052x2004080618x00079_f2e34b75b6_f0000040_t0000004000.jpg,train,D:\Users\L1\Downloads\archive\video\cctv052x2004080618x00079.avi,f2e34b75b67ba8be8c676e67b18a920e2be961039423fbb37b7c5610930f4c58,40,4.0,e2161c3d74f2f8fa,6,auto_labeled_pending_review
images/train/cctv052x2004080618x00079_f2e34b75b6_f0000050_t0000005000.jpg,train,D:\Users\L1\Downloads\archive\video\cctv052x2004080618x00079.avi,f2e34b75b67ba8be8c676e67b18a920e2be961039423fbb37b7c5610930f4c58,50,5.0,e2161c3d74f9f5f9,8,auto_labeled_pending_review
images/train/cctv052x2004080609x01863_c7bcac9266_f0000000_t0000000000.jpg,train,D:\Users\L1\Downloads\archive\video\cctv052x2004080609x01863.avi,c7bcac92667f5d1fbc16d3bec07d075133a536a7df3c24927721398263370d16,0,0.0,e416b8307cf9f8fa,64,auto_labeled_pending_review
images/train/cctv052x2004080609x01863_c7bcac9266_f0000010_t0000001000.jpg,train,D:\Users\L1\Downloads\archive\video\cctv052x2004080609x01863.avi,c7bcac92667f5d1fbc16d3bec07d075133a536a7df3c24927721398263370d16,10,1.0,e216b83870f8f8fa,6,auto_labeled_pending_review
images/train/cctv052x2004080608x01849_8ef4f0c5b5_f0000000_t0000000000.jpg,train,D:\Users\L1\Downloads\archive\video\cctv052x2004080608x01849.avi,8ef4f0c5b5ad18c52e3d9fc8ed021d1a925b46b88cc8aa2e6503f96a07755a13,0,0.0,65e7f0b87e3dfafa,64,auto_labeled_pending_review
images/train/cctv052x2004080608x01849_8ef4f0c5b5_f0000005_t0000000500.jpg,train,D:\Users\L1\Downloads\archive\video\cctv052x2004080608x01849.avi,8ef4f0c5b5ad18c52e3d9fc8ed021d1a925b46b88cc8aa2e6503f96a07755a13,5,0.5,e61e9c387afaf8fa,21,auto_labeled_pending_review
images/train/cctv052x2004080608x01849_8ef4f0c5b5_f0000015_t0000001500.jpg,train,D:\Users\L1\Downloads\archive\video\cctv052x2004080608x01849.avi,8ef4f0c5b5ad18c52e3d9fc8ed021d1a925b46b88cc8aa2e6503f96a07755a13,15,1.5,e61e9c3074fcf8fa,6,auto_labeled_pending_review
images/train/cctv052x2004080608x01849_8ef4f0c5b5_f0000035_t0000003500.jpg,train,D:\Users\L1\Downloads\archive\video\cctv052x2004080608x01849.avi,8ef4f0c5b5ad18c52e3d9fc8ed021d1a925b46b88cc8aa2e6503f96a07755a13,35,3.5,e61e9c3878f8f8f9,6,auto_labeled_pending_review
images/train/cctv052x2004080516x01642_788c736f26_f0000000_t0000000000.jpg,train,D:\Users\L1\Downloads\archive\video\cctv052x2004080516x01642.avi,788c736f261568f55947ba897ad47f527f33381e1e562cfae07a08e2e82fae9d,0,0.0,d68adce2787af3fe,64,auto_labeled_pending_review
images/train/cctv052x2004080516x01642_788c736f26_f0000005_t0000000500.jpg,train,D:\Users\L1\Downloads\archive\video\cctv052x2004080516x01642.avi,788c736f261568f55947ba897ad47f527f33381e1e562cfae07a08e2e82fae9d,5,0.5,f29fbc3c78f3f7ea,19,auto_labeled_pending_review
images/train/cctv052x2004080516x01642_788c736f26_f0000010_t0000001000.jpg,train,D:\Users\L1\Downloads\archive\video\cctv052x2004080516x01642.avi,788c736f261568f55947ba897ad47f527f33381e1e562cfae07a08e2e82fae9d,10,1.0,f29fbc387cf5eefa,8,auto_labeled_pending_review
images/train/cctv052x2004080516x01642_788c736f26_f0000015_t0000001500.jpg,train,D:\Users\L1\Downloads\archive\video\cctv052x2004080516x01642.avi,788c736f261568f55947ba897ad47f527f33381e1e562cfae07a08e2e82fae9d,15,1.5,f29fb83c74edf0fb,10,auto_labeled_pending_review
images/train/cctv052x2004080516x01642_788c736f26_f0000025_t0000002500.jpg,train,D:\Users\L1\Downloads\archive\video\cctv052x2004080516x01642.avi,788c736f261568f55947ba897ad47f527f33381e1e562cfae07a08e2e82fae9d,25,2.5,f29fbc3c76f5f4fa,6,auto_labeled_pending_review
images/train/cctv052x2004080516x01642_788c736f26_f0000035_t0000003500.jpg,train,D:\Users\L1\Downloads\archive\video\cctv052x2004080516x01642.avi,788c736f261568f55947ba897ad47f527f33381e1e562cfae07a08e2e82fae9d,35,3.5,f29fbc347af4f4f9,6,auto_labeled_pending_review
images/train/cctv052x2004080516x01642_788c736f26_f0000045_t0000004500.jpg,train,D:\Users\L1\Downloads\archive\video\cctv052x2004080516x01642.avi,788c736f261568f55947ba897ad47f527f33381e1e562cfae07a08e2e82fae9d,45,4.5,f29fbc387af1fae9,8,auto_labeled_pending_review
images/train/cctv052x2004080516x01642_788c736f26_f0000050_t0000005000.jpg,train,D:\Users\L1\Downloads\archive\video\cctv052x2004080516x01642.avi,788c736f261568f55947ba897ad47f527f33381e1e562cfae07a08e2e82fae9d,50,5.0,f29fbc3878fbfbf5,7,auto_labeled_pending_review
images/train/cctv052x2004080617x00077_e44c641ce6_f0000000_t0000000000.jpg,train,D:\Users\L1\Downloads\archive\video\cctv052x2004080617x00077.avi,e44c641ce6dff4598addc3a66c4b386420587699fc04e9ea22eee933dbd76040,0,0.0,761cbc3979f4f8ea,64,auto_labeled_pending_review
images/train/cctv052x2004080617x00077_e44c641ce6_f0000005_t0000000500.jpg,train,D:\Users\L1\Downloads\archive\video\cctv052x2004080617x00077.avi,e44c641ce6dff4598addc3a66c4b386420587699fc04e9ea22eee933dbd76040,5,0.5,f2869e3979fcf2f9,14,auto_labeled_pending_review
images/train/cctv052x2004080617x00077_e44c641ce6_f0000010_t0000001000.jpg,train,D:\Users\L1\Downloads\archive\video\cctv052x2004080617x00077.avi,e44c641ce6dff4598addc3a66c4b386420587699fc04e9ea22eee933dbd76040,10,1.0,f2869e3979fcedf5,7,auto_labeled_pending_review
images/train/cctv052x2004080617x00077_e44c641ce6_f0000015_t0000001500.jpg,train,D:\Users\L1\Downloads\archive\video\cctv052x2004080617x00077.avi,e44c641ce6dff4598addc3a66c4b386420587699fc04e9ea22eee933dbd76040,15,1.5,f2869e397df4f9fc,6,auto_labeled_pending_review
images/train/cctv052x2004080617x00077_e44c641ce6_f0000020_t0000002000.jpg,train,D:\Users\L1\Downloads\archive\video\cctv052x2004080617x00077.avi,e44c641ce6dff4598addc3a66c4b386420587699fc04e9ea22eee933dbd76040,20,2.0,f2869e397deeebf9,7,auto_labeled_pending_review
images/train/cctv052x2004080617x00077_e44c641ce6_f0000040_t0000004000.jpg,train,D:\Users\L1\Downloads\archive\video\cctv052x2004080617x00077.avi,e44c641ce6dff4598addc3a66c4b386420587699fc04e9ea22eee933dbd76040,40,4.0,f2869e397dfaf8fa,7,auto_labeled_pending_review
images/train/cctv052x2004080617x00077_e44c641ce6_f0000050_t0000005000.jpg,train,D:\Users\L1\Downloads\archive\video\cctv052x2004080617x00077.avi,e44c641ce6dff4598addc3a66c4b386420587699fc04e9ea22eee933dbd76040,50,5.0,f2869e397cf8f6f9,7,auto_labeled_pending_review
images/train/cctv052x2004080610x01881_9511e380f1_f0000000_t0000000000.jpg,train,D:\Users\L1\Downloads\archive\video\cctv052x2004080610x01881.avi,9511e380f1006ffd8a042658350675a2b0636968b98e97da0336455906db8e4d,0,0.0,e5e7f1bc74f0fafa,64,auto_labeled_pending_review
images/train/cctv052x2004080610x01881_9511e380f1_f0000005_t0000000500.jpg,train,D:\Users\L1\Downloads\archive\video\cctv052x2004080610x01881.avi,9511e380f1006ffd8a042658350675a2b0636968b98e97da0336455906db8e4d,5,0.5,e616bc3074f0f9f8,17,auto_labeled_pending_review
images/train/cctv052x2004080610x01881_9511e380f1_f0000015_t0000001500.jpg,train,D:\Users\L1\Downloads\archive\video\cctv052x2004080610x01881.avi,9511e380f1006ffd8a042658350675a2b0636968b98e97da0336455906db8e4d,15,1.5,f616bc3874f5f5f9,7,auto_labeled_pending_review
images/train/cctv052x2004080610x01881_9511e380f1_f0000020_t0000002000.jpg,train,D:\Users\L1\Downloads\archive\video\cctv052x2004080610x01881.avi,9511e380f1006ffd8a042658350675a2b0636968b98e97da0336455906db8e4d,20,2.0,f616bc3874f3fbfa,7,auto_labeled_pending_review
images/train/cctv052x2004080610x01881_9511e380f1_f0000025_t0000002500.jpg,train,D:\Users\L1\Downloads\archive\video\cctv052x2004080610x01881.avi,9511e380f1006ffd8a042658350675a2b0636968b98e97da0336455906db8e4d,25,2.5,f616bc3472faf9f9,9,auto_labeled_pending_review
images/train/cctv052x2004080610x01881_9511e380f1_f0000030_t0000003000.jpg,train,D:\Users\L1\Downloads\archive\video\cctv052x2004080610x01881.avi,9511e380f1006ffd8a042658350675a2b0636968b98e97da0336455906db8e4d,30,3.0,f616bc307af8fbfa,6,auto_labeled_pending_review
images/train/cctv052x2004080610x01881_9511e380f1_f0000035_t0000003500.jpg,train,D:\Users\L1\Downloads\archive\video\cctv052x2004080610x01881.avi,9511e380f1006ffd8a042658350675a2b0636968b98e97da0336455906db8e4d,35,3.5,f616bc3874fafafa,6,auto_labeled_pending_review
images/train/cctv052x2004080610x01881_9511e380f1_f0000040_t0000004000.jpg,train,D:\Users\L1\Downloads\archive\video\cctv052x2004080610x01881.avi,9511e380f1006ffd8a042658350675a2b0636968b98e97da0336455906db8e4d,40,4.0,f616bc3070f2f9ef,8,auto_labeled_pending_review
images/train/cctv052x2004080610x01881_9511e380f1_f0000045_t0000004500.jpg,train,D:\Users\L1\Downloads\archive\video\cctv052x2004080610x01881.avi,9511e380f1006ffd8a042658350675a2b0636968b98e97da0336455906db8e4d,45,4.5,f616bc3074f8fafa,8,auto_labeled_pending_review
images/train/cctv052x2004080610x01881_9511e380f1_f0000050_t0000005000.jpg,train,D:\Users\L1\Downloads\archive\video\cctv052x2004080610x01881.avi,9511e380f1006ffd8a042658350675a2b0636968b98e97da0336455906db8e4d,50,5.0,f616b83474fbf9fa,6,auto_labeled_pending_review
images/train/cctv052x2004080519x01691_de542ea949_f0000000_t0000000000.jpg,train,D:\Users\L1\Downloads\archive\video\cctv052x2004080519x01691.avi,de542ea9490cf9ae9f4f07c6184faa085ac02f68c2b2d6c6b5ee45647332a03a,0,0.0,5282ccf878f9f1f9,64,auto_labeled_pending_review
images/train/cctv052x2004080519x01691_de542ea949_f0000005_t0000000500.jpg,train,D:\Users\L1\Downloads\archive\video\cctv052x2004080519x01691.avi,de542ea9490cf9ae9f4f07c6184faa085ac02f68c2b2d6c6b5ee45647332a03a,5,0.5,f21e9c3978faf2f9,15,auto_labeled_pending_review
images/train/cctv052x2004080519x01691_de542ea949_f0000010_t0000001000.jpg,train,D:\Users\L1\Downloads\archive\video\cctv052x2004080519x01691.avi,de542ea9490cf9ae9f4f07c6184faa085ac02f68c2b2d6c6b5ee45647332a03a,10,1.0,f21e983978f0f3fa,6,auto_labeled_pending_review
images/train/cctv052x2004080519x01691_de542ea949_f0000020_t0000002000.jpg,train,D:\Users\L1\Downloads\archive\video\cctv052x2004080519x01691.avi,de542ea9490cf9ae9f4f07c6184faa085ac02f68c2b2d6c6b5ee45647332a03a,20,2.0,f21e983975f4f0ec,9,auto_labeled_pending_review
images/train/cctv052x2004080519x01691_de542ea949_f0000025_t0000002500.jpg,train,D:\Users\L1\Downloads\archive\video\cctv052x2004080519x01691.avi,de542ea9490cf9ae9f4f07c6184faa085ac02f68c2b2d6c6b5ee45647332a03a,25,2.5,f21e9a3974f9f8f8,8,auto_labeled_pending_review
images/train/cctv052x2004080519x01691_de542ea949_f0000045_t0000004500.jpg,train,D:\Users\L1\Downloads\archive\video\cctv052x2004080519x01691.avi,de542ea9490cf9ae9f4f07c6184faa085ac02f68c2b2d6c6b5ee45647332a03a,45,4.5,f21e9a397af8f1f3,9,auto_labeled_pending_review
images/train/cctv052x2004080519x01691_de542ea949_f0000050_t0000005000.jpg,train,D:\Users\L1\Downloads\archive\video\cctv052x2004080519x01691.avi,de542ea9490cf9ae9f4f07c6184faa085ac02f68c2b2d6c6b5ee45647332a03a,50,5.0,f21e9a3b7cfaf0f8,8,auto_labeled_pending_review
images/train/cctv052x2004080516x01643_7fa46b136f_f0000000_t0000000000.jpg,train,D:\Users\L1\Downloads\archive\video\cctv052x2004080516x01643.avi,7fa46b136fcae01ed06dc3293e16fc75def7a181e295e58facb048f73516efc0,0,0.0,d48adcf178fbf1fb,64,auto_labeled_pending_review
images/train/cctv052x2004080516x01643_7fa46b136f_f0000005_t0000000500.jpg,train,D:\Users\L1\Downloads\archive\video\cctv052x2004080516x01643.avi,7fa46b136fcae01ed06dc3293e16fc75def7a181e295e58facb048f73516efc0,5,0.5,f297bc3878f5fbeb,19,auto_labeled_pending_review
images/train/cctv052x2004080516x01643_7fa46b136f_f0000015_t0000001500.jpg,train,D:\Users\L1\Downloads\archive\video\cctv052x2004080516x01643.avi,7fa46b136fcae01ed06dc3293e16fc75def7a181e295e58facb048f73516efc0,15,1.5,f29fbc3870f3faed,7,auto_labeled_pending_review
images/train/cctv052x2004080516x01643_7fa46b136f_f0000020_t0000002000.jpg,train,D:\Users\L1\Downloads\archive\video\cctv052x2004080516x01643.avi,7fa46b136fcae01ed06dc3293e16fc75def7a181e295e58facb048f73516efc0,20,2.0,f297bc3872f2eae6,7,auto_labeled_pending_review
images/train/cctv052x2004080516x01643_7fa46b136f_f0000035_t0000003500.jpg,train,D:\Users\L1\Downloads\archive\video\cctv052x2004080516x01643.avi,7fa46b136fcae01ed06dc3293e16fc75def7a181e295e58facb048f73516efc0,35,3.5,f297bc3876fceef8,9,auto_labeled_pending_review
images/train/cctv052x2004080516x01643_7fa46b136f_f0000040_t0000004000.jpg,train,D:\Users\L1\Downloads\archive\video\cctv052x2004080516x01643.avi,7fa46b136fcae01ed06dc3293e16fc75def7a181e295e58facb048f73516efc0,40,4.0,f29fbc3074ecfcfb,8,auto_labeled_pending_review
images/train/cctv052x2004080516x01643_7fa46b136f_f0000050_t0000005000.jpg,train,D:\Users\L1\Downloads\archive\video\cctv052x2004080516x01643.avi,7fa46b136fcae01ed06dc3293e16fc75def7a181e295e58facb048f73516efc0,50,5.0,f297bc3074ecf3ea,7,auto_labeled_pending_review
images/train/cctv052x2004080611x01894_6d4a98a303_f0000000_t0000000000.jpg,train,D:\Users\L1\Downloads\archive\video\cctv052x2004080611x01894.avi,6d4a98a3033b7a67f4373dd5847e15285d7caf4d70152000cb79eb7c91664dc0,0,0.0,65e5fc3178f4f8fa,64,auto_labeled_pending_review
images/train/cctv052x2004080611x01894_6d4a98a303_f0000005_t0000000500.jpg,train,D:\Users\L1\Downloads\archive\video\cctv052x2004080611x01894.avi,6d4a98a3033b7a67f4373dd5847e15285d7caf4d70152000cb79eb7c91664dc0,5,0.5,e2169c397cf8f4fd,21,auto_labeled_pending_review
images/train/cctv052x2004080611x01894_6d4a98a303_f0000010_t0000001000.jpg,train,D:\Users\L1\Downloads\archive\video\cctv052x2004080611x01894.avi,6d4a98a3033b7a67f4373dd5847e15285d7caf4d70152000cb79eb7c91664dc0,10,1.0,e2169c3974fcfbfa,9,auto_labeled_pending_review
images/train/cctv052x2004080611x01894_6d4a98a303_f0000015_t0000001500.jpg,train,D:\Users\L1\Downloads\archive\video\cctv052x2004080611x01894.avi,6d4a98a3033b7a67f4373dd5847e15285d7caf4d70152000cb79eb7c91664dc0,15,1.5,e2169c397cfaf0f8,7,auto_labeled_pending_review
images/train/cctv052x2004080611x01894_6d4a98a303_f0000020_t0000002000.jpg,train,D:\Users\L1\Downloads\archive\video\cctv052x2004080611x01894.avi,6d4a98a3033b7a67f4373dd5847e15285d7caf4d70152000cb79eb7c91664dc0,20,2.0,e2169c397cf1f1fb,6,auto_labeled_pending_review
images/train/cctv052x2004080611x01894_6d4a98a303_f0000030_t0000003000.jpg,train,D:\Users\L1\Downloads\archive\video\cctv052x2004080611x01894.avi,6d4a98a3033b7a67f4373dd5847e15285d7caf4d70152000cb79eb7c91664dc0,30,3.0,e2169c3972f2f2fa,8,auto_labeled_pending_review
images/train/cctv052x2004080611x01894_6d4a98a303_f0000040_t0000004000.jpg,train,D:\Users\L1\Downloads\archive\video\cctv052x2004080611x01894.avi,6d4a98a3033b7a67f4373dd5847e15285d7caf4d70152000cb79eb7c91664dc0,40,4.0,e2169c3172f1f1fb,6,auto_labeled_pending_review
images/train/cctv052x2004080611x01894_6d4a98a303_f0000045_t0000004500.jpg,train,D:\Users\L1\Downloads\archive\video\cctv052x2004080611x01894.avi,6d4a98a3033b7a67f4373dd5847e15285d7caf4d70152000cb79eb7c91664dc0,45,4.5,e2169c3170f3f7f2,6,auto_labeled_pending_review
images/train/cctv052x2004080611x01894_6d4a98a303_f0000050_t0000005000.jpg,train,D:\Users\L1\Downloads\archive\video\cctv052x2004080611x01894.avi,6d4a98a3033b7a67f4373dd5847e15285d7caf4d70152000cb79eb7c91664dc0,50,5.0,e2169c3572f6f1f9,9,auto_labeled_pending_review
images/train/cctv052x2004080520x01700_50db8783e2_f0000000_t0000000000.jpg,train,D:\Users\L1\Downloads\archive\video\cctv052x2004080520x01700.avi,50db8783e2e560effbddb587563b64f1e5e35e7e104b293ef541bc2b89e6a64c,0,0.0,d2828ce174f4f0fa,64,auto_labeled_pending_review
images/train/cctv052x2004080520x01700_50db8783e2_f0000005_t0000000500.jpg,train,D:\Users\L1\Downloads\archive\video\cctv052x2004080520x01700.avi,50db8783e2e560effbddb587563b64f1e5e35e7e104b293ef541bc2b89e6a64c,5,0.5,f21e98397df9f1f8,18,auto_labeled_pending_review
images/train/cctv052x2004080520x01700_50db8783e2_f0000010_t0000001000.jpg,train,D:\Users\L1\Downloads\archive\video\cctv052x2004080520x01700.avi,50db8783e2e560effbddb587563b64f1e5e35e7e104b293ef541bc2b89e6a64c,10,1.0,f21e983978f2f0f8,6,auto_labeled_pending_review
images/train/cctv052x2004080520x01700_50db8783e2_f0000020_t0000002000.jpg,train,D:\Users\L1\Downloads\archive\video\cctv052x2004080520x01700.avi,50db8783e2e560effbddb587563b64f1e5e35e7e104b293ef541bc2b89e6a64c,20,2.0,f21e983975f8f8ec,8,auto_labeled_pending_review
images/train/cctv052x2004080520x01700_50db8783e2_f0000025_t0000002500.jpg,train,D:\Users\L1\Downloads\archive\video\cctv052x2004080520x01700.avi,50db8783e2e560effbddb587563b64f1e5e35e7e104b293ef541bc2b89e6a64c,25,2.5,f21e983978e8f8f8,6,auto_labeled_pending_review
images/train/cctv052x2004080516x01641_fc82cdba60_f0000000_t0000000000.jpg,train,D:\Users\L1\Downloads\archive\video\cctv052x2004080516x01641.avi,fc82cdba600ca446ec65dbe3532f710d239ec6382e455946d5fac16f214ee3c7,0,0.0,d4829c387cfbf8fb,64,auto_labeled_pending_review
images/train/cctv052x2004080516x01641_fc82cdba60_f0000005_t0000000500.jpg,train,D:\Users\L1\Downloads\archive\video\cctv052x2004080516x01641.avi,fc82cdba600ca446ec65dbe3532f710d239ec6382e455946d5fac16f214ee3c7,5,0.5,f29fbe387cfaf0ed,14,auto_labeled_pending_review
images/train/cctv052x2004080516x01641_fc82cdba60_f0000010_t0000001000.jpg,train,D:\Users\L1\Downloads\archive\video\cctv052x2004080516x01641.avi,fc82cdba600ca446ec65dbe3532f710d239ec6382e455946d5fac16f214ee3c7,10,1.0,f29fbc3878fbf5fb,8,auto_labeled_pending_review
images/train/cctv052x2004080516x01641_fc82cdba60_f0000015_t0000001500.jpg,train,D:\Users\L1\Downloads\archive\video\cctv052x2004080516x01641.avi,fc82cdba600ca446ec65dbe3532f710d239ec6382e455946d5fac16f214ee3c7,15,1.5,f29fbc3878f5ebfa,8,auto_labeled_pending_review
images/train/cctv052x2004080516x01641_fc82cdba60_f0000020_t0000002000.jpg,train,D:\Users\L1\Downloads\archive\video\cctv052x2004080516x01641.avi,fc82cdba600ca446ec65dbe3532f710d239ec6382e455946d5fac16f214ee3c7,20,2.0,f29ebc3878f5f6fe,6,auto_labeled_pending_review
images/train/cctv052x2004080516x01641_fc82cdba60_f0000025_t0000002500.jpg,train,D:\Users\L1\Downloads\archive\video\cctv052x2004080516x01641.avi,fc82cdba600ca446ec65dbe3532f710d239ec6382e455946d5fac16f214ee3c7,25,2.5,f29ebc3874e7f9f8,10,auto_labeled_pending_review
images/train/cctv052x2004080516x01641_fc82cdba60_f0000035_t0000003500.jpg,train,D:\Users\L1\Downloads\archive\video\cctv052x2004080516x01641.avi,fc82cdba600ca446ec65dbe3532f710d239ec6382e455946d5fac16f214ee3c7,35,3.5,f29fbc3876fdf1fc,7,auto_labeled_pending_review
images/train/cctv052x2004080516x01641_fc82cdba60_f0000045_t0000004500.jpg,train,D:\Users\L1\Downloads\archive\video\cctv052x2004080516x01641.avi,fc82cdba600ca446ec65dbe3532f710d239ec6382e455946d5fac16f214ee3c7,45,4.5,f29fb8307af3e9f9,11,auto_labeled_pending_review
images/train/cctv052x2004080517x01654_cd9071d2a6_f0000000_t0000000000.jpg,train,D:\Users\L1\Downloads\archive\video\cctv052x2004080517x01654.avi,cd9071d2a635f9b40baa1410d19df0680b0bbbd33c01d375a6f9ce73f37dc94b,0,0.0,d19ebc3271f1ecee,64,auto_labeled_pending_review
images/train/cctv052x2004080517x01654_cd9071d2a6_f0000015_t0000001500.jpg,train,D:\Users\L1\Downloads\archive\video\cctv052x2004080517x01654.avi,cd9071d2a635f9b40baa1410d19df0680b0bbbd33c01d375a6f9ce73f37dc94b,15,1.5,f29ebc3271e9ecea,6,auto_labeled_pending_review
images/train/cctv052x2004080517x01654_cd9071d2a6_f0000045_t0000004500.jpg,train,D:\Users\L1\Downloads\archive\video\cctv052x2004080517x01654.avi,cd9071d2a635f9b40baa1410d19df0680b0bbbd33c01d375a6f9ce73f37dc94b,45,4.5,f29ebc3279e5ed69,7,auto_labeled_pending_review
images/train/cctv052x2004080606x01832_bf0098fd29_f0000000_t0000000000.jpg,train,D:\Users\L1\Downloads\archive\video\cctv052x2004080606x01832.avi,bf0098fd2986caf3d3e97ba4ca4c7ee3eec7184cff205d89d6fae7968a9c165e,0,0.0,d61eb83478f4f4fa,64,auto_labeled_pending_review
images/train/cctv052x2004080606x01832_bf0098fd29_f0000005_t0000000500.jpg,train,D:\Users\L1\Downloads\archive\video\cctv052x2004080606x01832.avi,bf0098fd2986caf3d3e97ba4ca4c7ee3eec7184cff205d89d6fae7968a9c165e,5,0.5,f216bc3078f4f0fa,6,auto_labeled_pending_review
images/train/cctv052x2004080606x01832_bf0098fd29_f0000015_t0000001500.jpg,train,D:\Users\L1\Downloads\archive\video\cctv052x2004080606x01832.avi,bf0098fd2986caf3d3e97ba4ca4c7ee3eec7184cff205d89d6fae7968a9c165e,15,1.5,f216bc387cf8f9f9,8,auto_labeled_pending_review
images/train/cctv052x2004080606x01832_bf0098fd29_f0000025_t0000002500.jpg,train,D:\Users\L1\Downloads\archive\video\cctv052x2004080606x01832.avi,bf0098fd2986caf3d3e97ba4ca4c7ee3eec7184cff205d89d6fae7968a9c165e,25,2.5,f216bc3878f0f0f2,7,auto_labeled_pending_review
images/train/cctv052x2004080610x01882_86aa5357e2_f0000000_t0000000000.jpg,train,D:\Users\L1\Downloads\archive\video\cctv052x2004080610x01882.avi,86aa5357e279be6533c502472ad1355c346044ec74c6709fd124725842db0b00,0,0.0,e5e7f0b97d3f7df8,64,auto_labeled_pending_review
images/train/cctv052x2004080610x01882_86aa5357e2_f0000005_t0000000500.jpg,train,D:\Users\L1\Downloads\archive\video\cctv052x2004080610x01882.avi,86aa5357e279be6533c502472ad1355c346044ec74c6709fd124725842db0b00,5,0.5,e61ebc3874f9f8f8,22,auto_labeled_pending_review
images/train/cctv052x2004080610x01882_86aa5357e2_f0000015_t0000001500.jpg,train,D:\Users\L1\Downloads\archive\video\cctv052x2004080610x01882.avi,86aa5357e279be6533c502472ad1355c346044ec74c6709fd124725842db0b00,15,1.5,e61eb83470f0fafa,8,auto_labeled_pending_review
images/train/cctv052x2004080610x01882_86aa5357e2_f0000020_t0000002000.jpg,train,D:\Users\L1\Downloads\archive\video\cctv052x2004080610x01882.avi,86aa5357e279be6533c502472ad1355c346044ec74c6709fd124725842db0b00,20,2.0,e61ebc3070f8f4fa,6,auto_labeled_pending_review
images/train/cctv052x2004080610x01882_86aa5357e2_f0000025_t0000002500.jpg,train,D:\Users\L1\Downloads\archive\video\cctv052x2004080610x01882.avi,86aa5357e279be6533c502472ad1355c346044ec74c6709fd124725842db0b00,25,2.5,e61ebc3070f4fdf9,6,auto_labeled_pending_review
images/train/cctv052x2004080610x01882_86aa5357e2_f0000030_t0000003000.jpg,train,D:\Users\L1\Downloads\archive\video\cctv052x2004080610x01882.avi,86aa5357e279be6533c502472ad1355c346044ec74c6709fd124725842db0b00,30,3.0,e61ebc3070f2f8fa,6,auto_labeled_pending_review
images/train/cctv052x2004080610x01882_86aa5357e2_f0000050_t0000005000.jpg,train,D:\Users\L1\Downloads\archive\video\cctv052x2004080610x01882.avi,86aa5357e279be6533c502472ad1355c346044ec74c6709fd124725842db0b00,50,5.0,e61ebc3878fcf8f9,7,auto_labeled_pending_review
images/train/cctv052x2004080613x00008_e3c7e12b9c_f0000000_t0000000000.jpg,train,D:\Users\L1\Downloads\archive\video\cctv052x2004080613x00008.avi,e3c7e12b9c52cbdd6292dcc5877ca8ddd8428b2d7fe1cac30d0d5d4f5827aaa5,0,0.0,f616983c72f4f8fa,64,auto_labeled_pending_review
images/train/cctv052x2004080613x00008_e3c7e12b9c_f0000005_t0000000500.jpg,train,D:\Users\L1\Downloads\archive\video\cctv052x2004080613x00008.avi,e3c7e12b9c52cbdd6292dcc5877ca8ddd8428b2d7fe1cac30d0d5d4f5827aaa5,5,0.5,e6169c3874f8f8fa,7,auto_labeled_pending_review
images/train/cctv052x2004080613x00008_e3c7e12b9c_f0000010_t0000001000.jpg,train,D:\Users\L1\Downloads\archive\video\cctv052x2004080613x00008.avi,e3c7e12b9c52cbdd6292dcc5877ca8ddd8428b2d7fe1cac30d0d5d4f5827aaa5,10,1.0,f6169c3474f8f6fb,7,auto_labeled_pending_review
images/train/cctv052x2004080613x00008_e3c7e12b9c_f0000015_t0000001500.jpg,train,D:\Users\L1\Downloads\archive\video\cctv052x2004080613x00008.avi,e3c7e12b9c52cbdd6292dcc5877ca8ddd8428b2d7fe1cac30d0d5d4f5827aaa5,15,1.5,f6169c3470f6f9f9,9,auto_labeled_pending_review
images/train/cctv052x2004080613x00008_e3c7e12b9c_f0000025_t0000002500.jpg,train,D:\Users\L1\Downloads\archive\video\cctv052x2004080613x00008.avi,e3c7e12b9c52cbdd6292dcc5877ca8ddd8428b2d7fe1cac30d0d5d4f5827aaa5,25,2.5,f6169c307cf2fafa,8,auto_labeled_pending_review
images/train/cctv052x2004080613x00008_e3c7e12b9c_f0000030_t0000003000.jpg,train,D:\Users\L1\Downloads\archive\video\cctv052x2004080613x00008.avi,e3c7e12b9c52cbdd6292dcc5877ca8ddd8428b2d7fe1cac30d0d5d4f5827aaa5,30,3.0,f6169c3874f5f5fb,10,auto_labeled_pending_review
images/train/cctv052x2004080613x00008_e3c7e12b9c_f0000035_t0000003500.jpg,train,D:\Users\L1\Downloads\archive\video\cctv052x2004080613x00008.avi,e3c7e12b9c52cbdd6292dcc5877ca8ddd8428b2d7fe1cac30d0d5d4f5827aaa5,35,3.5,f6169c3874f6f0f8,6,auto_labeled_pending_review
images/train/cctv052x2004080613x00008_e3c7e12b9c_f0000040_t0000004000.jpg,train,D:\Users\L1\Downloads\archive\video\cctv052x2004080613x00008.avi,e3c7e12b9c52cbdd6292dcc5877ca8ddd8428b2d7fe1cac30d0d5d4f5827aaa5,40,4.0,f6169c3476f0f2f3,9,auto_labeled_pending_review
images/train/cctv052x2004080613x00008_e3c7e12b9c_f0000045_t0000004500.jpg,train,D:\Users\L1\Downloads\archive\video\cctv052x2004080613x00008.avi,e3c7e12b9c52cbdd6292dcc5877ca8ddd8428b2d7fe1cac30d0d5d4f5827aaa5,45,4.5,f6169c347af5f4fa,8,auto_labeled_pending_review
images/train/cctv052x2004080612x00002_014d9e3bbf_f0000000_t0000000000.jpg,train,D:\Users\L1\Downloads\archive\video\cctv052x2004080612x00002.avi,014d9e3bbf0bbbf971f3d1d7ac95954a3622f38c9a644495335428cae02380c9,0,0.0,6566b83070f8f6f2,64,auto_labeled_pending_review
images/train/cctv052x2004080612x00002_014d9e3bbf_f0000005_t0000000500.jpg,train,D:\Users\L1\Downloads\archive\video\cctv052x2004080612x00002.avi,014d9e3bbf0bbbf971f3d1d7ac95954a3622f38c9a644495335428cae02380c9,5,0.5,f696b83078f4f4fb,14,auto_labeled_pending_review
images/train/cctv052x2004080612x00002_014d9e3bbf_f0000015_t0000001500.jpg,train,D:\Users\L1\Downloads\archive\video\cctv052x2004080612x00002.avi,014d9e3bbf0bbbf971f3d1d7ac95954a3622f38c9a644495335428cae02380c9,15,1.5,f696b8307cfaf2fb,6,auto_labeled_pending_review
images/train/cctv052x2004080612x00002_014d9e3bbf_f0000020_t0000002000.jpg,train,D:\Users\L1\Downloads\archive\video\cctv052x2004080612x00002.avi,014d9e3bbf0bbbf971f3d1d7ac95954a3622f38c9a644495335428cae02380c9,20,2.0,f696b83878f6f1fb,6,auto_labeled_pending_review
images/train/cctv052x2004080612x00002_014d9e3bbf_f0000025_t0000002500.jpg,train,D:\Users\L1\Downloads\archive\video\cctv052x2004080612x00002.avi,014d9e3bbf0bbbf971f3d1d7ac95954a3622f38c9a644495335428cae02380c9,25,2.5,f696b83874f2fafa,7,auto_labeled_pending_review
images/train/cctv052x2004080612x00002_014d9e3bbf_f0000040_t0000004000.jpg,train,D:\Users\L1\Downloads\archive\video\cctv052x2004080612x00002.avi,014d9e3bbf0bbbf971f3d1d7ac95954a3622f38c9a644495335428cae02380c9,40,4.0,f696b83470f8f8fa,6,auto_labeled_pending_review
images/train/cctv052x2004080612x00002_014d9e3bbf_f0000045_t0000004500.jpg,train,D:\Users\L1\Downloads\archive\video\cctv052x2004080612x00002.avi,014d9e3bbf0bbbf971f3d1d7ac95954a3622f38c9a644495335428cae02380c9,45,4.5,f696b83478f4f4fb,6,auto_labeled_pending_review
images/train/cctv052x2004080617x00066_29035d6a8f_f0000000_t0000000000.jpg,train,D:\Users\L1\Downloads\archive\video\cctv052x2004080617x00066.avi,29035d6a8f22d61d94352041eedf0ebec87d6b893e8b8746b0a823d7632b0a69,0,0.0,9316bc3972f9f1ef,64,auto_labeled_pending_review
images/train/cctv052x2004080617x00066_29035d6a8f_f0000005_t0000000500.jpg,train,D:\Users\L1\Downloads\archive\video\cctv052x2004080617x00066.avi,29035d6a8f22d61d94352041eedf0ebec87d6b893e8b8746b0a823d7632b0a69,5,0.5,f2b6bc3972f9f8f9,10,auto_labeled_pending_review
images/train/cctv052x2004080617x00066_29035d6a8f_f0000015_t0000001500.jpg,train,D:\Users\L1\Downloads\archive\video\cctv052x2004080617x00066.avi,29035d6a8f22d61d94352041eedf0ebec87d6b893e8b8746b0a823d7632b0a69,15,1.5,f2b63c357afbfaf2,9,auto_labeled_pending_review
images/train/cctv052x2004080617x00066_29035d6a8f_f0000025_t0000002500.jpg,train,D:\Users\L1\Downloads\archive\video\cctv052x2004080617x00066.avi,29035d6a8f22d61d94352041eedf0ebec87d6b893e8b8746b0a823d7632b0a69,25,2.5,f2b63c357af8f4f9,8,auto_labeled_pending_review
images/train/cctv052x2004080617x00066_29035d6a8f_f0000035_t0000003500.jpg,train,D:\Users\L1\Downloads\archive\video\cctv052x2004080617x00066.avi,29035d6a8f22d61d94352041eedf0ebec87d6b893e8b8746b0a823d7632b0a69,35,3.5,f2b63c3173f5f1fa,10,auto_labeled_pending_review
images/train/cctv052x2004080617x00066_29035d6a8f_f0000045_t0000004500.jpg,train,D:\Users\L1\Downloads\archive\video\cctv052x2004080617x00066.avi,29035d6a8f22d61d94352041eedf0ebec87d6b893e8b8746b0a823d7632b0a69,45,4.5,f2b6bc3171f1fafa,6,auto_labeled_pending_review
images/train/cctv052x2004080609x01859_22f85e2937_f0000000_t0000000000.jpg,train,D:\Users\L1\Downloads\archive\video\cctv052x2004080609x01859.avi,22f85e29379203d916ddb40d6a03eabd4dc53f9df5a2de4ba93825396934e5af,0,0.0,f21ebc3078f4f9f9,64,auto_labeled_pending_review
images/train/cctv052x2004080609x01859_22f85e2937_f0000005_t0000000500.jpg,train,D:\Users\L1\Downloads\archive\video\cctv052x2004080609x01859.avi,22f85e29379203d916ddb40d6a03eabd4dc53f9df5a2de4ba93825396934e5af,5,0.5,f21ebc3474fafbfb,8,auto_labeled_pending_review
images/train/cctv052x2004080609x01859_22f85e2937_f0000045_t0000004500.jpg,train,D:\Users\L1\Downloads\archive\video\cctv052x2004080609x01859.avi,22f85e29379203d916ddb40d6a03eabd4dc53f9df5a2de4ba93825396934e5af,45,4.5,e21e3c3478f8f8fa,8,auto_labeled_pending_review
images/train/cctv052x2004080616x00056_6862846a4f_f0000000_t0000000000.jpg,train,D:\Users\L1\Downloads\archive\video\cctv052x2004080616x00056.avi,6862846a4f8fcfa693445ad0812cd85c6ec542623fec4dbc0c25879a1ce4e813,0,0.0,9254a50dfcf9f66e,64,auto_labeled_pending_review
images/train/cctv052x2004080616x00056_6862846a4f_f0000005_t0000000500.jpg,train,D:\Users\L1\Downloads\archive\video\cctv052x2004080616x00056.avi,6862846a4f8fcfa693445ad0812cd85c6ec542623fec4dbc0c25879a1ce4e813,5,0.5,f2863c347cfdf668,18,auto_labeled_pending_review
images/train/cctv052x2004080616x00056_6862846a4f_f0000015_t0000001500.jpg,train,D:\Users\L1\Downloads\archive\video\cctv052x2004080616x00056.avi,6862846a4f8fcfa693445ad0812cd85c6ec542623fec4dbc0c25879a1ce4e813,15,1.5,f286be347cf4ee7c,8,auto_labeled_pending_review
images/train/cctv052x2004080616x00056_6862846a4f_f0000020_t0000002000.jpg,train,D:\Users\L1\Downloads\archive\video\cctv052x2004080616x00056.avi,6862846a4f8fcfa693445ad0812cd85c6ec542623fec4dbc0c25879a1ce4e813,20,2.0,f286bc347cfcf669,7,auto_labeled_pending_review
images/train/cctv052x2004080616x00056_6862846a4f_f0000025_t0000002500.jpg,train,D:\Users\L1\Downloads\archive\video\cctv052x2004080616x00056.avi,6862846a4f8fcfa693445ad0812cd85c6ec542623fec4dbc0c25879a1ce4e813,25,2.5,f2863e3478fcf868,7,auto_labeled_pending_review
images/train/cctv052x2004080616x00056_6862846a4f_f0000035_t0000003500.jpg,train,D:\Users\L1\Downloads\archive\video\cctv052x2004080616x00056.avi,6862846a4f8fcfa693445ad0812cd85c6ec542623fec4dbc0c25879a1ce4e813,35,3.5,f2863e3478f5e9f8,6,auto_labeled_pending_review
images/train/cctv052x2004080616x00056_6862846a4f_f0000050_t0000005000.jpg,train,D:\Users\L1\Downloads\archive\video\cctv052x2004080616x00056.avi,6862846a4f8fcfa693445ad0812cd85c6ec542623fec4dbc0c25879a1ce4e813,50,5.0,f2863c3c74f9f1fb,10,auto_labeled_pending_review
images/train/cctv052x2004080516x01640_500bc1835a_f0000000_t0000000000.jpg,train,D:\Users\L1\Downloads\archive\video\cctv052x2004080516x01640.avi,500bc1835a59f170e450e96ed5a224d5b7a10cae88cc108cf8461a87d754c171,0,0.0,f486ccf078faf9ed,64,auto_labeled_pending_review
images/train/cctv052x2004080516x01640_500bc1835a_f0000005_t0000000500.jpg,train,D:\Users\L1\Downloads\archive\video\cctv052x2004080516x01640.avi,500bc1835a59f170e450e96ed5a224d5b7a10cae88cc108cf8461a87d754c171,5,0.5,f29f9a3874fae8fa,20,auto_labeled_pending_review
images/train/cctv052x2004080516x01640_500bc1835a_f0000015_t0000001500.jpg,train,D:\Users\L1\Downloads\archive\video\cctv052x2004080516x01640.avi,500bc1835a59f170e450e96ed5a224d5b7a10cae88cc108cf8461a87d754c171,15,1.5,f29f9a3078faf8f9,6,auto_labeled_pending_review
images/train/cctv052x2004080516x01640_500bc1835a_f0000025_t0000002500.jpg,train,D:\Users\L1\Downloads\archive\video\cctv052x2004080516x01640.avi,500bc1835a59f170e450e96ed5a224d5b7a10cae88cc108cf8461a87d754c171,25,2.5,f29f9e3878f9f2fa,8,auto_labeled_pending_review
images/train/cctv052x2004080516x01640_500bc1835a_f0000030_t0000003000.jpg,train,D:\Users\L1\Downloads\archive\video\cctv052x2004080516x01640.avi,500bc1835a59f170e450e96ed5a224d5b7a10cae88cc108cf8461a87d754c171,30,3.0,f29f98307cf8f4fa,7,auto_labeled_pending_review
images/train/cctv052x2004080516x01640_500bc1835a_f0000035_t0000003500.jpg,train,D:\Users\L1\Downloads\archive\video\cctv052x2004080516x01640.avi,500bc1835a59f170e450e96ed5a224d5b7a10cae88cc108cf8461a87d754c171,35,3.5,f29f98387af4f8ff,9,auto_labeled_pending_review
images/train/cctv052x2004080516x01640_500bc1835a_f0000040_t0000004000.jpg,train,D:\Users\L1\Downloads\archive\video\cctv052x2004080516x01640.avi,500bc1835a59f170e450e96ed5a224d5b7a10cae88cc108cf8461a87d754c171,40,4.0,f29fbc3c78fdfcfe,8,auto_labeled_pending_review
images/train/cctv052x2004080516x01640_500bc1835a_f0000045_t0000004500.jpg,train,D:\Users\L1\Downloads\archive\video\cctv052x2004080516x01640.avi,500bc1835a59f170e450e96ed5a224d5b7a10cae88cc108cf8461a87d754c171,45,4.5,f29fbc387cf8f9f9,9,auto_labeled_pending_review
images/train/cctv052x2004080612x01908_9223386799_f0000000_t0000000000.jpg,train,D:\Users\L1\Downloads\archive\video\cctv052x2004080612x01908.avi,92233867994f7bfbeb9f42eb3770585fc01cf2a513dfb05bc8348e59fb061178,0,0.0,e5e170b77cf8f8fb,64,auto_labeled_pending_review
images/train/cctv052x2004080612x01908_9223386799_f0000005_t0000000500.jpg,train,D:\Users\L1\Downloads\archive\video\cctv052x2004080612x01908.avi,92233867994f7bfbeb9f42eb3770585fc01cf2a513dfb05bc8348e59fb061178,5,0.5,f616bc3074f8f8fb,19,auto_labeled_pending_review
images/train/cctv052x2004080612x01908_9223386799_f0000030_t0000003000.jpg,train,D:\Users\L1\Downloads\archive\video\cctv052x2004080612x01908.avi,92233867994f7bfbeb9f42eb3770585fc01cf2a513dfb05bc8348e59fb061178,30,3.0,f656bc3878f9f9fb,6,auto_labeled_pending_review
images/train/cctv052x2004080612x01908_9223386799_f0000040_t0000004000.jpg,train,D:\Users\L1\Downloads\archive\video\cctv052x2004080612x01908.avi,92233867994f7bfbeb9f42eb3770585fc01cf2a513dfb05bc8348e59fb061178,40,4.0,f256bc387af0fbfa,6,auto_labeled_pending_review
images/train/cctv052x2004080612x01908_9223386799_f0000050_t0000005000.jpg,train,D:\Users\L1\Downloads\archive\video\cctv052x2004080612x01908.avi,92233867994f7bfbeb9f42eb3770585fc01cf2a513dfb05bc8348e59fb061178,50,5.0,f656bc3870f2f4fb,9,auto_labeled_pending_review
images/train/cctv052x2004080619x00096_61f22760ca_f0000000_t0000000000.jpg,train,D:\Users\L1\Downloads\archive\video\cctv052x2004080619x00096.avi,61f22760caaa354cf223399f2d4a2cf9b2fbdd2f53529772a90b9b1199418c69,0,0.0,2abcf8e270f4f0f8,64,auto_labeled_pending_review
images/train/cctv052x2004080619x00096_61f22760ca_f0000005_t0000000500.jpg,train,D:\Users\L1\Downloads\archive\video\cctv052x2004080619x00096.avi,61f22760caaa354cf223399f2d4a2cf9b2fbdd2f53529772a90b9b1199418c69,5,0.5,f2169a397cf8f1f9,23,auto_labeled_pending_review
images/train/cctv052x2004080619x00096_61f22760ca_f0000010_t0000001000.jpg,train,D:\Users\L1\Downloads\archive\video\cctv052x2004080619x00096.avi,61f22760caaa354cf223399f2d4a2cf9b2fbdd2f53529772a90b9b1199418c69,10,1.0,f2169c397cfaf2f8,6,auto_labeled_pending_review
images/train/cctv052x2004080607x01841_c7834745ac_f0000000_t0000000000.jpg,train,D:\Users\L1\Downloads\archive\video\cctv052x2004080607x01841.avi,c7834745ac91ace2ea7ea6e5871f283c49b7382734596a3b33e0dd59046e0275,0,0.0,d68abc3878f8f8fb,64,auto_labeled_pending_review
images/train/cctv052x2004080607x01841_c7834745ac_f0000005_t0000000500.jpg,train,D:\Users\L1\Downloads\archive\video\cctv052x2004080607x01841.avi,c7834745ac91ace2ea7ea6e5871f283c49b7382734596a3b33e0dd59046e0275,5,0.5,e216bc3878f8f8fa,8,auto_labeled_pending_review
images/train/cctv052x2004080607x01841_c7834745ac_f0000020_t0000002000.jpg,train,D:\Users\L1\Downloads\archive\video\cctv052x2004080607x01841.avi,c7834745ac91ace2ea7ea6e5871f283c49b7382734596a3b33e0dd59046e0275,20,2.0,e2169c3878f9f3fb,6,auto_labeled_pending_review
images/train/cctv052x2004080607x01841_c7834745ac_f0000025_t0000002500.jpg,train,D:\Users\L1\Downloads\archive\video\cctv052x2004080607x01841.avi,c7834745ac91ace2ea7ea6e5871f283c49b7382734596a3b33e0dd59046e0275,25,2.5,e216bc387af2faf9,8,auto_labeled_pending_review
images/train/cctv052x2004080607x01841_c7834745ac_f0000040_t0000004000.jpg,train,D:\Users\L1\Downloads\archive\video\cctv052x2004080607x01841.avi,c7834745ac91ace2ea7ea6e5871f283c49b7382734596a3b33e0dd59046e0275,40,4.0,e2169c3074f8f2fb,9,auto_labeled_pending_review
images/train/cctv052x2004080607x01841_c7834745ac_f0000045_t0000004500.jpg,train,D:\Users\L1\Downloads\archive\video\cctv052x2004080607x01841.avi,c7834745ac91ace2ea7ea6e5871f283c49b7382734596a3b33e0dd59046e0275,45,4.5,e2169c3074f4f4fc,7,auto_labeled_pending_review
images/train/cctv052x2004080608x01858_8555f2ba22_f0000000_t0000000000.jpg,train,D:\Users\L1\Downloads\archive\video\cctv052x2004080608x01858.avi,8555f2ba22aa8d9797492647926c61cef6831411306de409043fe34716316ec1,0,0.0,e566b83072faf8fe,64,auto_labeled_pending_review
images/train/cctv052x2004080608x01858_8555f2ba22_f0000005_t0000000500.jpg,train,D:\Users\L1\Downloads\archive\video\cctv052x2004080608x01858.avi,8555f2ba22aa8d9797492647926c61cef6831411306de409043fe34716316ec1,5,0.5,f216bc3070f8fcfa,12,auto_labeled_pending_review
images/train/cctv052x2004080608x01858_8555f2ba22_f0000020_t0000002000.jpg,train,D:\Users\L1\Downloads\archive\video\cctv052x2004080608x01858.avi,8555f2ba22aa8d9797492647926c61cef6831411306de409043fe34716316ec1,20,2.0,f216b8307af9f1f9,9,auto_labeled_pending_review
images/train/cctv052x2004080608x01858_8555f2ba22_f0000030_t0000003000.jpg,train,D:\Users\L1\Downloads\archive\video\cctv052x2004080608x01858.avi,8555f2ba22aa8d9797492647926c61cef6831411306de409043fe34716316ec1,30,3.0,f216b83872f2f4f8,8,auto_labeled_pending_review
images/train/cctv052x2004080608x01858_8555f2ba22_f0000040_t0000004000.jpg,train,D:\Users\L1\Downloads\archive\video\cctv052x2004080608x01858.avi,8555f2ba22aa8d9797492647926c61cef6831411306de409043fe34716316ec1,40,4.0,f216b83878f8f8fa,7,auto_labeled_pending_review
images/train/cctv052x2004080608x01858_8555f2ba22_f0000045_t0000004500.jpg,train,D:\Users\L1\Downloads\archive\video\cctv052x2004080608x01858.avi,8555f2ba22aa8d9797492647926c61cef6831411306de409043fe34716316ec1,45,4.5,f216b83078f4f6f8,7,auto_labeled_pending_review
images/train/cctv052x2004080612x00004_d99c83dee8_f0000000_t0000000000.jpg,train,D:\Users\L1\Downloads\archive\video\cctv052x2004080612x00004.avi,d99c83dee810c9090696c2af3c1e21c34c49a8e909e810ff3ff67939619a5b4c,0,0.0,65e5f0bd5e3b7cfa,64,auto_labeled_pending_review
images/train/cctv052x2004080612x00004_d99c83dee8_f0000005_t0000000500.jpg,train,D:\Users\L1\Downloads\archive\video\cctv052x2004080612x00004.avi,d99c83dee810c9090696c2af3c1e21c34c49a8e909e810ff3ff67939619a5b4c,5,0.5,e61ebc3472f1f1f2,28,auto_labeled_pending_review
images/train/cctv052x2004080612x00004_d99c83dee8_f0000010_t0000001000.jpg,train,D:\Users\L1\Downloads\archive\video\cctv052x2004080612x00004.avi,d99c83dee810c9090696c2af3c1e21c34c49a8e909e810ff3ff67939619a5b4c,10,1.0,e616bc3072f1f4ec,8,auto_labeled_pending_review
images/train/cctv052x2004080612x00004_d99c83dee8_f0000015_t0000001500.jpg,train,D:\Users\L1\Downloads\archive\video\cctv052x2004080612x00004.avi,d99c83dee810c9090696c2af3c1e21c34c49a8e909e810ff3ff67939619a5b4c,15,1.5,e616bc3473f5e8f9,9,auto_labeled_pending_review
images/train/cctv052x2004080612x00004_d99c83dee8_f0000020_t0000002000.jpg,train,D:\Users\L1\Downloads\archive\video\cctv052x2004080612x00004.avi,d99c83dee810c9090696c2af3c1e21c34c49a8e909e810ff3ff67939619a5b4c,20,2.0,e616bc3472f9f9fb,6,auto_labeled_pending_review
images/train/cctv052x2004080612x00004_d99c83dee8_f0000030_t0000003000.jpg,train,D:\Users\L1\Downloads\archive\video\cctv052x2004080612x00004.avi,d99c83dee810c9090696c2af3c1e21c34c49a8e909e810ff3ff67939619a5b4c,30,3.0,e616bc3078f1f8f9,6,auto_labeled_pending_review
images/train/cctv052x2004080612x00004_d99c83dee8_f0000040_t0000004000.jpg,train,D:\Users\L1\Downloads\archive\video\cctv052x2004080612x00004.avi,d99c83dee810c9090696c2af3c1e21c34c49a8e909e810ff3ff67939619a5b4c,40,4.0,e616bc3070f2f2f8,6,auto_labeled_pending_review
images/train/cctv052x2004080612x00004_d99c83dee8_f0000050_t0000005000.jpg,train,D:\Users\L1\Downloads\archive\video\cctv052x2004080612x00004.avi,d99c83dee810c9090696c2af3c1e21c34c49a8e909e810ff3ff67939619a5b4c,50,5.0,e616bc3074f3f1fb,6,auto_labeled_pending_review
images/train/cctv052x2004080612x00000_3f16371ecd_f0000000_t0000000000.jpg,train,D:\Users\L1\Downloads\archive\video\cctv052x2004080612x00000.avi,3f16371ecddf19def5d77dbd89fea1ba9cf12bb75926d5e81c60ab522f93eab0,0,0.0,65669c3870f9e9f9,64,auto_labeled_pending_review
images/train/cctv052x2004080612x00000_3f16371ecd_f0000005_t0000000500.jpg,train,D:\Users\L1\Downloads\archive\video\cctv052x2004080612x00000.avi,3f16371ecddf19def5d77dbd89fea1ba9cf12bb75926d5e81c60ab522f93eab0,5,0.5,f21e98307afafbfa,19,auto_labeled_pending_review
images/train/cctv052x2004080612x00000_3f16371ecd_f0000015_t0000001500.jpg,train,D:\Users\L1\Downloads\archive\video\cctv052x2004080612x00000.avi,3f16371ecddf19def5d77dbd89fea1ba9cf12bb75926d5e81c60ab522f93eab0,15,1.5,f21e9c307af4f6fe,8,auto_labeled_pending_review
images/train/cctv052x2004080612x00000_3f16371ecd_f0000020_t0000002000.jpg,train,D:\Users\L1\Downloads\archive\video\cctv052x2004080612x00000.avi,3f16371ecddf19def5d77dbd89fea1ba9cf12bb75926d5e81c60ab522f93eab0,20,2.0,f25e9c3874f4f8f8,10,auto_labeled_pending_review
images/train/cctv052x2004080612x00000_3f16371ecd_f0000025_t0000002500.jpg,train,D:\Users\L1\Downloads\archive\video\cctv052x2004080612x00000.avi,3f16371ecddf19def5d77dbd89fea1ba9cf12bb75926d5e81c60ab522f93eab0,25,2.5,f21e9c3074f9f9fa,7,auto_labeled_pending_review
images/train/cctv052x2004080612x00000_3f16371ecd_f0000030_t0000003000.jpg,train,D:\Users\L1\Downloads\archive\video\cctv052x2004080612x00000.avi,3f16371ecddf19def5d77dbd89fea1ba9cf12bb75926d5e81c60ab522f93eab0,30,3.0,f25e9c347afafefd,13,auto_labeled_pending_review
images/train/cctv052x2004080612x00000_3f16371ecd_f0000035_t0000003500.jpg,train,D:\Users\L1\Downloads\archive\video\cctv052x2004080612x00000.avi,3f16371ecddf19def5d77dbd89fea1ba9cf12bb75926d5e81c60ab522f93eab0,35,3.5,f21e98307af8fafa,8,auto_labeled_pending_review
images/train/cctv052x2004080612x00000_3f16371ecd_f0000045_t0000004500.jpg,train,D:\Users\L1\Downloads\archive\video\cctv052x2004080612x00000.avi,3f16371ecddf19def5d77dbd89fea1ba9cf12bb75926d5e81c60ab522f93eab0,45,4.5,e21e98387cf5f5f9,13,auto_labeled_pending_review
images/train/cctv052x2004080612x00000_3f16371ecd_f0000050_t0000005000.jpg,train,D:\Users\L1\Downloads\archive\video\cctv052x2004080612x00000.avi,3f16371ecddf19def5d77dbd89fea1ba9cf12bb75926d5e81c60ab522f93eab0,50,5.0,f21e983874f2f2fa,10,auto_labeled_pending_review
images/train/cctv052x2004080519x01686_ff253c7d16_f0000000_t0000000000.jpg,train,D:\Users\L1\Downloads\archive\video\cctv052x2004080519x01686.avi,ff253c7d160ccb74dd08d2636dc7925f68063b0a0ee6fffa93c5b6d12c079dc6,0,0.0,d882cce070fef0f8,64,auto_labeled_pending_review
images/train/cctv052x2004080519x01686_ff253c7d16_f0000005_t0000000500.jpg,train,D:\Users\L1\Downloads\archive\video\cctv052x2004080519x01686.avi,ff253c7d160ccb74dd08d2636dc7925f68063b0a0ee6fffa93c5b6d12c079dc6,5,0.5,f20e98317cf8f8f8,18,auto_labeled_pending_review
images/train/cctv052x2004080519x01686_ff253c7d16_f0000025_t0000002500.jpg,train,D:\Users\L1\Downloads\archive\video\cctv052x2004080519x01686.avi,ff253c7d160ccb74dd08d2636dc7925f68063b0a0ee6fffa93c5b6d12c079dc6,25,2.5,f20e983978f8f2fb,6,auto_labeled_pending_review
images/train/cctv052x2004080519x01686_ff253c7d16_f0000030_t0000003000.jpg,train,D:\Users\L1\Downloads\archive\video\cctv052x2004080519x01686.avi,ff253c7d160ccb74dd08d2636dc7925f68063b0a0ee6fffa93c5b6d12c079dc6,30,3.0,f20e9a3978f4f0f8,6,auto_labeled_pending_review
images/train/cctv052x2004080609x01873_60bd0d8333_f0000000_t0000000000.jpg,train,D:\Users\L1\Downloads\archive\video\cctv052x2004080609x01873.avi,60bd0d8333280e946f144c8f7899cf76abd41e3b4bfe817024d0cdd077e20816,0,0.0,e5e5f0bc74f0f0fa,64,auto_labeled_pending_review
images/train/cctv052x2004080609x01873_60bd0d8333_f0000005_t0000000500.jpg,train,D:\Users\L1\Downloads\archive\video\cctv052x2004080609x01873.avi,60bd0d8333280e946f144c8f7899cf76abd41e3b4bfe817024d0cdd077e20816,5,0.5,f6569c3474f1f0f8,16,auto_labeled_pending_review
images/train/cctv052x2004080609x01873_60bd0d8333_f0000015_t0000001500.jpg,train,D:\Users\L1\Downloads\archive\video\cctv052x2004080609x01873.avi,60bd0d8333280e946f144c8f7899cf76abd41e3b4bfe817024d0cdd077e20816,15,1.5,f6569c3472f1f5fb,6,auto_labeled_pending_review
images/train/cctv052x2004080609x01873_60bd0d8333_f0000020_t0000002000.jpg,train,D:\Users\L1\Downloads\archive\video\cctv052x2004080609x01873.avi,60bd0d8333280e946f144c8f7899cf76abd41e3b4bfe817024d0cdd077e20816,20,2.0,f6569c3472f6f2f2,8,auto_labeled_pending_review
images/train/cctv052x2004080609x01873_60bd0d8333_f0000025_t0000002500.jpg,train,D:\Users\L1\Downloads\archive\video\cctv052x2004080609x01873.avi,60bd0d8333280e946f144c8f7899cf76abd41e3b4bfe817024d0cdd077e20816,25,2.5,f6569c3072f5f5f6,7,auto_labeled_pending_review
images/train/cctv052x2004080609x01873_60bd0d8333_f0000030_t0000003000.jpg,train,D:\Users\L1\Downloads\archive\video\cctv052x2004080609x01873.avi,60bd0d8333280e946f144c8f7899cf76abd41e3b4bfe817024d0cdd077e20816,30,3.0,f6569c3072f5e8fa,6,auto_labeled_pending_review
images/train/cctv052x2004080609x01873_60bd0d8333_f0000035_t0000003500.jpg,train,D:\Users\L1\Downloads\archive\video\cctv052x2004080609x01873.avi,60bd0d8333280e946f144c8f7899cf76abd41e3b4bfe817024d0cdd077e20816,35,3.5,f6569c3072eaf8fe,7,auto_labeled_pending_review
images/train/cctv052x2004080609x01873_60bd0d8333_f0000045_t0000004500.jpg,train,D:\Users\L1\Downloads\archive\video\cctv052x2004080609x01873.avi,60bd0d8333280e946f144c8f7899cf76abd41e3b4bfe817024d0cdd077e20816,45,4.5,e6569c3078f8f4fa,8,auto_labeled_pending_review
images/train/cctv052x2004080617x00076_4898159865_f0000000_t0000000000.jpg,train,D:\Users\L1\Downloads\archive\video\cctv052x2004080617x00076.avi,4898159865302113a612f030aa8e389ca99daf545ecfc764b0f64cd30cc498b9,0,0.0,761cf4ec968646f8,64,auto_labeled_pending_review
images/train/cctv052x2004080617x00076_4898159865_f0000005_t0000000500.jpg,train,D:\Users\L1\Downloads\archive\video\cctv052x2004080617x00076.avi,4898159865302113a612f030aa8e389ca99daf545ecfc764b0f64cd30cc498b9,5,0.5,f2969e3d75fcf2f8,27,auto_labeled_pending_review
images/train/cctv052x2004080617x00076_4898159865_f0000015_t0000001500.jpg,train,D:\Users\L1\Downloads\archive\video\cctv052x2004080617x00076.avi,4898159865302113a612f030aa8e389ca99daf545ecfc764b0f64cd30cc498b9,15,1.5,f2969e3575fcf9f1,6,auto_labeled_pending_review
images/train/cctv052x2004080617x00076_4898159865_f0000020_t0000002000.jpg,train,D:\Users\L1\Downloads\archive\video\cctv052x2004080617x00076.avi,4898159865302113a612f030aa8e389ca99daf545ecfc764b0f64cd30cc498b9,20,2.0,f2969e357df8f5f8,6,auto_labeled_pending_review
images/train/cctv052x2004080617x00076_4898159865_f0000030_t0000003000.jpg,train,D:\Users\L1\Downloads\archive\video\cctv052x2004080617x00076.avi,4898159865302113a612f030aa8e389ca99daf545ecfc764b0f64cd30cc498b9,30,3.0,f2969e3579f0f2ec,7,auto_labeled_pending_review
images/train/cctv052x2004080617x00076_4898159865_f0000040_t0000004000.jpg,train,D:\Users\L1\Downloads\archive\video\cctv052x2004080617x00076.avi,4898159865302113a612f030aa8e389ca99daf545ecfc764b0f64cd30cc498b9,40,4.0,f2969e3179f2e9f9,9,auto_labeled_pending_review
images/train/cctv052x2004080607x01837_d1c143b52d_f0000000_t0000000000.jpg,train,D:\Users\L1\Downloads\archive\video\cctv052x2004080607x01837.avi,d1c143b52d4db77f860335b92c8b4b8dee175d8cb38d9a09b63d1259404d34ff,0,0.0,d68a9a33f1f0f0fa,64,auto_labeled_pending_review
images/train/cctv052x2004080607x01837_d1c143b52d_f0000005_t0000000500.jpg,train,D:\Users\L1\Downloads\archive\video\cctv052x2004080607x01837.avi,d1c143b52d4db77f860335b92c8b4b8dee175d8cb38d9a09b63d1259404d34ff,5,0.5,c2169a33f5f0f0fa,7,auto_labeled_pending_review
images/train/cctv052x2004080518x01677_64fd64580a_f0000000_t0000000000.jpg,train,D:\Users\L1\Downloads\archive\video\cctv052x2004080518x01677.avi,64fd64580aecf19c13f3f8318608eb706a1cf27c3ea47f66c85fb3faf2ef428b,0,0.0,f082cce078fbf0f8,64,auto_labeled_pending_review
images/train/cctv052x2004080518x01677_64fd64580a_f0000005_t0000000500.jpg,train,D:\Users\L1\Downloads\archive\video\cctv052x2004080518x01677.avi,64fd64580aecf19c13f3f8318608eb706a1cf27c3ea47f66c85fb3faf2ef428b,5,0.5,f29e983979f8f0f8,15,auto_labeled_pending_review
images/train/cctv052x2004080518x01677_64fd64580a_f0000035_t0000003500.jpg,train,D:\Users\L1\Downloads\archive\video\cctv052x2004080518x01677.avi,64fd64580aecf19c13f3f8318608eb706a1cf27c3ea47f66c85fb3faf2ef428b,35,3.5,e29e9c397cecf8f8,7,auto_labeled_pending_review
images/train/cctv052x2004080517x01652_c2137df13a_f0000000_t0000000000.jpg,train,D:\Users\L1\Downloads\archive\video\cctv052x2004080517x01652.avi,c2137df13a6a4e69745b04b5567b58b1ea8fc2069f398a354b751fafd93a64fc,0,0.0,f39ebc3a75f1f2ed,64,auto_labeled_pending_review
images/train/cctv052x2004080517x01652_c2137df13a_f0000005_t0000000500.jpg,train,D:\Users\L1\Downloads\archive\video\cctv052x2004080517x01652.avi,c2137df13a6a4e69745b04b5567b58b1ea8fc2069f398a354b751fafd93a64fc,5,0.5,f29ebc3a75f1ecf8,8,auto_labeled_pending_review
images/train/cctv052x2004080517x01652_c2137df13a_f0000015_t0000001500.jpg,train,D:\Users\L1\Downloads\archive\video\cctv052x2004080517x01652.avi,c2137df13a6a4e69745b04b5567b58b1ea8fc2069f398a354b751fafd93a64fc,15,1.5,f29ebc3a70f9f9f9,7,auto_labeled_pending_review
images/train/cctv052x2004080517x01652_c2137df13a_f0000020_t0000002000.jpg,train,D:\Users\L1\Downloads\archive\video\cctv052x2004080517x01652.avi,c2137df13a6a4e69745b04b5567b58b1ea8fc2069f398a354b751fafd93a64fc,20,2.0,f29ebe3a73faf9fb,6,auto_labeled_pending_review
images/train/cctv052x2004080517x01652_c2137df13a_f0000030_t0000003000.jpg,train,D:\Users\L1\Downloads\archive\video\cctv052x2004080517x01652.avi,c2137df13a6a4e69745b04b5567b58b1ea8fc2069f398a354b751fafd93a64fc,30,3.0,f29eba327bfaf2eb,7,auto_labeled_pending_review
images/train/cctv052x2004080517x01652_c2137df13a_f0000040_t0000004000.jpg,train,D:\Users\L1\Downloads\archive\video\cctv052x2004080517x01652.avi,c2137df13a6a4e69745b04b5567b58b1ea8fc2069f398a354b751fafd93a64fc,40,4.0,f29eba3278f9f2ee,6,auto_labeled_pending_review
images/train/cctv052x2004080517x01652_c2137df13a_f0000045_t0000004500.jpg,train,D:\Users\L1\Downloads\archive\video\cctv052x2004080517x01652.avi,c2137df13a6a4e69745b04b5567b58b1ea8fc2069f398a354b751fafd93a64fc,45,4.5,f29eba3278fcf4eb,6,auto_labeled_pending_review
images/train/cctv052x2004080517x01652_c2137df13a_f0000050_t0000005000.jpg,train,D:\Users\L1\Downloads\archive\video\cctv052x2004080517x01652.avi,c2137df13a6a4e69745b04b5567b58b1ea8fc2069f398a354b751fafd93a64fc,50,5.0,f29eba3270f5e8f3,8,auto_labeled_pending_review
images/train/cctv052x2004080607x01839_fae101ec1e_f0000000_t0000000000.jpg,train,D:\Users\L1\Downloads\archive\video\cctv052x2004080607x01839.avi,fae101ec1e78f4c5d3907d2c3b93ffe1d0431f127e578b5989e09fc40bbc299e,0,0.0,d78a84e2f27cf0f8,64,auto_labeled_pending_review
images/train/cctv052x2004080607x01839_fae101ec1e_f0000005_t0000000500.jpg,train,D:\Users\L1\Downloads\archive\video\cctv052x2004080607x01839.avi,fae101ec1e78f4c5d3907d2c3b93ffe1d0431f127e578b5989e09fc40bbc299e,5,0.5,e2169831f1f0f0f8,21,auto_labeled_pending_review
images/train/cctv052x2004080619x00094_d2769ecf96_f0000000_t0000000000.jpg,train,D:\Users\L1\Downloads\archive\video\cctv052x2004080619x00094.avi,d2769ecf96fa8f854077dc44db471dae9d7481aa05121f5fbdaa82b180b47181,0,0.0,2abcf0e282f2f2f2,64,auto_labeled_pending_review
images/train/cctv052x2004080619x00094_d2769ecf96_f0000005_t0000000500.jpg,train,D:\Users\L1\Downloads\archive\video\cctv052x2004080619x00094.avi,d2769ecf96fa8f854077dc44db471dae9d7481aa05121f5fbdaa82b180b47181,5,0.5,d2969c3474faf4fa,27,auto_labeled_pending_review
images/train/cctv052x2004080619x00094_d2769ecf96_f0000025_t0000002500.jpg,train,D:\Users\L1\Downloads\archive\video\cctv052x2004080619x00094.avi,d2769ecf96fa8f854077dc44db471dae9d7481aa05121f5fbdaa82b180b47181,25,2.5,d2969c3c78f8f8ee,8,auto_labeled_pending_review
images/train/cctv052x2004080619x00094_d2769ecf96_f0000035_t0000003500.jpg,train,D:\Users\L1\Downloads\archive\video\cctv052x2004080619x00094.avi,d2769ecf96fa8f854077dc44db471dae9d7481aa05121f5fbdaa82b180b47181,35,3.5,d2969c3878fcf9f9,7,auto_labeled_pending_review
images/train/cctv052x2004080619x00094_d2769ecf96_f0000040_t0000004000.jpg,train,D:\Users\L1\Downloads\archive\video\cctv052x2004080619x00094.avi,d2769ecf96fa8f854077dc44db471dae9d7481aa05121f5fbdaa82b180b47181,40,4.0,d2969c3878f8f2fa,6,auto_labeled_pending_review
images/train/cctv052x2004080619x00094_d2769ecf96_f0000050_t0000005000.jpg,train,D:\Users\L1\Downloads\archive\video\cctv052x2004080619x00094.avi,d2769ecf96fa8f854077dc44db471dae9d7481aa05121f5fbdaa82b180b47181,50,5.0,d2969c3874f9f8f9,7,auto_labeled_pending_review
images/train/cctv052x2004080606x01823_7eb3f033a2_f0000000_t0000000000.jpg,train,D:\Users\L1\Downloads\archive\video\cctv052x2004080606x01823.avi,7eb3f033a2c008485256eed3cc5dd868c2c112fed2a265d13d8ce4b8dd9f4c97,0,0.0,d68a9c3174f0f8f8,64,auto_labeled_pending_review
images/train/cctv052x2004080606x01823_7eb3f033a2_f0000005_t0000000500.jpg,train,D:\Users\L1\Downloads\archive\video\cctv052x2004080606x01823.avi,7eb3f033a2c008485256eed3cc5dd868c2c112fed2a265d13d8ce4b8dd9f4c97,5,0.5,f2069c3174f8f9f9,8,auto_labeled_pending_review
images/train/cctv052x2004080606x01823_7eb3f033a2_f0000010_t0000001000.jpg,train,D:\Users\L1\Downloads\archive\video\cctv052x2004080606x01823.avi,7eb3f033a2c008485256eed3cc5dd868c2c112fed2a265d13d8ce4b8dd9f4c97,10,1.0,f2069c3178f2f8fa,7,auto_labeled_pending_review
images/train/cctv052x2004080606x01823_7eb3f033a2_f0000020_t0000002000.jpg,train,D:\Users\L1\Downloads\archive\video\cctv052x2004080606x01823.avi,7eb3f033a2c008485256eed3cc5dd868c2c112fed2a265d13d8ce4b8dd9f4c97,20,2.0,e2069c3174f8f0fa,6,auto_labeled_pending_review
images/train/cctv052x2004080518x01672_6fe27aac4b_f0000000_t0000000000.jpg,train,D:\Users\L1\Downloads\archive\video\cctv052x2004080518x01672.avi,6fe27aac4b62958eb4ae9e9e578fb28fc21e67cd525da3cc31e572d8f8c4a1e4,0,0.0,dc829a3178fafafb,64,auto_labeled_pending_review
images/train/cctv052x2004080518x01672_6fe27aac4b_f0000005_t0000000500.jpg,train,D:\Users\L1\Downloads\archive\video\cctv052x2004080518x01672.avi,6fe27aac4b62958eb4ae9e9e578fb28fc21e67cd525da3cc31e572d8f8c4a1e4,5,0.5,f29e9a3179faf2f8,11,auto_labeled_pending_review
images/train/cctv052x2004080518x01672_6fe27aac4b_f0000010_t0000001000.jpg,train,D:\Users\L1\Downloads\archive\video\cctv052x2004080518x01672.avi,6fe27aac4b62958eb4ae9e9e578fb28fc21e67cd525da3cc31e572d8f8c4a1e4,10,1.0,f29e9a3379f4f8f8,6,auto_labeled_pending_review
images/train/cctv052x2004080518x01672_6fe27aac4b_f0000015_t0000001500.jpg,train,D:\Users\L1\Downloads\archive\video\cctv052x2004080518x01672.avi,6fe27aac4b62958eb4ae9e9e578fb28fc21e67cd525da3cc31e572d8f8c4a1e4,15,1.5,f29e9a3978f4f0ed,7,auto_labeled_pending_review
images/train/cctv052x2004080518x01672_6fe27aac4b_f0000020_t0000002000.jpg,train,D:\Users\L1\Downloads\archive\video\cctv052x2004080518x01672.avi,6fe27aac4b62958eb4ae9e9e578fb28fc21e67cd525da3cc31e572d8f8c4a1e4,20,2.0,f29e9a3974fcf9eb,7,auto_labeled_pending_review
images/train/cctv052x2004080518x01672_6fe27aac4b_f0000025_t0000002500.jpg,train,D:\Users\L1\Downloads\archive\video\cctv052x2004080518x01672.avi,6fe27aac4b62958eb4ae9e9e578fb28fc21e67cd525da3cc31e572d8f8c4a1e4,25,2.5,f29e9a3b74f8e8f8,7,auto_labeled_pending_review
images/train/cctv052x2004080518x01672_6fe27aac4b_f0000035_t0000003500.jpg,train,D:\Users\L1\Downloads\archive\video\cctv052x2004080518x01672.avi,6fe27aac4b62958eb4ae9e9e578fb28fc21e67cd525da3cc31e572d8f8c4a1e4,35,3.5,f29e9a397ce9f0ec,8,auto_labeled_pending_review
images/train/cctv052x2004080518x01672_6fe27aac4b_f0000045_t0000004500.jpg,train,D:\Users\L1\Downloads\archive\video\cctv052x2004080518x01672.avi,6fe27aac4b62958eb4ae9e9e578fb28fc21e67cd525da3cc31e572d8f8c4a1e4,45,4.5,f29e9a3979f9e8f8,7,auto_labeled_pending_review
images/train/cctv052x2004080516x01638_44aa33e51a_f0000000_t0000000000.jpg,train,D:\Users\L1\Downloads\archive\video\cctv052x2004080516x01638.avi,44aa33e51ac3c15e85741c6431dfd3adf889360a6057312081b3f1461120e2ce,0,0.0,f29fbc307cf4f5f9,64,auto_labeled_pending_review
images/train/cctv052x2004080516x01638_44aa33e51a_f0000005_t0000000500.jpg,train,D:\Users\L1\Downloads\archive\video\cctv052x2004080516x01638.avi,44aa33e51ac3c15e85741c6431dfd3adf889360a6057312081b3f1461120e2ce,5,0.5,f29fbc3479f4f9fa,7,auto_labeled_pending_review
images/train/cctv052x2004080516x01638_44aa33e51a_f0000015_t0000001500.jpg,train,D:\Users\L1\Downloads\archive\video\cctv052x2004080516x01638.avi,44aa33e51ac3c15e85741c6431dfd3adf889360a6057312081b3f1461120e2ce,15,1.5,f29fbc3575faebf9,10,auto_labeled_pending_review
images/train/cctv052x2004080516x01638_44aa33e51a_f0000020_t0000002000.jpg,train,D:\Users\L1\Downloads\archive\video\cctv052x2004080516x01638.avi,44aa33e51ac3c15e85741c6431dfd3adf889360a6057312081b3f1461120e2ce,20,2.0,f29fbc3979f6f9f9,8,auto_labeled_pending_review
images/train/cctv052x2004080516x01638_44aa33e51a_f0000030_t0000003000.jpg,train,D:\Users\L1\Downloads\archive\video\cctv052x2004080516x01638.avi,44aa33e51ac3c15e85741c6431dfd3adf889360a6057312081b3f1461120e2ce,30,3.0,f29fbc3974f9f8fa,10,auto_labeled_pending_review
images/train/cctv052x2004080516x01638_44aa33e51a_f0000035_t0000003500.jpg,train,D:\Users\L1\Downloads\archive\video\cctv052x2004080516x01638.avi,44aa33e51ac3c15e85741c6431dfd3adf889360a6057312081b3f1461120e2ce,35,3.5,f297bc397cf8f2fb,6,auto_labeled_pending_review
images/train/cctv052x2004080516x01638_44aa33e51a_f0000045_t0000004500.jpg,train,D:\Users\L1\Downloads\archive\video\cctv052x2004080516x01638.avi,44aa33e51ac3c15e85741c6431dfd3adf889360a6057312081b3f1461120e2ce,45,4.5,f297bc397cf4f8ea,6,auto_labeled_pending_review
images/train/cctv052x2004080516x01638_44aa33e51a_f0000050_t0000005000.jpg,train,D:\Users\L1\Downloads\archive\video\cctv052x2004080516x01638.avi,44aa33e51ac3c15e85741c6431dfd3adf889360a6057312081b3f1461120e2ce,50,5.0,f29fbc3b74f0f8fb,6,auto_labeled_pending_review
images/train/cctv052x2004080618x00080_10dd6d4cb0_f0000000_t0000000000.jpg,train,D:\Users\L1\Downloads\archive\video\cctv052x2004080618x00080.avi,10dd6d4cb07834cb87cb4058ec12d3dbe782b40639e80546e5d4b060f9608d6d,0,0.0,f434be397cf9f9fa,64,auto_labeled_pending_review
images/train/cctv052x2004080618x00080_10dd6d4cb0_f0000005_t0000000500.jpg,train,D:\Users\L1\Downloads\archive\video\cctv052x2004080618x00080.avi,10dd6d4cb07834cb87cb4058ec12d3dbe782b40639e80546e5d4b060f9608d6d,5,0.5,e21eba3978f8f9ea,10,auto_labeled_pending_review
images/train/cctv052x2004080618x00080_10dd6d4cb0_f0000020_t0000002000.jpg,train,D:\Users\L1\Downloads\archive\video\cctv052x2004080618x00080.avi,10dd6d4cb07834cb87cb4058ec12d3dbe782b40639e80546e5d4b060f9608d6d,20,2.0,e21ebc3978fbf8f9,8,auto_labeled_pending_review
images/train/cctv052x2004080618x00080_10dd6d4cb0_f0000030_t0000003000.jpg,train,D:\Users\L1\Downloads\archive\video\cctv052x2004080618x00080.avi,10dd6d4cb07834cb87cb4058ec12d3dbe782b40639e80546e5d4b060f9608d6d,30,3.0,e21ebc3978f1f4fa,6,auto_labeled_pending_review
images/train/cctv052x2004080616x00062_112cce4cd6_f0000000_t0000000000.jpg,train,D:\Users\L1\Downloads\archive\video\cctv052x2004080616x00062.avi,112cce4cd661c4043c85d1cd89e952848e22f4e8838026f1738454dd0bbd1d8d,0,0.0,d296bc3072f1f0fb,64,auto_labeled_pending_review
images/train/cctv052x2004080616x00062_112cce4cd6_f0000010_t0000001000.jpg,train,D:\Users\L1\Downloads\archive\video\cctv052x2004080616x00062.avi,112cce4cd661c4043c85d1cd89e952848e22f4e8838026f1738454dd0bbd1d8d,10,1.0,f296bc3076f9f2f1,6,auto_labeled_pending_review
images/train/cctv052x2004080616x00062_112cce4cd6_f0000015_t0000001500.jpg,train,D:\Users\L1\Downloads\archive\video\cctv052x2004080616x00062.avi,112cce4cd661c4043c85d1cd89e952848e22f4e8838026f1738454dd0bbd1d8d,15,1.5,f296bc3c76f1f5f9,7,auto_labeled_pending_review
images/train/cctv052x2004080616x00062_112cce4cd6_f0000025_t0000002500.jpg,train,D:\Users\L1\Downloads\archive\video\cctv052x2004080616x00062.avi,112cce4cd661c4043c85d1cd89e952848e22f4e8838026f1738454dd0bbd1d8d,25,2.5,f296bc3472f1fbfb,6,auto_labeled_pending_review
images/train/cctv052x2004080616x00058_d8666a3aa1_f0000000_t0000000000.jpg,train,D:\Users\L1\Downloads\archive\video\cctv052x2004080616x00058.avi,d8666a3aa1b476882d164254948f3ae7d568e5c1c7d9116c48c81621072c1af6,0,0.0,9252b50559fdf37a,64,auto_labeled_pending_review
images/train/cctv052x2004080616x00058_d8666a3aa1_f0000005_t0000000500.jpg,train,D:\Users\L1\Downloads\archive\video\cctv052x2004080616x00058.avi,d8666a3aa1b476882d164254948f3ae7d568e5c1c7d9116c48c81621072c1af6,5,0.5,f2be7e3c7af9f272,22,auto_labeled_pending_review
images/train/cctv052x2004080616x00058_d8666a3aa1_f0000015_t0000001500.jpg,train,D:\Users\L1\Downloads\archive\video\cctv052x2004080616x00058.avi,d8666a3aa1b476882d164254948f3ae7d568e5c1c7d9116c48c81621072c1af6,15,1.5,f2be7c387af2f372,6,auto_labeled_pending_review
images/train/cctv052x2004080616x00058_d8666a3aa1_f0000025_t0000002500.jpg,train,D:\Users\L1\Downloads\archive\video\cctv052x2004080616x00058.avi,d8666a3aa1b476882d164254948f3ae7d568e5c1c7d9116c48c81621072c1af6,25,2.5,f2be7c3872f5f46e,10,auto_labeled_pending_review
images/train/cctv052x2004080616x00058_d8666a3aa1_f0000035_t0000003500.jpg,train,D:\Users\L1\Downloads\archive\video\cctv052x2004080616x00058.avi,d8666a3aa1b476882d164254948f3ae7d568e5c1c7d9116c48c81621072c1af6,35,3.5,f2aefc3876f4e56c,7,auto_labeled_pending_review
images/train/cctv052x2004080616x00058_d8666a3aa1_f0000045_t0000004500.jpg,train,D:\Users\L1\Downloads\archive\video\cctv052x2004080616x00058.avi,d8666a3aa1b476882d164254948f3ae7d568e5c1c7d9116c48c81621072c1af6,45,4.5,f2a6fc3874f5e978,7,auto_labeled_pending_review
images/train/cctv052x2004080616x00058_d8666a3aa1_f0000050_t0000005000.jpg,train,D:\Users\L1\Downloads\archive\video\cctv052x2004080616x00058.avi,d8666a3aa1b476882d164254948f3ae7d568e5c1c7d9116c48c81621072c1af6,50,5.0,f2a6fc3078fdfb6c,8,auto_labeled_pending_review
images/train/cctv052x2004080518x01676_6d02e278ed_f0000000_t0000000000.jpg,train,D:\Users\L1\Downloads\archive\video\cctv052x2004080518x01676.avi,6d02e278ed401c702eef9a3423103c764ad81bac63bc402198a90cac227fc376,0,0.0,f4828c3978faf8f8,64,auto_labeled_pending_review
images/train/cctv052x2004080518x01676_6d02e278ed_f0000005_t0000000500.jpg,train,D:\Users\L1\Downloads\archive\video\cctv052x2004080518x01676.avi,6d02e278ed401c702eef9a3423103c764ad81bac63bc402198a90cac227fc376,5,0.5,c21e9c3976f9f8f8,14,auto_labeled_pending_review
images/train/cctv052x2004080518x01676_6d02e278ed_f0000015_t0000001500.jpg,train,D:\Users\L1\Downloads\archive\video\cctv052x2004080518x01676.avi,6d02e278ed401c702eef9a3423103c764ad81bac63bc402198a90cac227fc376,15,1.5,c21e9c3578f8f8f8,6,auto_labeled_pending_review
images/train/cctv052x2004080518x01676_6d02e278ed_f0000045_t0000004500.jpg,train,D:\Users\L1\Downloads\archive\video\cctv052x2004080518x01676.avi,6d02e278ed401c702eef9a3423103c764ad81bac63bc402198a90cac227fc376,45,4.5,c21e98397cf8f9f4,7,auto_labeled_pending_review
images/train/cctv052x2004080518x01676_6d02e278ed_f0000050_t0000005000.jpg,train,D:\Users\L1\Downloads\archive\video\cctv052x2004080518x01676.avi,6d02e278ed401c702eef9a3423103c764ad81bac63bc402198a90cac227fc376,50,5.0,c21e98397cfaecf8,6,auto_labeled_pending_review
images/train/cctv052x2004080613x00013_fdba7b7482_f0000000_t0000000000.jpg,train,D:\Users\L1\Downloads\archive\video\cctv052x2004080613x00013.avi,fdba7b748280fb408037ae361a19580bc951cf597c1def8c76f0b975091d0037,0,0.0,65e7f13c74f2f0ed,64,auto_labeled_pending_review
images/train/cctv052x2004080613x00013_fdba7b7482_f0000005_t0000000500.jpg,train,D:\Users\L1\Downloads\archive\video\cctv052x2004080613x00013.avi,fdba7b748280fb408037ae361a19580bc951cf597c1def8c76f0b975091d0037,5,0.5,f6169c3474f0ebfb,23,auto_labeled_pending_review
images/train/cctv052x2004080613x00013_fdba7b7482_f0000010_t0000001000.jpg,train,D:\Users\L1\Downloads\archive\video\cctv052x2004080613x00013.avi,fdba7b748280fb408037ae361a19580bc951cf597c1def8c76f0b975091d0037,10,1.0,f616983c74faf8ea,9,auto_labeled_pending_review
images/train/cctv052x2004080613x00013_fdba7b7482_f0000015_t0000001500.jpg,train,D:\Users\L1\Downloads\archive\video\cctv052x2004080613x00013.avi,fdba7b748280fb408037ae361a19580bc951cf597c1def8c76f0b975091d0037,15,1.5,f61698347cfcf4fa,7,auto_labeled_pending_review
images/train/cctv052x2004080613x00013_fdba7b7482_f0000025_t0000002500.jpg,train,D:\Users\L1\Downloads\archive\video\cctv052x2004080613x00013.avi,fdba7b748280fb408037ae361a19580bc951cf597c1def8c76f0b975091d0037,25,2.5,f6169c347cf1f2fb,7,auto_labeled_pending_review
images/train/cctv052x2004080613x00013_fdba7b7482_f0000035_t0000003500.jpg,train,D:\Users\L1\Downloads\archive\video\cctv052x2004080613x00013.avi,fdba7b748280fb408037ae361a19580bc951cf597c1def8c76f0b975091d0037,35,3.5,f6169c3c70f3f1fb,6,auto_labeled_pending_review
images/train/cctv052x2004080613x00013_fdba7b7482_f0000045_t0000004500.jpg,train,D:\Users\L1\Downloads\archive\video\cctv052x2004080613x00013.avi,fdba7b748280fb408037ae361a19580bc951cf597c1def8c76f0b975091d0037,45,4.5,f6169c3072f6f0fa,7,auto_labeled_pending_review
images/train/cctv052x2004080619x00097_ea676e1b23_f0000000_t0000000000.jpg,train,D:\Users\L1\Downloads\archive\video\cctv052x2004080619x00097.avi,ea676e1b23c42ecc66efbc5760a4cc756675eb44c985846733e9d19f2eaa0a06,0,0.0,2a9c9c3978f8f8f8,64,auto_labeled_pending_review
images/train/cctv052x2004080619x00097_ea676e1b23_f0000005_t0000000500.jpg,train,D:\Users\L1\Downloads\archive\video\cctv052x2004080619x00097.avi,ea676e1b23c42ecc66efbc5760a4cc756675eb44c985846733e9d19f2eaa0a06,5,0.5,d2969c3978f8f8f8,7,auto_labeled_pending_review
images/train/cctv052x2004080619x00097_ea676e1b23_f0000020_t0000002000.jpg,train,D:\Users\L1\Downloads\archive\video\cctv052x2004080619x00097.avi,ea676e1b23c42ecc66efbc5760a4cc756675eb44c985846733e9d19f2eaa0a06,20,2.0,d2969c3979f3f1f8,6,auto_labeled_pending_review
images/train/cctv052x2004080619x00097_ea676e1b23_f0000025_t0000002500.jpg,train,D:\Users\L1\Downloads\archive\video\cctv052x2004080619x00097.avi,ea676e1b23c42ecc66efbc5760a4cc756675eb44c985846733e9d19f2eaa0a06,25,2.5,d296983972faf2fa,9,auto_labeled_pending_review
images/train/cctv052x2004080619x00097_ea676e1b23_f0000030_t0000003000.jpg,train,D:\Users\L1\Downloads\archive\video\cctv052x2004080619x00097.avi,ea676e1b23c42ecc66efbc5760a4cc756675eb44c985846733e9d19f2eaa0a06,30,3.0,d296983972f4f0f9,6,auto_labeled_pending_review
images/train/cctv052x2004080619x00097_ea676e1b23_f0000035_t0000003500.jpg,train,D:\Users\L1\Downloads\archive\video\cctv052x2004080619x00097.avi,ea676e1b23c42ecc66efbc5760a4cc756675eb44c985846733e9d19f2eaa0a06,35,3.5,d296983170f1fbf8,8,auto_labeled_pending_review
images/train/cctv052x2004080619x00097_ea676e1b23_f0000040_t0000004000.jpg,train,D:\Users\L1\Downloads\archive\video\cctv052x2004080619x00097.avi,ea676e1b23c42ecc66efbc5760a4cc756675eb44c985846733e9d19f2eaa0a06,40,4.0,d296983579f2f1f8,7,auto_labeled_pending_review
images/train/cctv052x2004080619x00097_ea676e1b23_f0000050_t0000005000.jpg,train,D:\Users\L1\Downloads\archive\video\cctv052x2004080619x00097.avi,ea676e1b23c42ecc66efbc5760a4cc756675eb44c985846733e9d19f2eaa0a06,50,5.0,d2969c3974f2f6f8,9,auto_labeled_pending_review
images/train/cctv052x2004080607x01842_4a196c3c7b_f0000000_t0000000000.jpg,train,D:\Users\L1\Downloads\archive\video\cctv052x2004080607x01842.avi,4a196c3c7bf416f172dc2a5a64ff707abe11f2e6225bb4add8aa9992eea2b6e6,0,0.0,d488c43078f8f8fb,64,auto_labeled_pending_review
images/train/cctv052x2004080607x01842_4a196c3c7b_f0000005_t0000000500.jpg,train,D:\Users\L1\Downloads\archive\video\cctv052x2004080607x01842.avi,4a196c3c7bf416f172dc2a5a64ff707abe11f2e6225bb4add8aa9992eea2b6e6,5,0.5,f216bc3878f8f8fb,13,auto_labeled_pending_review
images/train/cctv052x2004080518x01673_a60c1e894d_f0000000_t0000000000.jpg,train,D:\Users\L1\Downloads\archive\video\cctv052x2004080518x01673.avi,a60c1e894d128e52aa1cc63abedf050eae5cb6313af88953bb786b6775c28781,0,0.0,d19e983972f0f8f8,64,auto_labeled_pending_review
images/train/cctv052x2004080518x01673_a60c1e894d_f0000005_t0000000500.jpg,train,D:\Users\L1\Downloads\archive\video\cctv052x2004080518x01673.avi,a60c1e894d128e52aa1cc63abedf050eae5cb6313af88953bb786b6775c28781,5,0.5,f29e9a3b7af8f1fb,11,auto_labeled_pending_review
images/train/cctv052x2004080518x01673_a60c1e894d_f0000010_t0000001000.jpg,train,D:\Users\L1\Downloads\archive\video\cctv052x2004080518x01673.avi,a60c1e894d128e52aa1cc63abedf050eae5cb6313af88953bb786b6775c28781,10,1.0,f29e983378f1f2f3,8,auto_labeled_pending_review
images/train/cctv052x2004080518x01673_a60c1e894d_f0000015_t0000001500.jpg,train,D:\Users\L1\Downloads\archive\video\cctv052x2004080518x01673.avi,a60c1e894d128e52aa1cc63abedf050eae5cb6313af88953bb786b6775c28781,15,1.5,f29e983378f7f4f8,7,auto_labeled_pending_review
images/train/cctv052x2004080518x01673_a60c1e894d_f0000025_t0000002500.jpg,train,D:\Users\L1\Downloads\archive\video\cctv052x2004080518x01673.avi,a60c1e894d128e52aa1cc63abedf050eae5cb6313af88953bb786b6775c28781,25,2.5,f29e98317cf8f0f8,7,auto_labeled_pending_review
images/train/cctv052x2004080518x01673_a60c1e894d_f0000045_t0000004500.jpg,train,D:\Users\L1\Downloads\archive\video\cctv052x2004080518x01673.avi,a60c1e894d128e52aa1cc63abedf050eae5cb6313af88953bb786b6775c28781,45,4.5,f29e9a3978f8f2fb,6,auto_labeled_pending_review
images/train/cctv052x2004080617x00074_4cf7d13b1e_f0000000_t0000000000.jpg,train,D:\Users\L1\Downloads\archive\video\cctv052x2004080617x00074.avi,4cf7d13b1e696a2c6f0742d42b43de33bbc5bf39e71759659d3eda798e11c354,0,0.0,9253a53b75eaebf9,64,auto_labeled_pending_review
images/train/cctv052x2004080617x00074_4cf7d13b1e_f0000005_t0000000500.jpg,train,D:\Users\L1\Downloads\archive\video\cctv052x2004080617x00074.avi,4cf7d13b1e696a2c6f0742d42b43de33bbc5bf39e71759659d3eda798e11c354,5,0.5,f2969e3b75eaebf9,11,auto_labeled_pending_review
images/train/cctv052x2004080617x00074_4cf7d13b1e_f0000050_t0000005000.jpg,train,D:\Users\L1\Downloads\archive\video\cctv052x2004080617x00074.avi,4cf7d13b1e696a2c6f0742d42b43de33bbc5bf39e71759659d3eda798e11c354,50,5.0,f2969e3b75eaf2ea,6,auto_labeled_pending_review
images/train/cctv052x2004080613x00011_8cb24eacad_f0000000_t0000000000.jpg,train,D:\Users\L1\Downloads\archive\video\cctv052x2004080613x00011.avi,8cb24eacad04827dff6652bba8d08bb17031ff4f45531e6536ace941c9eb8c34,0,0.0,6567f1397cf8f8fb,64,auto_labeled_pending_review
images/train/cctv052x2004080613x00011_8cb24eacad_f0000005_t0000000500.jpg,train,D:\Users\L1\Downloads\archive\video\cctv052x2004080613x00011.avi,8cb24eacad04827dff6652bba8d08bb17031ff4f45531e6536ace941c9eb8c34,5,0.5,f6169c317cfcf8fb,15,auto_labeled_pending_review
images/train/cctv052x2004080613x00011_8cb24eacad_f0000010_t0000001000.jpg,train,D:\Users\L1\Downloads\archive\video\cctv052x2004080613x00011.avi,8cb24eacad04827dff6652bba8d08bb17031ff4f45531e6536ace941c9eb8c34,10,1.0,f6169e397cf8f0fd,6,auto_labeled_pending_review
images/train/cctv052x2004080613x00011_8cb24eacad_f0000030_t0000003000.jpg,train,D:\Users\L1\Downloads\archive\video\cctv052x2004080613x00011.avi,8cb24eacad04827dff6652bba8d08bb17031ff4f45531e6536ace941c9eb8c34,30,3.0,f6169e3974fcf6fa,7,auto_labeled_pending_review
images/train/cctv052x2004080613x00011_8cb24eacad_f0000035_t0000003500.jpg,train,D:\Users\L1\Downloads\archive\video\cctv052x2004080613x00011.avi,8cb24eacad04827dff6652bba8d08bb17031ff4f45531e6536ace941c9eb8c34,35,3.5,f6169e3d74f5f0f8,6,auto_labeled_pending_review
images/train/cctv052x2004080613x00011_8cb24eacad_f0000045_t0000004500.jpg,train,D:\Users\L1\Downloads\archive\video\cctv052x2004080613x00011.avi,8cb24eacad04827dff6652bba8d08bb17031ff4f45531e6536ace941c9eb8c34,45,4.5,f6169c3d7af3f1fb,9,auto_labeled_pending_review
images/train/cctv052x2004080609x01872_364bc4533d_f0000000_t0000000000.jpg,train,D:\Users\L1\Downloads\archive\video\cctv052x2004080609x01872.avi,364bc4533d24a71b17924aa027b5a7354b1ece0caf995a639de60f1029a2af91,0,0.0,e6169c3574f3f1f9,64,auto_labeled_pending_review
images/train/cctv052x2004080609x01872_364bc4533d_f0000010_t0000001000.jpg,train,D:\Users\L1\Downloads\archive\video\cctv052x2004080609x01872.avi,364bc4533d24a71b17924aa027b5a7354b1ece0caf995a639de60f1029a2af91,10,1.0,e6169c3072f3f2fb,7,auto_labeled_pending_review
images/train/cctv052x2004080609x01872_364bc4533d_f0000020_t0000002000.jpg,train,D:\Users\L1\Downloads\archive\video\cctv052x2004080609x01872.avi,364bc4533d24a71b17924aa027b5a7354b1ece0caf995a639de60f1029a2af91,20,2.0,e6169c3472f4f9fb,7,auto_labeled_pending_review
images/train/cctv052x2004080609x01872_364bc4533d_f0000025_t0000002500.jpg,train,D:\Users\L1\Downloads\archive\video\cctv052x2004080609x01872.avi,364bc4533d24a71b17924aa027b5a7354b1ece0caf995a639de60f1029a2af91,25,2.5,f6169c3074f2f2f9,10,auto_labeled_pending_review
images/train/cctv052x2004080609x01872_364bc4533d_f0000040_t0000004000.jpg,train,D:\Users\L1\Downloads\archive\video\cctv052x2004080609x01872.avi,364bc4533d24a71b17924aa027b5a7354b1ece0caf995a639de60f1029a2af91,40,4.0,f6169c3474f5f1fc,8,auto_labeled_pending_review
images/train/cctv052x2004080609x01872_364bc4533d_f0000045_t0000004500.jpg,train,D:\Users\L1\Downloads\archive\video\cctv052x2004080609x01872.avi,364bc4533d24a71b17924aa027b5a7354b1ece0caf995a639de60f1029a2af91,45,4.5,f6169c3474f3e9f9,6,auto_labeled_pending_review
images/train/cctv052x2004080609x01872_364bc4533d_f0000050_t0000005000.jpg,train,D:\Users\L1\Downloads\archive\video\cctv052x2004080609x01872.avi,364bc4533d24a71b17924aa027b5a7354b1ece0caf995a639de60f1029a2af91,50,5.0,f6169c3472fbf3fb,7,auto_labeled_pending_review
images/train/cctv052x2004080615x00029_a47e38b214_f0000000_t0000000000.jpg,train,D:\Users\L1\Downloads\archive\video\cctv052x2004080615x00029.avi,a47e38b21421625e3a67bcc1f8bdfc4b68b8e5102586eb749e6e8fa879121620,0,0.0,9372be3572f1f5f2,64,auto_labeled_pending_review
images/train/cctv052x2004080615x00029_a47e38b214_f0000005_t0000000500.jpg,train,D:\Users\L1\Downloads\archive\video\cctv052x2004080615x00029.avi,a47e38b21421625e3a67bcc1f8bdfc4b68b8e5102586eb749e6e8fa879121620,5,0.5,f2169e3172f5f2f0,13,auto_labeled_pending_review
images/train/cctv052x2004080615x00029_a47e38b214_f0000010_t0000001000.jpg,train,D:\Users\L1\Downloads\archive\video\cctv052x2004080615x00029.avi,a47e38b21421625e3a67bcc1f8bdfc4b68b8e5102586eb749e6e8fa879121620,10,1.0,f2169e3374f2f4e9,11,auto_labeled_pending_review
images/train/cctv052x2004080615x00029_a47e38b214_f0000015_t0000001500.jpg,train,D:\Users\L1\Downloads\archive\video\cctv052x2004080615x00029.avi,a47e38b21421625e3a67bcc1f8bdfc4b68b8e5102586eb749e6e8fa879121620,15,1.5,f2169e3370f5e9fa,11,auto_labeled_pending_review
images/train/cctv052x2004080615x00029_a47e38b214_f0000020_t0000002000.jpg,train,D:\Users\L1\Downloads\archive\video\cctv052x2004080615x00029.avi,a47e38b21421625e3a67bcc1f8bdfc4b68b8e5102586eb749e6e8fa879121620,20,2.0,f2169e3370f9f2fe,7,auto_labeled_pending_review
images/train/cctv052x2004080615x00029_a47e38b214_f0000025_t0000002500.jpg,train,D:\Users\L1\Downloads\archive\video\cctv052x2004080615x00029.avi,a47e38b21421625e3a67bcc1f8bdfc4b68b8e5102586eb749e6e8fa879121620,25,2.5,f2169e317df2e8f8,12,auto_labeled_pending_review
images/train/cctv052x2004080615x00029_a47e38b214_f0000030_t0000003000.jpg,train,D:\Users\L1\Downloads\archive\video\cctv052x2004080615x00029.avi,a47e38b21421625e3a67bcc1f8bdfc4b68b8e5102586eb749e6e8fa879121620,30,3.0,f2169e3379f8f8f9,6,auto_labeled_pending_review
images/train/cctv052x2004080615x00029_a47e38b214_f0000035_t0000003500.jpg,train,D:\Users\L1\Downloads\archive\video\cctv052x2004080615x00029.avi,a47e38b21421625e3a67bcc1f8bdfc4b68b8e5102586eb749e6e8fa879121620,35,3.5,f2169e3373f9f3f2,9,auto_labeled_pending_review
images/train/cctv052x2004080615x00029_a47e38b214_f0000040_t0000004000.jpg,train,D:\Users\L1\Downloads\archive\video\cctv052x2004080615x00029.avi,a47e38b21421625e3a67bcc1f8bdfc4b68b8e5102586eb749e6e8fa879121620,40,4.0,f2169e3b79f9f3ff,6,auto_labeled_pending_review
images/train/cctv052x2004080615x00029_a47e38b214_f0000045_t0000004500.jpg,train,D:\Users\L1\Downloads\archive\video\cctv052x2004080615x00029.avi,a47e38b21421625e3a67bcc1f8bdfc4b68b8e5102586eb749e6e8fa879121620,45,4.5,f2169e3b7bf3fdfa,8,auto_labeled_pending_review
images/train/cctv052x2004080615x00029_a47e38b214_f0000050_t0000005000.jpg,train,D:\Users\L1\Downloads\archive\video\cctv052x2004080615x00029.avi,a47e38b21421625e3a67bcc1f8bdfc4b68b8e5102586eb749e6e8fa879121620,50,5.0,f2169e3b7af5f8f0,7,auto_labeled_pending_review
images/train/cctv052x2004080609x01866_4705ffc0c6_f0000000_t0000000000.jpg,train,D:\Users\L1\Downloads\archive\video\cctv052x2004080609x01866.avi,4705ffc0c6e4759840dfae7288d29382a75703f63060f4ef40f20cbb3de44e3c,0,0.0,65e5f0bc1c3df9f9,64,auto_labeled_pending_review
images/train/cctv052x2004080609x01866_4705ffc0c6_f0000005_t0000000500.jpg,train,D:\Users\L1\Downloads\archive\video\cctv052x2004080609x01866.avi,4705ffc0c6e4759840dfae7288d29382a75703f63060f4ef40f20cbb3de44e3c,5,0.5,c216bc307af9f9f9,24,auto_labeled_pending_review
images/train/cctv052x2004080609x01866_4705ffc0c6_f0000015_t0000001500.jpg,train,D:\Users\L1\Downloads\archive\video\cctv052x2004080609x01866.avi,4705ffc0c6e4759840dfae7288d29382a75703f63060f4ef40f20cbb3de44e3c,15,1.5,c216bc3072fafef9,6,auto_labeled_pending_review
images/train/cctv052x2004080609x01866_4705ffc0c6_f0000020_t0000002000.jpg,train,D:\Users\L1\Downloads\archive\video\cctv052x2004080609x01866.avi,4705ffc0c6e4759840dfae7288d29382a75703f63060f4ef40f20cbb3de44e3c,20,2.0,c216bc3072f4f1f9,7,auto_labeled_pending_review
images/train/cctv052x2004080609x01866_4705ffc0c6_f0000025_t0000002500.jpg,train,D:\Users\L1\Downloads\archive\video\cctv052x2004080609x01866.avi,4705ffc0c6e4759840dfae7288d29382a75703f63060f4ef40f20cbb3de44e3c,25,2.5,c216b8307cf2f8fa,10,auto_labeled_pending_review
images/train/cctv052x2004080609x01866_4705ffc0c6_f0000035_t0000003500.jpg,train,D:\Users\L1\Downloads\archive\video\cctv052x2004080609x01866.avi,4705ffc0c6e4759840dfae7288d29382a75703f63060f4ef40f20cbb3de44e3c,35,3.5,c216b83474f4f4f2,7,auto_labeled_pending_review
images/train/cctv052x2004080609x01866_4705ffc0c6_f0000045_t0000004500.jpg,train,D:\Users\L1\Downloads\archive\video\cctv052x2004080609x01866.avi,4705ffc0c6e4759840dfae7288d29382a75703f63060f4ef40f20cbb3de44e3c,45,4.5,c616bc347cf4f2fa,6,auto_labeled_pending_review
images/train/cctv052x2004080617x00067_e917c613a6_f0000000_t0000000000.jpg,train,D:\Users\L1\Downloads\archive\video\cctv052x2004080617x00067.avi,e917c613a6f1fd7a8724190b64a1af4d1cb17d2b26628f2ae3b61f8e25772a9c,0,0.0,9216bc357ef1f0e2,64,auto_labeled_pending_review
images/train/cctv052x2004080617x00067_e917c613a6_f0000020_t0000002000.jpg,train,D:\Users\L1\Downloads\archive\video\cctv052x2004080617x00067.avi,e917c613a6f1fd7a8724190b64a1af4d1cb17d2b26628f2ae3b61f8e25772a9c,20,2.0,f296bc357ef1f4fa,6,auto_labeled_pending_review
images/train/cctv052x2004080619x00104_7e48b0ecae_f0000000_t0000000000.jpg,train,D:\Users\L1\Downloads\archive\video\cctv052x2004080619x00104.avi,7e48b0ecaed4acea8976a6b91b0f695a0b52d39f3c72a9f2e16e3fb571ee6c4a,0,0.0,aa9c9c3d78f8f8f8,64,auto_labeled_pending_review
images/train/cctv052x2004080619x00104_7e48b0ecae_f0000005_t0000000500.jpg,train,D:\Users\L1\Downloads\archive\video\cctv052x2004080619x00104.avi,7e48b0ecaed4acea8976a6b91b0f695a0b52d39f3c72a9f2e16e3fb571ee6c4a,5,0.5,f2169c3978f8f8f8,7,auto_labeled_pending_review
images/train/cctv052x2004080619x00104_7e48b0ecae_f0000015_t0000001500.jpg,train,D:\Users\L1\Downloads\archive\video\cctv052x2004080619x00104.avi,7e48b0ecaed4acea8976a6b91b0f695a0b52d39f3c72a9f2e16e3fb571ee6c4a,15,1.5,f2169c3978fbf1fb,6,auto_labeled_pending_review
images/train/cctv052x2004080619x00104_7e48b0ecae_f0000020_t0000002000.jpg,train,D:\Users\L1\Downloads\archive\video\cctv052x2004080619x00104.avi,7e48b0ecaed4acea8976a6b91b0f695a0b52d39f3c72a9f2e16e3fb571ee6c4a,20,2.0,f2169c397cfaf7f8,6,auto_labeled_pending_review
images/train/cctv052x2004080619x00104_7e48b0ecae_f0000025_t0000002500.jpg,train,D:\Users\L1\Downloads\archive\video\cctv052x2004080619x00104.avi,7e48b0ecaed4acea8976a6b91b0f695a0b52d39f3c72a9f2e16e3fb571ee6c4a,25,2.5,f2169c3d74f2f8f8,7,auto_labeled_pending_review
images/train/cctv052x2004080619x00104_7e48b0ecae_f0000035_t0000003500.jpg,train,D:\Users\L1\Downloads\archive\video\cctv052x2004080619x00104.avi,7e48b0ecaed4acea8976a6b91b0f695a0b52d39f3c72a9f2e16e3fb571ee6c4a,35,3.5,f2169c3d78f8f3fa,8,auto_labeled_pending_review
images/train/cctv052x2004080619x00104_7e48b0ecae_f0000040_t0000004000.jpg,train,D:\Users\L1\Downloads\archive\video\cctv052x2004080619x00104.avi,7e48b0ecaed4acea8976a6b91b0f695a0b52d39f3c72a9f2e16e3fb571ee6c4a,40,4.0,f2169c3578f2f4f8,7,auto_labeled_pending_review
images/train/cctv052x2004080619x00104_7e48b0ecae_f0000045_t0000004500.jpg,train,D:\Users\L1\Downloads\archive\video\cctv052x2004080619x00104.avi,7e48b0ecaed4acea8976a6b91b0f695a0b52d39f3c72a9f2e16e3fb571ee6c4a,45,4.5,f2169a3d74fcf8f8,10,auto_labeled_pending_review
images/train/cctv052x2004080518x01671_70594ef3f5_f0000000_t0000000000.jpg,train,D:\Users\L1\Downloads\archive\video\cctv052x2004080518x01671.avi,70594ef3f5bb8b300800305c90133ad0bca1366709bf01e09e3a4b9d30f80bed,0,0.0,fc82cce47af1f2eb,64,auto_labeled_pending_review
images/train/cctv052x2004080518x01671_70594ef3f5_f0000005_t0000000500.jpg,train,D:\Users\L1\Downloads\archive\video\cctv052x2004080518x01671.avi,70594ef3f5bb8b300800305c90133ad0bca1366709bf01e09e3a4b9d30f80bed,5,0.5,f21eba3979f1f3f9,23,auto_labeled_pending_review
images/train/cctv052x2004080518x01671_70594ef3f5_f0000010_t0000001000.jpg,train,D:\Users\L1\Downloads\archive\video\cctv052x2004080518x01671.avi,70594ef3f5bb8b300800305c90133ad0bca1366709bf01e09e3a4b9d30f80bed,10,1.0,f21ebc3b71f2f5fb,9,auto_labeled_pending_review
images/train/cctv052x2004080518x01671_70594ef3f5_f0000015_t0000001500.jpg,train,D:\Users\L1\Downloads\archive\video\cctv052x2004080518x01671.avi,70594ef3f5bb8b300800305c90133ad0bca1366709bf01e09e3a4b9d30f80bed,15,1.5,f21eba3b79f5f3f2,10,auto_labeled_pending_review
images/train/cctv052x2004080518x01671_70594ef3f5_f0000020_t0000002000.jpg,train,D:\Users\L1\Downloads\archive\video\cctv052x2004080518x01671.avi,70594ef3f5bb8b300800305c90133ad0bca1366709bf01e09e3a4b9d30f80bed,20,2.0,f21ebe3972f5f3ee,8,auto_labeled_pending_review
images/train/cctv052x2004080518x01671_70594ef3f5_f0000025_t0000002500.jpg,train,D:\Users\L1\Downloads\archive\video\cctv052x2004080518x01671.avi,70594ef3f5bb8b300800305c90133ad0bca1366709bf01e09e3a4b9d30f80bed,25,2.5,f21ebe397af7eefb,9,auto_labeled_pending_review
images/train/cctv052x2004080518x01671_70594ef3f5_f0000030_t0000003000.jpg,train,D:\Users\L1\Downloads\archive\video\cctv052x2004080518x01671.avi,70594ef3f5bb8b300800305c90133ad0bca1366709bf01e09e3a4b9d30f80bed,30,3.0,f21ebe3b76e6f1e7,13,auto_labeled_pending_review
images/train/cctv052x2004080518x01671_70594ef3f5_f0000035_t0000003500.jpg,train,D:\Users\L1\Downloads\archive\video\cctv052x2004080518x01671.avi,70594ef3f5bb8b300800305c90133ad0bca1366709bf01e09e3a4b9d30f80bed,35,3.5,f21eba337eeee7f8,12,auto_labeled_pending_review
images/train/cctv052x2004080518x01671_70594ef3f5_f0000040_t0000004000.jpg,train,D:\Users\L1\Downloads\archive\video\cctv052x2004080518x01671.avi,70594ef3f5bb8b300800305c90133ad0bca1366709bf01e09e3a4b9d30f80bed,40,4.0,f21eba3b7ee6efed,6,auto_labeled_pending_review
images/train/cctv052x2004080518x01671_70594ef3f5_f0000045_t0000004500.jpg,train,D:\Users\L1\Downloads\archive\video\cctv052x2004080518x01671.avi,70594ef3f5bb8b300800305c90133ad0bca1366709bf01e09e3a4b9d30f80bed,45,4.5,f21eba3b7ee7f8ef,6,auto_labeled_pending_review
images/train/cctv052x2004080611x01897_58721351fa_f0000000_t0000000000.jpg,train,D:\Users\L1\Downloads\archive\video\cctv052x2004080611x01897.avi,58721351fa070e76c3a549396b36e1009815c90ec5553300a154fb7d61314380,0,0.0,e2169c3474f2f2fb,64,auto_labeled_pending_review
images/train/cctv052x2004080611x01897_58721351fa_f0000020_t0000002000.jpg,train,D:\Users\L1\Downloads\archive\video\cctv052x2004080611x01897.avi,58721351fa070e76c3a549396b36e1009815c90ec5553300a154fb7d61314380,20,2.0,e216983478f8f8fb,7,auto_labeled_pending_review
images/train/cctv052x2004080611x01897_58721351fa_f0000035_t0000003500.jpg,train,D:\Users\L1\Downloads\archive\video\cctv052x2004080611x01897.avi,58721351fa070e76c3a549396b36e1009815c90ec5553300a154fb7d61314380,35,3.5,e2169c3078f8f3f3,6,auto_labeled_pending_review
images/train/cctv052x2004080611x01897_58721351fa_f0000040_t0000004000.jpg,train,D:\Users\L1\Downloads\archive\video\cctv052x2004080611x01897.avi,58721351fa070e76c3a549396b36e1009815c90ec5553300a154fb7d61314380,40,4.0,e2169c3878f6f6fe,9,auto_labeled_pending_review
images/train/cctv052x2004080611x01897_58721351fa_f0000045_t0000004500.jpg,train,D:\Users\L1\Downloads\archive\video\cctv052x2004080611x01897.avi,58721351fa070e76c3a549396b36e1009815c90ec5553300a154fb7d61314380,45,4.5,e2169c3874f4fcfa,6,auto_labeled_pending_review
images/train/cctv052x2004080614x00019_213ebf56c6_f0000000_t0000000000.jpg,train,D:\Users\L1\Downloads\archive\video\cctv052x2004080614x00019.avi,213ebf56c61ac5a00dd4dba97b5dd61edb4e3cd5bbb4694002f996b43ca52098,0,0.0,4416983178fafaf8,64,auto_labeled_pending_review
images/train/cctv052x2004080614x00019_213ebf56c6_f0000005_t0000000500.jpg,train,D:\Users\L1\Downloads\archive\video\cctv052x2004080614x00019.avi,213ebf56c61ac5a00dd4dba97b5dd61edb4e3cd5bbb4694002f996b43ca52098,5,0.5,f216983178faf1fc,9,auto_labeled_pending_review
images/train/cctv052x2004080614x00019_213ebf56c6_f0000010_t0000001000.jpg,train,D:\Users\L1\Downloads\archive\video\cctv052x2004080614x00019.avi,213ebf56c61ac5a00dd4dba97b5dd61edb4e3cd5bbb4694002f996b43ca52098,10,1.0,f2169c397cf8f8f9,8,auto_labeled_pending_review
images/train/cctv052x2004080614x00019_213ebf56c6_f0000020_t0000002000.jpg,train,D:\Users\L1\Downloads\archive\video\cctv052x2004080614x00019.avi,213ebf56c61ac5a00dd4dba97b5dd61edb4e3cd5bbb4694002f996b43ca52098,20,2.0,f2169c3978f4f3f1,7,auto_labeled_pending_review
images/train/cctv052x2004080614x00019_213ebf56c6_f0000025_t0000002500.jpg,train,D:\Users\L1\Downloads\archive\video\cctv052x2004080614x00019.avi,213ebf56c61ac5a00dd4dba97b5dd61edb4e3cd5bbb4694002f996b43ca52098,25,2.5,f2169c317cf4eaf8,7,auto_labeled_pending_review
images/train/cctv052x2004080614x00019_213ebf56c6_f0000030_t0000003000.jpg,train,D:\Users\L1\Downloads\archive\video\cctv052x2004080614x00019.avi,213ebf56c61ac5a00dd4dba97b5dd61edb4e3cd5bbb4694002f996b43ca52098,30,3.0,f21698397cfef0fa,8,auto_labeled_pending_review
images/train/cctv052x2004080609x01864_ac95c3f90e_f0000000_t0000000000.jpg,train,D:\Users\L1\Downloads\archive\video\cctv052x2004080609x01864.avi,ac95c3f90e6737b6fd318bc384331e10e300187157cc9202734e45d050ec92d0,0,0.0,e5e5b83074fafbfa,64,auto_labeled_pending_review
images/train/cctv052x2004080609x01864_ac95c3f90e_f0000005_t0000000500.jpg,train,D:\Users\L1\Downloads\archive\video\cctv052x2004080609x01864.avi,ac95c3f90e6737b6fd318bc384331e10e300187157cc9202734e45d050ec92d0,5,0.5,e21ebc3474f2f8fa,15,auto_labeled_pending_review
images/train/cctv052x2004080609x01864_ac95c3f90e_f0000030_t0000003000.jpg,train,D:\Users\L1\Downloads\archive\video\cctv052x2004080609x01864.avi,ac95c3f90e6737b6fd318bc384331e10e300187157cc9202734e45d050ec92d0,30,3.0,e21ebc3074f9f9f9,7,auto_labeled_pending_review
images/train/cctv052x2004080609x01864_ac95c3f90e_f0000040_t0000004000.jpg,train,D:\Users\L1\Downloads\archive\video\cctv052x2004080609x01864.avi,ac95c3f90e6737b6fd318bc384331e10e300187157cc9202734e45d050ec92d0,40,4.0,e21ebc307afafafb,8,auto_labeled_pending_review
images/train/cctv052x2004080609x01864_ac95c3f90e_f0000050_t0000005000.jpg,train,D:\Users\L1\Downloads\archive\video\cctv052x2004080609x01864.avi,ac95c3f90e6737b6fd318bc384331e10e300187157cc9202734e45d050ec92d0,50,5.0,e21ebc3074f4f8fa,8,auto_labeled_pending_review
images/train/cctv052x2004080519x01687_ddf9273703_f0000000_t0000000000.jpg,train,D:\Users\L1\Downloads\archive\video\cctv052x2004080519x01687.avi,ddf9273703ca0833eed8843dd8d915f2d3ba603498b922bff0d546d7b53d4e79,0,0.0,d88e9a3978f6f1f8,64,auto_labeled_pending_review
images/train/cctv052x2004080519x01687_ddf9273703_f0000005_t0000000500.jpg,train,D:\Users\L1\Downloads\archive\video\cctv052x2004080519x01687.avi,ddf9273703ca0833eed8843dd8d915f2d3ba603498b922bff0d546d7b53d4e79,5,0.5,f21e9a397cfaf0f8,9,auto_labeled_pending_review
images/train/cctv052x2004080519x01687_ddf9273703_f0000040_t0000004000.jpg,train,D:\Users\L1\Downloads\archive\video\cctv052x2004080519x01687.avi,ddf9273703ca0833eed8843dd8d915f2d3ba603498b922bff0d546d7b53d4e79,40,4.0,f21f9c397cf8f4f4,7,auto_labeled_pending_review
images/train/cctv052x2004080519x01687_ddf9273703_f0000045_t0000004500.jpg,train,D:\Users\L1\Downloads\archive\video\cctv052x2004080519x01687.avi,ddf9273703ca0833eed8843dd8d915f2d3ba603498b922bff0d546d7b53d4e79,45,4.5,f21e9c397ce8f8f8,6,auto_labeled_pending_review
images/train/cctv052x2004080519x01687_ddf9273703_f0000050_t0000005000.jpg,train,D:\Users\L1\Downloads\archive\video\cctv052x2004080519x01687.avi,ddf9273703ca0833eed8843dd8d915f2d3ba603498b922bff0d546d7b53d4e79,50,5.0,f21e983978f8f0fb,6,auto_labeled_pending_review
images/train/cctv052x2004080614x00027_c5d8103a7d_f0000000_t0000000000.jpg,train,D:\Users\L1\Downloads\archive\video\cctv052x2004080614x00027.avi,c5d8103a7dffc888ca12f904522b050b280531591653ccb7c3025cb9774973ed,0,0.0,d2169c3475f7f1f9,64,auto_labeled_pending_review
images/train/cctv052x2004080614x00027_c5d8103a7d_f0000010_t0000001000.jpg,train,D:\Users\L1\Downloads\archive\video\cctv052x2004080614x00027.avi,c5d8103a7dffc888ca12f904522b050b280531591653ccb7c3025cb9774973ed,10,1.0,e2169c3476f3f3f1,7,auto_labeled_pending_review
images/train/cctv052x2004080614x00027_c5d8103a7d_f0000045_t0000004500.jpg,train,D:\Users\L1\Downloads\archive\video\cctv052x2004080614x00027.avi,c5d8103a7dffc888ca12f904522b050b280531591653ccb7c3025cb9774973ed,45,4.5,e2169e3476faf7fb,6,auto_labeled_pending_review
images/train/cctv052x2004080615x00028_0978e13346_f0000000_t0000000000.jpg,train,D:\Users\L1\Downloads\archive\video\cctv052x2004080615x00028.avi,0978e13346c60eafe21f33dd527ae9d57df9fd64e5bc528df96971cc6337fb02,0,0.0,92169e3c7ce9f9fb,64,auto_labeled_pending_review
images/train/cctv052x2004080615x00028_0978e13346_f0000005_t0000000500.jpg,train,D:\Users\L1\Downloads\archive\video\cctv052x2004080615x00028.avi,0978e13346c60eafe21f33dd527ae9d57df9fd64e5bc528df96971cc6337fb02,5,0.5,f2169e3c7cfdf3f3,7,auto_labeled_pending_review
images/train/cctv052x2004080615x00028_0978e13346_f0000010_t0000001000.jpg,train,D:\Users\L1\Downloads\archive\video\cctv052x2004080615x00028.avi,0978e13346c60eafe21f33dd527ae9d57df9fd64e5bc528df96971cc6337fb02,10,1.0,f2169e3c7afaf7ff,8,auto_labeled_pending_review
images/train/cctv052x2004080615x00028_0978e13346_f0000020_t0000002000.jpg,train,D:\Users\L1\Downloads\archive\video\cctv052x2004080615x00028.avi,0978e13346c60eafe21f33dd527ae9d57df9fd64e5bc528df96971cc6337fb02,20,2.0,f2169e3c7af4ecff,7,auto_labeled_pending_review
images/train/cctv052x2004080615x00028_0978e13346_f0000030_t0000003000.jpg,train,D:\Users\L1\Downloads\archive\video\cctv052x2004080615x00028.avi,0978e13346c60eafe21f33dd527ae9d57df9fd64e5bc528df96971cc6337fb02,30,3.0,f2169e387cfdfaf8,11,auto_labeled_pending_review
images/train/cctv052x2004080615x00028_0978e13346_f0000035_t0000003500.jpg,train,D:\Users\L1\Downloads\archive\video\cctv052x2004080615x00028.avi,0978e13346c60eafe21f33dd527ae9d57df9fd64e5bc528df96971cc6337fb02,35,3.5,f2169e3c7ce9f5f9,8,auto_labeled_pending_review
images/train/cctv052x2004080615x00028_0978e13346_f0000045_t0000004500.jpg,train,D:\Users\L1\Downloads\archive\video\cctv052x2004080615x00028.avi,0978e13346c60eafe21f33dd527ae9d57df9fd64e5bc528df96971cc6337fb02,45,4.5,f2169e3c7afaf3fa,9,auto_labeled_pending_review
images/train/cctv052x2004080615x00028_0978e13346_f0000050_t0000005000.jpg,train,D:\Users\L1\Downloads\archive\video\cctv052x2004080615x00028.avi,0978e13346c60eafe21f33dd527ae9d57df9fd64e5bc528df96971cc6337fb02,50,5.0,f23e9e3c7af3f5e8,8,auto_labeled_pending_review
images/train/cctv052x2004080607x01836_e37b9537eb_f0000000_t0000000000.jpg,train,D:\Users\L1\Downloads\archive\video\cctv052x2004080607x01836.avi,e37b9537eb3e7b9276bafac49450bb989c465728d38f23c1c8c4e6af01650504,0,0.0,f6169e35f9f0f0f8,64,auto_labeled_pending_review
images/train/cctv052x2004080607x01836_e37b9537eb_f0000005_t0000000500.jpg,train,D:\Users\L1\Downloads\archive\video\cctv052x2004080607x01836.avi,e37b9537eb3e7b9276bafac49450bb989c465728d38f23c1c8c4e6af01650504,5,0.5,d2169e33fbf0f4f8,6,auto_labeled_pending_review
images/train/cctv052x2004080607x01836_e37b9537eb_f0000015_t0000001500.jpg,train,D:\Users\L1\Downloads\archive\video\cctv052x2004080607x01836.avi,e37b9537eb3e7b9276bafac49450bb989c465728d38f23c1c8c4e6af01650504,15,1.5,c2169e3374f0f0f8,7,auto_labeled_pending_review
images/train/cctv052x2004080607x01836_e37b9537eb_f0000025_t0000002500.jpg,train,D:\Users\L1\Downloads\archive\video\cctv052x2004080607x01836.avi,e37b9537eb3e7b9276bafac49450bb989c465728d38f23c1c8c4e6af01650504,25,2.5,c2169e31f2f2f1f9,7,auto_labeled_pending_review
images/train/cctv052x2004080607x01836_e37b9537eb_f0000040_t0000004000.jpg,train,D:\Users\L1\Downloads\archive\video\cctv052x2004080607x01836.avi,e37b9537eb3e7b9276bafac49450bb989c465728d38f23c1c8c4e6af01650504,40,4.0,c2169a3174f0f0f8,7,auto_labeled_pending_review
images/train/cctv052x2004080610x01885_70132a36fe_f0000000_t0000000000.jpg,train,D:\Users\L1\Downloads\archive\video\cctv052x2004080610x01885.avi,70132a36fe86604409e3fc87dbb87f538c0309bce9886d0582addaa655e84102,0,0.0,65e5f13472f0f0fa,64,auto_labeled_pending_review
images/train/cctv052x2004080610x01885_70132a36fe_f0000005_t0000000500.jpg,train,D:\Users\L1\Downloads\archive\video\cctv052x2004080610x01885.avi,70132a36fe86604409e3fc87dbb87f538c0309bce9886d0582addaa655e84102,5,0.5,e2169c3470f0f0fa,16,auto_labeled_pending_review
images/train/cctv052x2004080616x00061_a31cec903a_f0000000_t0000000000.jpg,train,D:\Users\L1\Downloads\archive\video\cctv052x2004080616x00061.avi,a31cec903a9fa2e668fee95fb3a20e1971878aebf7af6802433597cd422ebca8,0,0.0,9353b53472f9f4ed,64,auto_labeled_pending_review
images/train/cctv052x2004080616x00061_a31cec903a_f0000005_t0000000500.jpg,train,D:\Users\L1\Downloads\archive\video\cctv052x2004080616x00061.avi,a31cec903a9fa2e668fee95fb3a20e1971878aebf7af6802433597cd422ebca8,5,0.5,f296bc3c72f9f46a,14,auto_labeled_pending_review
images/train/cctv052x2004080616x00061_a31cec903a_f0000010_t0000001000.jpg,train,D:\Users\L1\Downloads\archive\video\cctv052x2004080616x00061.avi,a31cec903a9fa2e668fee95fb3a20e1971878aebf7af6802433597cd422ebca8,10,1.0,f296bc3473f5e87a,8,auto_labeled_pending_review
images/train/cctv052x2004080616x00061_a31cec903a_f0000020_t0000002000.jpg,train,D:\Users\L1\Downloads\archive\video\cctv052x2004080616x00061.avi,a31cec903a9fa2e668fee95fb3a20e1971878aebf7af6802433597cd422ebca8,20,2.0,f296bc3673f9f47c,8,auto_labeled_pending_review
images/train/cctv052x2004080616x00061_a31cec903a_f0000030_t0000003000.jpg,train,D:\Users\L1\Downloads\archive\video\cctv052x2004080616x00061.avi,a31cec903a9fa2e668fee95fb3a20e1971878aebf7af6802433597cd422ebca8,30,3.0,f296bc367bf5f871,8,auto_labeled_pending_review
images/train/cctv052x2004080616x00061_a31cec903a_f0000040_t0000004000.jpg,train,D:\Users\L1\Downloads\archive\video\cctv052x2004080616x00061.avi,a31cec903a9fa2e668fee95fb3a20e1971878aebf7af6802433597cd422ebca8,40,4.0,f296bc347af9e1f9,9,auto_labeled_pending_review
images/train/cctv052x2004080616x00061_a31cec903a_f0000050_t0000005000.jpg,train,D:\Users\L1\Downloads\archive\video\cctv052x2004080616x00061.avi,a31cec903a9fa2e668fee95fb3a20e1971878aebf7af6802433597cd422ebca8,50,5.0,f296be347ae9fbf3,7,auto_labeled_pending_review
images/train/cctv052x2004080611x01896_a2e9d06fd4_f0000000_t0000000000.jpg,train,D:\Users\L1\Downloads\archive\video\cctv052x2004080611x01896.avi,a2e9d06fd4ca72b58027b6f07bb299e2127e623b79212b0e52d4c396a11ccdd7,0,0.0,e2169c307cf8f1f9,64,auto_labeled_pending_review
images/train/cctv052x2004080611x01896_a2e9d06fd4_f0000010_t0000001000.jpg,train,D:\Users\L1\Downloads\archive\video\cctv052x2004080611x01896.avi,a2e9d06fd4ca72b58027b6f07bb299e2127e623b79212b0e52d4c396a11ccdd7,10,1.0,e2169c3878f2f2f9,6,auto_labeled_pending_review
images/train/cctv052x2004080611x01896_a2e9d06fd4_f0000015_t0000001500.jpg,train,D:\Users\L1\Downloads\archive\video\cctv052x2004080611x01896.avi,a2e9d06fd4ca72b58027b6f07bb299e2127e623b79212b0e52d4c396a11ccdd7,15,1.5,e2169c3874f4f1f3,8,auto_labeled_pending_review
images/train/cctv052x2004080611x01896_a2e9d06fd4_f0000020_t0000002000.jpg,train,D:\Users\L1\Downloads\archive\video\cctv052x2004080611x01896.avi,a2e9d06fd4ca72b58027b6f07bb299e2127e623b79212b0e52d4c396a11ccdd7,20,2.0,e2169c3874f2f6fa,7,auto_labeled_pending_review
images/train/cctv052x2004080611x01896_a2e9d06fd4_f0000025_t0000002500.jpg,train,D:\Users\L1\Downloads\archive\video\cctv052x2004080611x01896.avi,a2e9d06fd4ca72b58027b6f07bb299e2127e623b79212b0e52d4c396a11ccdd7,25,2.5,e2169c3474f6f0f9,7,auto_labeled_pending_review
images/train/cctv052x2004080611x01896_a2e9d06fd4_f0000035_t0000003500.jpg,train,D:\Users\L1\Downloads\archive\video\cctv052x2004080611x01896.avi,a2e9d06fd4ca72b58027b6f07bb299e2127e623b79212b0e52d4c396a11ccdd7,35,3.5,e2169c307cf2f2fa,6,auto_labeled_pending_review
images/train/cctv052x2004080611x01896_a2e9d06fd4_f0000045_t0000004500.jpg,train,D:\Users\L1\Downloads\archive\video\cctv052x2004080611x01896.avi,a2e9d06fd4ca72b58027b6f07bb299e2127e623b79212b0e52d4c396a11ccdd7,45,4.5,e2169c3474f1f1f9,8,auto_labeled_pending_review
images/train/cctv052x2004080614x00020_119342e576_f0000000_t0000000000.jpg,train,D:\Users\L1\Downloads\archive\video\cctv052x2004080614x00020.avi,119342e576c3618b1f626caddccad7882a357ea883e7c33d05120f9bcab21f9f,0,0.0,6567f13978f2f2f8,64,auto_labeled_pending_review
images/train/cctv052x2004080614x00020_119342e576_f0000005_t0000000500.jpg,train,D:\Users\L1\Downloads\archive\video\cctv052x2004080614x00020.avi,119342e576c3618b1f626caddccad7882a357ea883e7c33d05120f9bcab21f9f,5,0.5,f2169c3978f6f0fa,17,auto_labeled_pending_review
images/train/cctv052x2004080614x00020_119342e576_f0000010_t0000001000.jpg,train,D:\Users\L1\Downloads\archive\video\cctv052x2004080614x00020.avi,119342e576c3618b1f626caddccad7882a357ea883e7c33d05120f9bcab21f9f,10,1.0,f216983974fcf4f8,7,auto_labeled_pending_review
images/train/cctv052x2004080614x00020_119342e576_f0000025_t0000002500.jpg,train,D:\Users\L1\Downloads\archive\video\cctv052x2004080614x00020.avi,119342e576c3618b1f626caddccad7882a357ea883e7c33d05120f9bcab21f9f,25,2.5,f216983978f8f2fa,6,auto_labeled_pending_review
images/train/cctv052x2004080614x00020_119342e576_f0000030_t0000003000.jpg,train,D:\Users\L1\Downloads\archive\video\cctv052x2004080614x00020.avi,119342e576c3618b1f626caddccad7882a357ea883e7c33d05120f9bcab21f9f,30,3.0,f2169c3978f4f1f9,7,auto_labeled_pending_review
images/train/cctv052x2004080614x00020_119342e576_f0000035_t0000003500.jpg,train,D:\Users\L1\Downloads\archive\video\cctv052x2004080614x00020.avi,119342e576c3618b1f626caddccad7882a357ea883e7c33d05120f9bcab21f9f,35,3.5,f2169c3974f6f2f8,6,auto_labeled_pending_review
images/train/cctv052x2004080614x00020_119342e576_f0000050_t0000005000.jpg,train,D:\Users\L1\Downloads\archive\video\cctv052x2004080614x00020.avi,119342e576c3618b1f626caddccad7882a357ea883e7c33d05120f9bcab21f9f,50,5.0,f2161c397cf8f0f8,6,auto_labeled_pending_review
images/train/cctv052x2004080612x01909_5934a417ed_f0000000_t0000000000.jpg,train,D:\Users\L1\Downloads\archive\video\cctv052x2004080612x01909.avi,5934a417eda9a56cb486ca3584d6a96eb23ea2461ab036b18d71e3ef23aa2404,0,0.0,e5e570bd7af8fafb,64,auto_labeled_pending_review
images/train/cctv052x2004080612x01909_5934a417ed_f0000005_t0000000500.jpg,train,D:\Users\L1\Downloads\archive\video\cctv052x2004080612x01909.avi,5934a417eda9a56cb486ca3584d6a96eb23ea2461ab036b18d71e3ef23aa2404,5,0.5,f6569c3078faf8f1,22,auto_labeled_pending_review
images/train/cctv052x2004080612x01909_5934a417ed_f0000010_t0000001000.jpg,train,D:\Users\L1\Downloads\archive\video\cctv052x2004080612x01909.avi,5934a417eda9a56cb486ca3584d6a96eb23ea2461ab036b18d71e3ef23aa2404,10,1.0,f6569c3078f2f7fa,8,auto_labeled_pending_review
images/train/cctv052x2004080612x01909_5934a417ed_f0000015_t0000001500.jpg,train,D:\Users\L1\Downloads\archive\video\cctv052x2004080612x01909.avi,5934a417eda9a56cb486ca3584d6a96eb23ea2461ab036b18d71e3ef23aa2404,15,1.5,f6569c3074f2f8fb,7,auto_labeled_pending_review
images/train/cctv052x2004080612x01909_5934a417ed_f0000025_t0000002500.jpg,train,D:\Users\L1\Downloads\archive\video\cctv052x2004080612x01909.avi,5934a417eda9a56cb486ca3584d6a96eb23ea2461ab036b18d71e3ef23aa2404,25,2.5,f6569c3474f9f9f9,6,auto_labeled_pending_review
images/train/cctv052x2004080612x01909_5934a417ed_f0000035_t0000003500.jpg,train,D:\Users\L1\Downloads\archive\video\cctv052x2004080612x01909.avi,5934a417eda9a56cb486ca3584d6a96eb23ea2461ab036b18d71e3ef23aa2404,35,3.5,f6569c3472fafcf9,6,auto_labeled_pending_review
images/train/cctv052x2004080612x01909_5934a417ed_f0000040_t0000004000.jpg,train,D:\Users\L1\Downloads\archive\video\cctv052x2004080612x01909.avi,5934a417eda9a56cb486ca3584d6a96eb23ea2461ab036b18d71e3ef23aa2404,40,4.0,f6569c3472fcf2fa,7,auto_labeled_pending_review
images/train/cctv052x2004080612x01909_5934a417ed_f0000045_t0000004500.jpg,train,D:\Users\L1\Downloads\archive\video\cctv052x2004080612x01909.avi,5934a417eda9a56cb486ca3584d6a96eb23ea2461ab036b18d71e3ef23aa2404,45,4.5,f656bc3070f2f4f9,10,auto_labeled_pending_review
images/train/cctv052x2004080612x01909_5934a417ed_f0000050_t0000005000.jpg,train,D:\Users\L1\Downloads\archive\video\cctv052x2004080612x01909.avi,5934a417eda9a56cb486ca3584d6a96eb23ea2461ab036b18d71e3ef23aa2404,50,5.0,f656bc3074f4f8fb,6,auto_labeled_pending_review
images/train/cctv052x2004080517x01658_7d70bd2b2b_f0000000_t0000000000.jpg,train,D:\Users\L1\Downloads\archive\video\cctv052x2004080517x01658.avi,7d70bd2b2bc7aa8f9bdcb35b8ea354fd0a7e81ee080a0d7facd6cc624598efcd,0,0.0,f48b9c3275e2e8f9,64,auto_labeled_pending_review
images/train/cctv052x2004080517x01658_7d70bd2b2b_f0000005_t0000000500.jpg,train,D:\Users\L1\Downloads\archive\video\cctv052x2004080517x01658.avi,7d70bd2b2bc7aa8f9bdcb35b8ea354fd0a7e81ee080a0d7facd6cc624598efcd,5,0.5,f29ebc3275e2e8fb,7,auto_labeled_pending_review
images/train/cctv052x2004080517x01658_7d70bd2b2b_f0000020_t0000002000.jpg,train,D:\Users\L1\Downloads\archive\video\cctv052x2004080517x01658.avi,7d70bd2b2bc7aa8f9bdcb35b8ea354fd0a7e81ee080a0d7facd6cc624598efcd,20,2.0,f29ebc327de6e8e6,6,auto_labeled_pending_review
images/train/cctv052x2004080517x01658_7d70bd2b2b_f0000035_t0000003500.jpg,train,D:\Users\L1\Downloads\archive\video\cctv052x2004080517x01658.avi,7d70bd2b2bc7aa8f9bdcb35b8ea354fd0a7e81ee080a0d7facd6cc624598efcd,35,3.5,f29ebc3669eaf2ea,10,auto_labeled_pending_review
images/train/cctv052x2004080517x01658_7d70bd2b2b_f0000045_t0000004500.jpg,train,D:\Users\L1\Downloads\archive\video\cctv052x2004080517x01658.avi,7d70bd2b2bc7aa8f9bdcb35b8ea354fd0a7e81ee080a0d7facd6cc624598efcd,45,4.5,f29eb83679e0eaea,6,auto_labeled_pending_review
images/train/cctv052x2004080611x01907_65f8c2cf44_f0000000_t0000000000.jpg,train,D:\Users\L1\Downloads\archive\video\cctv052x2004080611x01907.avi,65f8c2cf4459a3b3c5eed8ef98cb0f3cd2264ada064f38367ff12b8c7eef35e0,0,0.0,e5e7f0b97af9f2fa,64,auto_labeled_pending_review
images/train/cctv052x2004080611x01907_65f8c2cf44_f0000005_t0000000500.jpg,train,D:\Users\L1\Downloads\archive\video\cctv052x2004080611x01907.avi,65f8c2cf4459a3b3c5eed8ef98cb0f3cd2264ada064f38367ff12b8c7eef35e0,5,0.5,f6569c3078f1f5fe,20,auto_labeled_pending_review
images/train/cctv052x2004080611x01907_65f8c2cf44_f0000010_t0000001000.jpg,train,D:\Users\L1\Downloads\archive\video\cctv052x2004080611x01907.avi,65f8c2cf4459a3b3c5eed8ef98cb0f3cd2264ada064f38367ff12b8c7eef35e0,10,1.0,f6569c3070f4f8f8,8,auto_labeled_pending_review
images/train/cctv052x2004080611x01907_65f8c2cf44_f0000015_t0000001500.jpg,train,D:\Users\L1\Downloads\archive\video\cctv052x2004080611x01907.avi,65f8c2cf4459a3b3c5eed8ef98cb0f3cd2264ada064f38367ff12b8c7eef35e0,15,1.5,f656983076f8f1f9,8,auto_labeled_pending_review
images/train/cctv052x2004080611x01907_65f8c2cf44_f0000020_t0000002000.jpg,train,D:\Users\L1\Downloads\archive\video\cctv052x2004080611x01907.avi,65f8c2cf4459a3b3c5eed8ef98cb0f3cd2264ada064f38367ff12b8c7eef35e0,20,2.0,f656983078f2fafa,10,auto_labeled_pending_review
images/train/cctv052x2004080611x01907_65f8c2cf44_f0000030_t0000003000.jpg,train,D:\Users\L1\Downloads\archive\video\cctv052x2004080611x01907.avi,65f8c2cf4459a3b3c5eed8ef98cb0f3cd2264ada064f38367ff12b8c7eef35e0,30,3.0,f6569c3874f8f2f2,8,auto_labeled_pending_review
images/train/cctv052x2004080611x01907_65f8c2cf44_f0000035_t0000003500.jpg,train,D:\Users\L1\Downloads\archive\video\cctv052x2004080611x01907.avi,65f8c2cf4459a3b3c5eed8ef98cb0f3cd2264ada064f38367ff12b8c7eef35e0,35,3.5,f6569c3874f4fcfa,6,auto_labeled_pending_review
images/train/cctv052x2004080611x01907_65f8c2cf44_f0000045_t0000004500.jpg,train,D:\Users\L1\Downloads\archive\video\cctv052x2004080611x01907.avi,65f8c2cf4459a3b3c5eed8ef98cb0f3cd2264ada064f38367ff12b8c7eef35e0,45,4.5,f6569c3478f8f0fa,8,auto_labeled_pending_review
images/train/cctv052x2004080609x01871_00b2410f17_f0000000_t0000000000.jpg,train,D:\Users\L1\Downloads\archive\video\cctv052x2004080609x01871.avi,00b2410f1702b021a5c88f393a26a2a395063beede4240960cbe681503a27718,0,0.0,6516983170f0f0fa,64,auto_labeled_pending_review
images/train/cctv052x2004080609x01871_00b2410f17_f0000015_t0000001500.jpg,train,D:\Users\L1\Downloads\archive\video\cctv052x2004080609x01871.avi,00b2410f1702b021a5c88f393a26a2a395063beede4240960cbe681503a27718,15,1.5,e616983070f4f8fa,6,auto_labeled_pending_review
images/train/cctv052x2004080609x01871_00b2410f17_f0000030_t0000003000.jpg,train,D:\Users\L1\Downloads\archive\video\cctv052x2004080609x01871.avi,00b2410f1702b021a5c88f393a26a2a395063beede4240960cbe681503a27718,30,3.0,e616983970f0f3fb,7,auto_labeled_pending_review
images/train/cctv052x2004080609x01871_00b2410f17_f0000035_t0000003500.jpg,train,D:\Users\L1\Downloads\archive\video\cctv052x2004080609x01871.avi,00b2410f1702b021a5c88f393a26a2a395063beede4240960cbe681503a27718,35,3.5,e6169c3870f2f8fa,7,auto_labeled_pending_review
images/train/cctv052x2004080609x01871_00b2410f17_f0000045_t0000004500.jpg,train,D:\Users\L1\Downloads\archive\video\cctv052x2004080609x01871.avi,00b2410f1702b021a5c88f393a26a2a395063beede4240960cbe681503a27718,45,4.5,e6161c3074f1f1f9,9,auto_labeled_pending_review
images/train/cctv052x2004080618x00081_635c505a45_f0000000_t0000000000.jpg,train,D:\Users\L1\Downloads\archive\video\cctv052x2004080618x00081.avi,635c505a45cfc5c9ff962be0272b8c373c2e88b8e06e329665e3f0016e5d136f,0,0.0,765cb83870f9fafe,64,auto_labeled_pending_review
images/train/cctv052x2004080618x00081_635c505a45_f0000005_t0000000500.jpg,train,D:\Users\L1\Downloads\archive\video\cctv052x2004080618x00081.avi,635c505a45cfc5c9ff962be0272b8c373c2e88b8e06e329665e3f0016e5d136f,5,0.5,e206bc3874fbfaea,12,auto_labeled_pending_review
images/train/cctv052x2004080618x00081_635c505a45_f0000015_t0000001500.jpg,train,D:\Users\L1\Downloads\archive\video\cctv052x2004080618x00081.avi,635c505a45cfc5c9ff962be0272b8c373c2e88b8e06e329665e3f0016e5d136f,15,1.5,e206bc3878f1f8f9,8,auto_labeled_pending_review
images/train/cctv052x2004080618x00081_635c505a45_f0000020_t0000002000.jpg,train,D:\Users\L1\Downloads\archive\video\cctv052x2004080618x00081.avi,635c505a45cfc5c9ff962be0272b8c373c2e88b8e06e329665e3f0016e5d136f,20,2.0,e206bc3870f8fafa,6,auto_labeled_pending_review
images/train/cctv052x2004080618x00081_635c505a45_f0000050_t0000005000.jpg,train,D:\Users\L1\Downloads\archive\video\cctv052x2004080618x00081.avi,635c505a45cfc5c9ff962be0272b8c373c2e88b8e06e329665e3f0016e5d136f,50,5.0,e206bc3078fcfcf9,7,auto_labeled_pending_review
images/train/cctv052x2004080615x00037_7a5db16dba_f0000000_t0000000000.jpg,train,D:\Users\L1\Downloads\archive\video\cctv052x2004080615x00037.avi,7a5db16dba9381f4bc2c779056d2c7f5684e42db2d40f9bf35ceea7f060c2156,0,0.0,9373ba3474fbf8f9,64,auto_labeled_pending_review
images/train/cctv052x2004080615x00037_7a5db16dba_f0000005_t0000000500.jpg,train,D:\Users\L1\Downloads\archive\video\cctv052x2004080615x00037.avi,7a5db16dba9381f4bc2c779056d2c7f5684e42db2d40f9bf35ceea7f060c2156,5,0.5,fe16ba3474fbeafb,12,auto_labeled_pending_review
images/train/cctv052x2004080615x00037_7a5db16dba_f0000020_t0000002000.jpg,train,D:\Users\L1\Downloads\archive\video\cctv052x2004080615x00037.avi,7a5db16dba9381f4bc2c779056d2c7f5684e42db2d40f9bf35ceea7f060c2156,20,2.0,fe16be3472fbf0f2,8,auto_labeled_pending_review
images/train/cctv052x2004080615x00037_7a5db16dba_f0000030_t0000003000.jpg,train,D:\Users\L1\Downloads\archive\video\cctv052x2004080615x00037.avi,7a5db16dba9381f4bc2c779056d2c7f5684e42db2d40f9bf35ceea7f060c2156,30,3.0,fe16bc3472f4f4fa,7,auto_labeled_pending_review
images/train/cctv052x2004080615x00037_7a5db16dba_f0000045_t0000004500.jpg,train,D:\Users\L1\Downloads\archive\video\cctv052x2004080615x00037.avi,7a5db16dba9381f4bc2c779056d2c7f5684e42db2d40f9bf35ceea7f060c2156,45,4.5,fe16bc3476f5f9eb,7,auto_labeled_pending_review
images/train/cctv052x2004080615x00037_7a5db16dba_f0000050_t0000005000.jpg,train,D:\Users\L1\Downloads\archive\video\cctv052x2004080615x00037.avi,7a5db16dba9381f4bc2c779056d2c7f5684e42db2d40f9bf35ceea7f060c2156,50,5.0,fe16bc3476f5eafe,6,auto_labeled_pending_review
images/train/cctv052x2004080614x00025_95a79c7a8e_f0000000_t0000000000.jpg,train,D:\Users\L1\Downloads\archive\video\cctv052x2004080614x00025.avi,95a79c7a8eaaa58ca8ecf81ff8e8068985c55abab4387b29358ba32b501de297,0,0.0,b212a53872faf3fa,64,auto_labeled_pending_review
images/train/cctv052x2004080614x00025_95a79c7a8e_f0000005_t0000000500.jpg,train,D:\Users\L1\Downloads\archive\video\cctv052x2004080614x00025.avi,95a79c7a8eaaa58ca8ecf81ff8e8068985c55abab4387b29358ba32b501de297,5,0.5,d2169c387af2f6fa,11,auto_labeled_pending_review
images/train/cctv052x2004080614x00025_95a79c7a8e_f0000010_t0000001000.jpg,train,D:\Users\L1\Downloads\archive\video\cctv052x2004080614x00025.avi,95a79c7a8eaaa58ca8ecf81ff8e8068985c55abab4387b29358ba32b501de297,10,1.0,d2169c307af6f0f9,6,auto_labeled_pending_review
images/train/cctv052x2004080614x00025_95a79c7a8e_f0000020_t0000002000.jpg,train,D:\Users\L1\Downloads\archive\video\cctv052x2004080614x00025.avi,95a79c7a8eaaa58ca8ecf81ff8e8068985c55abab4387b29358ba32b501de297,20,2.0,f2169c3874f0faee,13,auto_labeled_pending_review
images/train/cctv052x2004080614x00025_95a79c7a8e_f0000025_t0000002500.jpg,train,D:\Users\L1\Downloads\archive\video\cctv052x2004080614x00025.avi,95a79c7a8eaaa58ca8ecf81ff8e8068985c55abab4387b29358ba32b501de297,25,2.5,d2169c3874f8e8f8,7,auto_labeled_pending_review
images/train/cctv052x2004080614x00025_95a79c7a8e_f0000035_t0000003500.jpg,train,D:\Users\L1\Downloads\archive\video\cctv052x2004080614x00025.avi,95a79c7a8eaaa58ca8ecf81ff8e8068985c55abab4387b29358ba32b501de297,35,3.5,f2169c307cfcf2fa,8,auto_labeled_pending_review
images/train/cctv052x2004080614x00025_95a79c7a8e_f0000040_t0000004000.jpg,train,D:\Users\L1\Downloads\archive\video\cctv052x2004080614x00025.avi,95a79c7a8eaaa58ca8ecf81ff8e8068985c55abab4387b29358ba32b501de297,40,4.0,f2169c347cf1f2f6,6,auto_labeled_pending_review
images/train/cctv052x2004080614x00025_95a79c7a8e_f0000045_t0000004500.jpg,train,D:\Users\L1\Downloads\archive\video\cctv052x2004080614x00025.avi,95a79c7a8eaaa58ca8ecf81ff8e8068985c55abab4387b29358ba32b501de297,45,4.5,d2169c347cf6f4ea,9,auto_labeled_pending_review
images/train/cctv052x2004080614x00025_95a79c7a8e_f0000050_t0000005000.jpg,train,D:\Users\L1\Downloads\archive\video\cctv052x2004080614x00025.avi,95a79c7a8eaaa58ca8ecf81ff8e8068985c55abab4387b29358ba32b501de297,50,5.0,d2169c3874f5fdf9,10,auto_labeled_pending_review
images/train/cctv052x2004080610x01890_ef186b9235_f0000000_t0000000000.jpg,train,D:\Users\L1\Downloads\archive\video\cctv052x2004080610x01890.avi,ef186b923525d1af4bed697c985d08f2e6ea77e906186ca6112898eedb1be141,0,0.0,65e7f83170f0f1fb,64,auto_labeled_pending_review
images/train/cctv052x2004080610x01890_ef186b9235_f0000005_t0000000500.jpg,train,D:\Users\L1\Downloads\archive\video\cctv052x2004080610x01890.avi,ef186b923525d1af4bed697c985d08f2e6ea77e906186ca6112898eedb1be141,5,0.5,f216983178f7f1f9,17,auto_labeled_pending_review
images/train/cctv052x2004080610x01890_ef186b9235_f0000020_t0000002000.jpg,train,D:\Users\L1\Downloads\archive\video\cctv052x2004080610x01890.avi,ef186b923525d1af4bed697c985d08f2e6ea77e906186ca6112898eedb1be141,20,2.0,f216983d74f2f2f8,9,auto_labeled_pending_review
images/train/cctv052x2004080610x01890_ef186b9235_f0000030_t0000003000.jpg,train,D:\Users\L1\Downloads\archive\video\cctv052x2004080610x01890.avi,ef186b923525d1af4bed697c985d08f2e6ea77e906186ca6112898eedb1be141,30,3.0,f216983574f4f1f9,6,auto_labeled_pending_review
images/train/cctv052x2004080610x01890_ef186b9235_f0000035_t0000003500.jpg,train,D:\Users\L1\Downloads\archive\video\cctv052x2004080610x01890.avi,ef186b923525d1af4bed697c985d08f2e6ea77e906186ca6112898eedb1be141,35,3.5,f216983574f1f2fa,6,auto_labeled_pending_review
images/train/cctv052x2004080610x01890_ef186b9235_f0000040_t0000004000.jpg,train,D:\Users\L1\Downloads\archive\video\cctv052x2004080610x01890.avi,ef186b923525d1af4bed697c985d08f2e6ea77e906186ca6112898eedb1be141,40,4.0,f216983570f3f1f9,6,auto_labeled_pending_review
images/train/cctv052x2004080606x01824_62c7ba4f59_f0000000_t0000000000.jpg,train,D:\Users\L1\Downloads\archive\video\cctv052x2004080606x01824.avi,62c7ba4f596b1a72a4fcb44ba2e7e3869bf9c3b39c3a69c66b61c01b88606336,0,0.0,d686983178f8f8fa,64,auto_labeled_pending_review
images/train/cctv052x2004080606x01824_62c7ba4f59_f0000010_t0000001000.jpg,train,D:\Users\L1\Downloads\archive\video\cctv052x2004080606x01824.avi,62c7ba4f596b1a72a4fcb44ba2e7e3869bf9c3b39c3a69c66b61c01b88606336,10,1.0,f216983178f8f8f9,6,auto_labeled_pending_review
images/train/cctv052x2004080619x00098_6f3979f8b1_f0000000_t0000000000.jpg,train,D:\Users\L1\Downloads\archive\video\cctv052x2004080619x00098.avi,6f3979f8b1d1e950bc797641d530be9b931ea87c9654dcdd9581aacbf5dd8b4b,0,0.0,2a9cf83971faf8f8,64,auto_labeled_pending_review
images/train/cctv052x2004080619x00098_6f3979f8b1_f0000005_t0000000500.jpg,train,D:\Users\L1\Downloads\archive\video\cctv052x2004080619x00098.avi,6f3979f8b1d1e950bc797641d530be9b931ea87c9654dcdd9581aacbf5dd8b4b,5,0.5,d2869c3971f8f8fa,13,auto_labeled_pending_review
images/train/cctv052x2004080619x00098_6f3979f8b1_f0000010_t0000001000.jpg,train,D:\Users\L1\Downloads\archive\video\cctv052x2004080619x00098.avi,6f3979f8b1d1e950bc797641d530be9b931ea87c9654dcdd9581aacbf5dd8b4b,10,1.0,d2869c3170fcf4fc,7,auto_labeled_pending_review
images/train/cctv052x2004080619x00098_6f3979f8b1_f0000015_t0000001500.jpg,train,D:\Users\L1\Downloads\archive\video\cctv052x2004080619x00098.avi,6f3979f8b1d1e950bc797641d530be9b931ea87c9654dcdd9581aacbf5dd8b4b,15,1.5,d2869c3174fcf8fb,6,auto_labeled_pending_review
images/train/cctv052x2004080619x00098_6f3979f8b1_f0000030_t0000003000.jpg,train,D:\Users\L1\Downloads\archive\video\cctv052x2004080619x00098.avi,6f3979f8b1d1e950bc797641d530be9b931ea87c9654dcdd9581aacbf5dd8b4b,30,3.0,d2869c3978f8f8f8,6,auto_labeled_pending_review
images/train/cctv052x2004080619x00098_6f3979f8b1_f0000045_t0000004500.jpg,train,D:\Users\L1\Downloads\archive\video\cctv052x2004080619x00098.avi,6f3979f8b1d1e950bc797641d530be9b931ea87c9654dcdd9581aacbf5dd8b4b,45,4.5,d2869c3978f4f5fa,6,auto_labeled_pending_review
images/train/cctv052x2004080620x00107_4a885c3fca_f0000000_t0000000000.jpg,train,D:\Users\L1\Downloads\archive\video\cctv052x2004080620x00107.avi,4a885c3fca22bb60b89f33e1dd3adcf3a00befcbdc7b5eff88c808354169b00d,0,0.0,6a969c3978f8f8f8,64,auto_labeled_pending_review
images/train/cctv052x2004080620x00107_4a885c3fca_f0000025_t0000002500.jpg,train,D:\Users\L1\Downloads\archive\video\cctv052x2004080620x00107.avi,4a885c3fca22bb60b89f33e1dd3adcf3a00befcbdc7b5eff88c808354169b00d,25,2.5,e2969e3978f8f6f8,6,auto_labeled_pending_review
images/train/cctv052x2004080620x00107_4a885c3fca_f0000030_t0000003000.jpg,train,D:\Users\L1\Downloads\archive\video\cctv052x2004080620x00107.avi,4a885c3fca22bb60b89f33e1dd3adcf3a00befcbdc7b5eff88c808354169b00d,30,3.0,e2969c3978f4fbf8,6,auto_labeled_pending_review
images/train/cctv052x2004080620x00107_4a885c3fca_f0000035_t0000003500.jpg,train,D:\Users\L1\Downloads\archive\video\cctv052x2004080620x00107.avi,4a885c3fca22bb60b89f33e1dd3adcf3a00befcbdc7b5eff88c808354169b00d,35,3.5,e2969c397cfaf8fa,7,auto_labeled_pending_review
images/train/cctv052x2004080620x00107_4a885c3fca_f0000040_t0000004000.jpg,train,D:\Users\L1\Downloads\archive\video\cctv052x2004080620x00107.avi,4a885c3fca22bb60b89f33e1dd3adcf3a00befcbdc7b5eff88c808354169b00d,40,4.0,e2969c397cf4f4f8,6,auto_labeled_pending_review
images/train/cctv052x2004080620x00107_4a885c3fca_f0000045_t0000004500.jpg,train,D:\Users\L1\Downloads\archive\video\cctv052x2004080620x00107.avi,4a885c3fca22bb60b89f33e1dd3adcf3a00befcbdc7b5eff88c808354169b00d,45,4.5,e296983974fcf9f9,7,auto_labeled_pending_review
images/train/cctv052x2004080620x00107_4a885c3fca_f0000050_t0000005000.jpg,train,D:\Users\L1\Downloads\archive\video\cctv052x2004080620x00107.avi,4a885c3fca22bb60b89f33e1dd3adcf3a00befcbdc7b5eff88c808354169b00d,50,5.0,e296983d7cfaf6f8,9,auto_labeled_pending_review
images/train/cctv052x2004080519x01685_7dbdbe8015_f0000000_t0000000000.jpg,train,D:\Users\L1\Downloads\archive\video\cctv052x2004080519x01685.avi,7dbdbe8015e0906e955fe30c09859b5e077f3fe31205dcedbb0d5f813cfb0ec2,0,0.0,f28e98397cf8f0f8,64,auto_labeled_pending_review
images/train/cctv052x2004080519x01685_7dbdbe8015_f0000040_t0000004000.jpg,train,D:\Users\L1\Downloads\archive\video\cctv052x2004080519x01685.avi,7dbdbe8015e0906e955fe30c09859b5e077f3fe31205dcedbb0d5f813cfb0ec2,40,4.0,f20e983579f8f2f5,9,auto_labeled_pending_review
images/train/cctv052x2004080519x01685_7dbdbe8015_f0000045_t0000004500.jpg,train,D:\Users\L1\Downloads\archive\video\cctv052x2004080519x01685.avi,7dbdbe8015e0906e955fe30c09859b5e077f3fe31205dcedbb0d5f813cfb0ec2,45,4.5,f20e983179f8e8f8,7,auto_labeled_pending_review
images/train/cctv052x2004080519x01690_59a926ad9d_f0000000_t0000000000.jpg,train,D:\Users\L1\Downloads\archive\video\cctv052x2004080519x01690.avi,59a926ad9d8f43f66d6a0c9f58859ee5c8d31add87e7f9ac0c3b9ad8a7f9201c,0,0.0,52828ce074f1f1f8,64,auto_labeled_pending_review
images/train/cctv052x2004080519x01690_59a926ad9d_f0000005_t0000000500.jpg,train,D:\Users\L1\Downloads\archive\video\cctv052x2004080519x01690.avi,59a926ad9d8f43f66d6a0c9f58859ee5c8d31add87e7f9ac0c3b9ad8a7f9201c,5,0.5,f21e98397cf2f0f8,17,auto_labeled_pending_review
images/train/cctv052x2004080519x01690_59a926ad9d_f0000020_t0000002000.jpg,train,D:\Users\L1\Downloads\archive\video\cctv052x2004080519x01690.avi,59a926ad9d8f43f66d6a0c9f58859ee5c8d31add87e7f9ac0c3b9ad8a7f9201c,20,2.0,f21e983578f4f0f9,6,auto_labeled_pending_review
images/train/cctv052x2004080519x01690_59a926ad9d_f0000025_t0000002500.jpg,train,D:\Users\L1\Downloads\archive\video\cctv052x2004080519x01690.avi,59a926ad9d8f43f66d6a0c9f58859ee5c8d31add87e7f9ac0c3b9ad8a7f9201c,25,2.5,f21e9c317cf8f2f8,7,auto_labeled_pending_review
images/train/cctv052x2004080610x01886_6ea6967ac8_f0000000_t0000000000.jpg,train,D:\Users\L1\Downloads\archive\video\cctv052x2004080610x01886.avi,6ea6967ac82d1c07db3ab641a530f7fbab3603529ed8e399dd5fb7c34c93b240,0,0.0,65e7f0b87af4f0f2,64,auto_labeled_pending_review
images/train/cctv052x2004080610x01886_6ea6967ac8_f0000005_t0000000500.jpg,train,D:\Users\L1\Downloads\archive\video\cctv052x2004080610x01886.avi,6ea6967ac82d1c07db3ab641a530f7fbab3603529ed8e399dd5fb7c34c93b240,5,0.5,e2169c3472f5f4f8,21,auto_labeled_pending_review
images/train/cctv052x2004080610x01886_6ea6967ac8_f0000020_t0000002000.jpg,train,D:\Users\L1\Downloads\archive\video\cctv052x2004080610x01886.avi,6ea6967ac82d1c07db3ab641a530f7fbab3603529ed8e399dd5fb7c34c93b240,20,2.0,e2169c3478f0f5f9,6,auto_labeled_pending_review
images/train/cctv052x2004080610x01886_6ea6967ac8_f0000025_t0000002500.jpg,train,D:\Users\L1\Downloads\archive\video\cctv052x2004080610x01886.avi,6ea6967ac82d1c07db3ab641a530f7fbab3603529ed8e399dd5fb7c34c93b240,25,2.5,e2169c3470f1f0fa,6,auto_labeled_pending_review
images/train/cctv052x2004080610x01886_6ea6967ac8_f0000035_t0000003500.jpg,train,D:\Users\L1\Downloads\archive\video\cctv052x2004080610x01886.avi,6ea6967ac82d1c07db3ab641a530f7fbab3603529ed8e399dd5fb7c34c93b240,35,3.5,e2169c3878f8f1f8,7,auto_labeled_pending_review
images/train/cctv052x2004080610x01886_6ea6967ac8_f0000045_t0000004500.jpg,train,D:\Users\L1\Downloads\archive\video\cctv052x2004080610x01886.avi,6ea6967ac82d1c07db3ab641a530f7fbab3603529ed8e399dd5fb7c34c93b240,45,4.5,e216983070f2f0f8,6,auto_labeled_pending_review
images/train/cctv052x2004080617x00071_acf08c67c3_f0000000_t0000000000.jpg,train,D:\Users\L1\Downloads\archive\video\cctv052x2004080617x00071.avi,acf08c67c3a6fdb32c329fb6e76fd26df4b8f10c7c60700c326e7ac563b8b637,0,0.0,9357a55d5df4fbf8,64,auto_labeled_pending_review
images/train/cctv052x2004080617x00071_acf08c67c3_f0000005_t0000000500.jpg,train,D:\Users\L1\Downloads\archive\video\cctv052x2004080617x00071.avi,acf08c67c3a6fdb32c329fb6e76fd26df4b8f10c7c60700c326e7ac563b8b637,5,0.5,f2169e3978ecf3f8,19,auto_labeled_pending_review
images/train/cctv052x2004080617x00071_acf08c67c3_f0000015_t0000001500.jpg,train,D:\Users\L1\Downloads\archive\video\cctv052x2004080617x00071.avi,acf08c67c3a6fdb32c329fb6e76fd26df4b8f10c7c60700c326e7ac563b8b637,15,1.5,f2169c3978f8f8fb,8,auto_labeled_pending_review
images/train/cctv052x2004080617x00071_acf08c67c3_f0000020_t0000002000.jpg,train,D:\Users\L1\Downloads\archive\video\cctv052x2004080617x00071.avi,acf08c67c3a6fdb32c329fb6e76fd26df4b8f10c7c60700c326e7ac563b8b637,20,2.0,f2169c3979f2fbf2,7,auto_labeled_pending_review
images/train/cctv052x2004080617x00071_acf08c67c3_f0000030_t0000003000.jpg,train,D:\Users\L1\Downloads\archive\video\cctv052x2004080617x00071.avi,acf08c67c3a6fdb32c329fb6e76fd26df4b8f10c7c60700c326e7ac563b8b637,30,3.0,f2169c3978faf4fa,7,auto_labeled_pending_review
images/train/cctv052x2004080617x00071_acf08c67c3_f0000035_t0000003500.jpg,train,D:\Users\L1\Downloads\archive\video\cctv052x2004080617x00071.avi,acf08c67c3a6fdb32c329fb6e76fd26df4b8f10c7c60700c326e7ac563b8b637,35,3.5,f2169c3978f4fcf3,6,auto_labeled_pending_review
images/train/cctv052x2004080617x00071_acf08c67c3_f0000040_t0000004000.jpg,train,D:\Users\L1\Downloads\archive\video\cctv052x2004080617x00071.avi,acf08c67c3a6fdb32c329fb6e76fd26df4b8f10c7c60700c326e7ac563b8b637,40,4.0,f2169c397cf4f3f1,6,auto_labeled_pending_review
images/train/cctv052x2004080611x01898_deaac604f2_f0000000_t0000000000.jpg,train,D:\Users\L1\Downloads\archive\video\cctv052x2004080611x01898.avi,deaac604f20565eda94f2c3e1506d801aa33c6409ac9795f31546c57aa389444,0,0.0,e566983870f5f2f8,64,auto_labeled_pending_review
images/train/cctv052x2004080611x01898_deaac604f2_f0000005_t0000000500.jpg,train,D:\Users\L1\Downloads\archive\video\cctv052x2004080611x01898.avi,deaac604f20565eda94f2c3e1506d801aa33c6409ac9795f31546c57aa389444,5,0.5,e256983874f4f2fa,8,auto_labeled_pending_review
images/train/cctv052x2004080611x01898_deaac604f2_f0000020_t0000002000.jpg,train,D:\Users\L1\Downloads\archive\video\cctv052x2004080611x01898.avi,deaac604f20565eda94f2c3e1506d801aa33c6409ac9795f31546c57aa389444,20,2.0,e256983072f4f4f8,6,auto_labeled_pending_review
images/train/cctv052x2004080611x01898_deaac604f2_f0000035_t0000003500.jpg,train,D:\Users\L1\Downloads\archive\video\cctv052x2004080611x01898.avi,deaac604f20565eda94f2c3e1506d801aa33c6409ac9795f31546c57aa389444,35,3.5,e2569c3078f1f9f9,9,auto_labeled_pending_review
images/train/cctv052x2004080611x01898_deaac604f2_f0000045_t0000004500.jpg,train,D:\Users\L1\Downloads\archive\video\cctv052x2004080611x01898.avi,deaac604f20565eda94f2c3e1506d801aa33c6409ac9795f31546c57aa389444,45,4.5,e2569c3872faf4f1,10,auto_labeled_pending_review
images/train/cctv052x2004080611x01898_deaac604f2_f0000050_t0000005000.jpg,train,D:\Users\L1\Downloads\archive\video\cctv052x2004080611x01898.avi,deaac604f20565eda94f2c3e1506d801aa33c6409ac9795f31546c57aa389444,50,5.0,e2569c3874f5f3fb,11,auto_labeled_pending_review
images/train/cctv052x2004080614x00023_c7dc6c0652_f0000000_t0000000000.jpg,train,D:\Users\L1\Downloads\archive\video\cctv052x2004080614x00023.avi,c7dc6c0652af370c442b5c735a4e3bfbcbc286b33917bbe5342c607bffc6d68f,0,0.0,9272bc3978f2f2f9,64,auto_labeled_pending_review
images/train/cctv052x2004080614x00023_c7dc6c0652_f0000005_t0000000500.jpg,train,D:\Users\L1\Downloads\archive\video\cctv052x2004080614x00023.avi,c7dc6c0652af370c442b5c735a4e3bfbcbc286b33917bbe5342c607bffc6d68f,5,0.5,f216b83974f4f3fa,13,auto_labeled_pending_review
images/train/cctv052x2004080614x00023_c7dc6c0652_f0000020_t0000002000.jpg,train,D:\Users\L1\Downloads\archive\video\cctv052x2004080614x00023.avi,c7dc6c0652af370c442b5c735a4e3bfbcbc286b33917bbe5342c607bffc6d68f,20,2.0,f216bc3974faf2f1,8,auto_labeled_pending_review
images/train/cctv052x2004080614x00023_c7dc6c0652_f0000030_t0000003000.jpg,train,D:\Users\L1\Downloads\archive\video\cctv052x2004080614x00023.avi,c7dc6c0652af370c442b5c735a4e3bfbcbc286b33917bbe5342c607bffc6d68f,30,3.0,f216bc3574f2f4fa,8,auto_labeled_pending_review
images/train/cctv052x2004080614x00023_c7dc6c0652_f0000040_t0000004000.jpg,train,D:\Users\L1\Downloads\archive\video\cctv052x2004080614x00023.avi,c7dc6c0652af370c442b5c735a4e3bfbcbc286b33917bbe5342c607bffc6d68f,40,4.0,f2169c357cf4f0f2,6,auto_labeled_pending_review
images/train/cctv052x2004080614x00023_c7dc6c0652_f0000045_t0000004500.jpg,train,D:\Users\L1\Downloads\archive\video\cctv052x2004080614x00023.avi,c7dc6c0652af370c442b5c735a4e3bfbcbc286b33917bbe5342c607bffc6d68f,45,4.5,f216bc3c7cfcf4f9,8,auto_labeled_pending_review
images/train/cctv052x2004080614x00023_c7dc6c0652_f0000050_t0000005000.jpg,train,D:\Users\L1\Downloads\archive\video\cctv052x2004080614x00023.avi,c7dc6c0652af370c442b5c735a4e3bfbcbc286b33917bbe5342c607bffc6d68f,50,5.0,f216bc3c78f4f2fe,7,auto_labeled_pending_review
images/train/cctv052x2004080608x01855_2e0eb3cd91_f0000000_t0000000000.jpg,train,D:\Users\L1\Downloads\archive\video\cctv052x2004080608x01855.avi,2e0eb3cd91a85f2c0953408bf4532840dc0425c8910d6dc07babf173fb733034,0,0.0,65e7f1b83bf9f0f8,64,auto_labeled_pending_review
images/train/cctv052x2004080608x01855_2e0eb3cd91_f0000005_t0000000500.jpg,train,D:\Users\L1\Downloads\archive\video\cctv052x2004080608x01855.avi,2e0eb3cd91a85f2c0953408bf4532840dc0425c8910d6dc07babf173fb733034,5,0.5,f216983972f1f1f2,23,auto_labeled_pending_review
images/train/cctv052x2004080608x01855_2e0eb3cd91_f0000020_t0000002000.jpg,train,D:\Users\L1\Downloads\archive\video\cctv052x2004080608x01855.avi,2e0eb3cd91a85f2c0953408bf4532840dc0425c8910d6dc07babf173fb733034,20,2.0,f2169c35f2f3f3f3,7,auto_labeled_pending_review
images/train/cctv052x2004080608x01855_2e0eb3cd91_f0000025_t0000002500.jpg,train,D:\Users\L1\Downloads\archive\video\cctv052x2004080608x01855.avi,2e0eb3cd91a85f2c0953408bf4532840dc0425c8910d6dc07babf173fb733034,25,2.5,f2169c357af2f2fa,6,auto_labeled_pending_review
images/train/cctv052x2004080608x01855_2e0eb3cd91_f0000035_t0000003500.jpg,train,D:\Users\L1\Downloads\archive\video\cctv052x2004080608x01855.avi,2e0eb3cd91a85f2c0953408bf4532840dc0425c8910d6dc07babf173fb733034,35,3.5,f2169c3175f0f3fc,9,auto_labeled_pending_review
images/train/cctv052x2004080608x01855_2e0eb3cd91_f0000040_t0000004000.jpg,train,D:\Users\L1\Downloads\archive\video\cctv052x2004080608x01855.avi,2e0eb3cd91a85f2c0953408bf4532840dc0425c8910d6dc07babf173fb733034,40,4.0,f2169c3175f3e9f8,6,auto_labeled_pending_review
images/train/cctv052x2004080608x01855_2e0eb3cd91_f0000045_t0000004500.jpg,train,D:\Users\L1\Downloads\archive\video\cctv052x2004080608x01855.avi,2e0eb3cd91a85f2c0953408bf4532840dc0425c8910d6dc07babf173fb733034,45,4.5,f2169c3476faf9f8,7,auto_labeled_pending_review
images/train/cctv052x2004080610x01892_39ccedc6b8_f0000000_t0000000000.jpg,train,D:\Users\L1\Downloads\archive\video\cctv052x2004080610x01892.avi,39ccedc6b81f7be11bc71490c87bbd7e90ea968bd92a56ecc7487c5c6b43ba76,0,0.0,65e7b83172f0f0fa,64,auto_labeled_pending_review
images/train/cctv052x2004080610x01892_39ccedc6b8_f0000005_t0000000500.jpg,train,D:\Users\L1\Downloads\archive\video\cctv052x2004080610x01892.avi,39ccedc6b81f7be11bc71490c87bbd7e90ea968bd92a56ecc7487c5c6b43ba76,5,0.5,f2169c3172f0f0fa,12,auto_labeled_pending_review
images/train/cctv052x2004080610x01892_39ccedc6b8_f0000045_t0000004500.jpg,train,D:\Users\L1\Downloads\archive\video\cctv052x2004080610x01892.avi,39ccedc6b81f7be11bc71490c87bbd7e90ea968bd92a56ecc7487c5c6b43ba76,45,4.5,f216983174f5f1f0,8,auto_labeled_pending_review
images/train/cctv052x2004080610x01892_39ccedc6b8_f0000050_t0000005000.jpg,train,D:\Users\L1\Downloads\archive\video\cctv052x2004080610x01892.avi,39ccedc6b81f7be11bc71490c87bbd7e90ea968bd92a56ecc7487c5c6b43ba76,50,5.0,f216983178f1f1fb,6,auto_labeled_pending_review
images/train/cctv052x2004080606x01822_2a05796b01_f0000000_t0000000000.jpg,train,D:\Users\L1\Downloads\archive\video\cctv052x2004080606x01822.avi,2a05796b018f2af4e049007553e927ece02ee11b4245f44e0c11eff2f3594bf0,0,0.0,d6169c3174f0f0f9,64,auto_labeled_pending_review
images/train/cctv052x2004080606x01822_2a05796b01_f0000005_t0000000500.jpg,train,D:\Users\L1\Downloads\archive\video\cctv052x2004080606x01822.avi,2a05796b018f2af4e049007553e927ece02ee11b4245f44e0c11eff2f3594bf0,5,0.5,e2069c3174f8f3fb,8,auto_labeled_pending_review
images/train/cctv052x2004080606x01822_2a05796b01_f0000010_t0000001000.jpg,train,D:\Users\L1\Downloads\archive\video\cctv052x2004080606x01822.avi,2a05796b018f2af4e049007553e927ece02ee11b4245f44e0c11eff2f3594bf0,10,1.0,f2069c3574faf0fa,6,auto_labeled_pending_review
images/train/cctv052x2004080606x01822_2a05796b01_f0000030_t0000003000.jpg,train,D:\Users\L1\Downloads\archive\video\cctv052x2004080606x01822.avi,2a05796b018f2af4e049007553e927ece02ee11b4245f44e0c11eff2f3594bf0,30,3.0,e2069c3178f8f1fb,7,auto_labeled_pending_review
images/train/cctv052x2004080606x01822_2a05796b01_f0000045_t0000004500.jpg,train,D:\Users\L1\Downloads\archive\video\cctv052x2004080606x01822.avi,2a05796b018f2af4e049007553e927ece02ee11b4245f44e0c11eff2f3594bf0,45,4.5,f2069c3978f9f8fa,6,auto_labeled_pending_review
images/train/cctv052x2004080619x00101_d82a5fcaca_f0000000_t0000000000.jpg,train,D:\Users\L1\Downloads\archive\video\cctv052x2004080619x00101.avi,d82a5fcacaa8a11f317b9e1a8260f39c8bd274ef827b6485bf248dbe495103f2,0,0.0,2a1e9c3978faf5fa,64,auto_labeled_pending_review
images/train/cctv052x2004080619x00101_d82a5fcaca_f0000005_t0000000500.jpg,train,D:\Users\L1\Downloads\archive\video\cctv052x2004080619x00101.avi,d82a5fcacaa8a11f317b9e1a8260f39c8bd274ef827b6485bf248dbe495103f2,5,0.5,f2969c3978f5f4f8,12,auto_labeled_pending_review
images/train/cctv052x2004080619x00101_d82a5fcaca_f0000010_t0000001000.jpg,train,D:\Users\L1\Downloads\archive\video\cctv052x2004080619x00101.avi,d82a5fcacaa8a11f317b9e1a8260f39c8bd274ef827b6485bf248dbe495103f2,10,1.0,f2969c3979f8f8f8,6,auto_labeled_pending_review
images/train/cctv052x2004080619x00101_d82a5fcaca_f0000020_t0000002000.jpg,train,D:\Users\L1\Downloads\archive\video\cctv052x2004080619x00101.avi,d82a5fcacaa8a11f317b9e1a8260f39c8bd274ef827b6485bf248dbe495103f2,20,2.0,f2969c3979fbf2fb,6,auto_labeled_pending_review
images/train/cctv052x2004080619x00101_d82a5fcaca_f0000025_t0000002500.jpg,train,D:\Users\L1\Downloads\archive\video\cctv052x2004080619x00101.avi,d82a5fcacaa8a11f317b9e1a8260f39c8bd274ef827b6485bf248dbe495103f2,25,2.5,f2969c3979f6f0f8,6,auto_labeled_pending_review
images/train/cctv052x2004080619x00101_d82a5fcaca_f0000035_t0000003500.jpg,train,D:\Users\L1\Downloads\archive\video\cctv052x2004080619x00101.avi,d82a5fcacaa8a11f317b9e1a8260f39c8bd274ef827b6485bf248dbe495103f2,35,3.5,f2969c3b74f9f8f8,9,auto_labeled_pending_review
images/train/cctv052x2004080619x00101_d82a5fcaca_f0000040_t0000004000.jpg,train,D:\Users\L1\Downloads\archive\video\cctv052x2004080619x00101.avi,d82a5fcacaa8a11f317b9e1a8260f39c8bd274ef827b6485bf248dbe495103f2,40,4.0,f2969c3179f8f9f8,7,auto_labeled_pending_review
images/train/cctv052x2004080619x00100_78bf0bf64f_f0000000_t0000000000.jpg,train,D:\Users\L1\Downloads\archive\video\cctv052x2004080619x00100.avi,78bf0bf64fea043792616ee9168a60dc0ff291084733b9cc8496a2b6b4af0eb4,0,0.0,e226383bc202020a,64,auto_labeled_pending_review
images/train/cctv052x2004080619x00100_78bf0bf64f_f0000005_t0000000500.jpg,train,D:\Users\L1\Downloads\archive\video\cctv052x2004080619x00100.avi,78bf0bf64fea043792616ee9168a60dc0ff291084733b9cc8496a2b6b4af0eb4,5,0.5,e2261a3979faf2ed,24,auto_labeled_pending_review
images/train/cctv052x2004080619x00100_78bf0bf64f_f0000015_t0000001500.jpg,train,D:\Users\L1\Downloads\archive\video\cctv052x2004080619x00100.avi,78bf0bf64fea043792616ee9168a60dc0ff291084733b9cc8496a2b6b4af0eb4,15,1.5,e2261a3174f8f8f9,9,auto_labeled_pending_review
images/train/cctv052x2004080619x00100_78bf0bf64f_f0000025_t0000002500.jpg,train,D:\Users\L1\Downloads\archive\video\cctv052x2004080619x00100.avi,78bf0bf64fea043792616ee9168a60dc0ff291084733b9cc8496a2b6b4af0eb4,25,2.5,e2261e3179f3f1fa,11,auto_labeled_pending_review
images/train/cctv052x2004080619x00100_78bf0bf64f_f0000030_t0000003000.jpg,train,D:\Users\L1\Downloads\archive\video\cctv052x2004080619x00100.avi,78bf0bf64fea043792616ee9168a60dc0ff291084733b9cc8496a2b6b4af0eb4,30,3.0,e2261e3974faf5f9,9,auto_labeled_pending_review
images/train/cctv052x2004080619x00100_78bf0bf64f_f0000035_t0000003500.jpg,train,D:\Users\L1\Downloads\archive\video\cctv052x2004080619x00100.avi,78bf0bf64fea043792616ee9168a60dc0ff291084733b9cc8496a2b6b4af0eb4,35,3.5,e2261e3974f6f3fa,6,auto_labeled_pending_review
images/train/cctv052x2004080619x00100_78bf0bf64f_f0000040_t0000004000.jpg,train,D:\Users\L1\Downloads\archive\video\cctv052x2004080619x00100.avi,78bf0bf64fea043792616ee9168a60dc0ff291084733b9cc8496a2b6b4af0eb4,40,4.0,e2261e357cfaf4ec,11,auto_labeled_pending_review
images/train/cctv052x2004080619x00100_78bf0bf64f_f0000045_t0000004500.jpg,train,D:\Users\L1\Downloads\archive\video\cctv052x2004080619x00100.avi,78bf0bf64fea043792616ee9168a60dc0ff291084733b9cc8496a2b6b4af0eb4,45,4.5,e2261a3d74f8f8f8,8,auto_labeled_pending_review
images/train/cctv052x2004080518x01675_cc0f876636_f0000000_t0000000000.jpg,train,D:\Users\L1\Downloads\archive\video\cctv052x2004080518x01675.avi,cc0f87663689596bb83f35597e2ad51664033fb4526e2ab69232d59b84792cfa,0,0.0,f482ccf47cf8fcf8,64,auto_labeled_pending_review
images/train/cctv052x2004080518x01675_cc0f876636_f0000005_t0000000500.jpg,train,D:\Users\L1\Downloads\archive\video\cctv052x2004080518x01675.avi,cc0f87663689596bb83f35597e2ad51664033fb4526e2ab69232d59b84792cfa,5,0.5,f21e983d74e8f4ed,19,auto_labeled_pending_review
images/train/cctv052x2004080518x01675_cc0f876636_f0000010_t0000001000.jpg,train,D:\Users\L1\Downloads\archive\video\cctv052x2004080518x01675.avi,cc0f87663689596bb83f35597e2ad51664033fb4526e2ab69232d59b84792cfa,10,1.0,f21e983d7ce8f9f8,7,auto_labeled_pending_review
images/train/cctv052x2004080518x01675_cc0f876636_f0000015_t0000001500.jpg,train,D:\Users\L1\Downloads\archive\video\cctv052x2004080518x01675.avi,cc0f87663689596bb83f35597e2ad51664033fb4526e2ab69232d59b84792cfa,15,1.5,f21e983d7cfaf8e6,7,auto_labeled_pending_review
images/train/cctv052x2004080518x01675_cc0f876636_f0000020_t0000002000.jpg,train,D:\Users\L1\Downloads\archive\video\cctv052x2004080518x01675.avi,cc0f87663689596bb83f35597e2ad51664033fb4526e2ab69232d59b84792cfa,20,2.0,f21e9c3d78f8ecf8,9,auto_labeled_pending_review
images/train/cctv052x2004080518x01675_cc0f876636_f0000035_t0000003500.jpg,train,D:\Users\L1\Downloads\archive\video\cctv052x2004080518x01675.avi,cc0f87663689596bb83f35597e2ad51664033fb4526e2ab69232d59b84792cfa,35,3.5,f21e9c397cf8f8ee,7,auto_labeled_pending_review
images/train/cctv052x2004080615x00045_04aea9dda2_f0000000_t0000000000.jpg,train,D:\Users\L1\Downloads\archive\video\cctv052x2004080615x00045.avi,04aea9dda2585f227c382b78de0d4c44426d4cc404595588e027b1b7bf2669e2,0,0.0,9215bc3476fdecf9,64,auto_labeled_pending_review
images/train/cctv052x2004080615x00045_04aea9dda2_f0000005_t0000000500.jpg,train,D:\Users\L1\Downloads\archive\video\cctv052x2004080615x00045.avi,04aea9dda2585f227c382b78de0d4c44426d4cc404595588e027b1b7bf2669e2,5,0.5,f296bc3476f9fcf9,7,auto_labeled_pending_review
images/train/cctv052x2004080615x00045_04aea9dda2_f0000035_t0000003500.jpg,train,D:\Users\L1\Downloads\archive\video\cctv052x2004080615x00045.avi,04aea9dda2585f227c382b78de0d4c44426d4cc404595588e027b1b7bf2669e2,35,3.5,f296bc347efdf5ed,6,auto_labeled_pending_review
images/train/cctv052x2004080615x00045_04aea9dda2_f0000050_t0000005000.jpg,train,D:\Users\L1\Downloads\archive\video\cctv052x2004080615x00045.avi,04aea9dda2585f227c382b78de0d4c44426d4cc404595588e027b1b7bf2669e2,50,5.0,f296bc3c7ef5f9f9,6,auto_labeled_pending_review
images/train/cctv052x2004080609x01861_065db73a33_f0000000_t0000000000.jpg,train,D:\Users\L1\Downloads\archive\video\cctv052x2004080609x01861.avi,065db73a334e2a9b2ad2d4762022dd37a601bce68a932f41bae6e6a617c94102,0,0.0,e566bc3878f9f8da,64,auto_labeled_pending_review
images/train/cctv052x2004080609x01861_065db73a33_f0000005_t0000000500.jpg,train,D:\Users\L1\Downloads\archive\video\cctv052x2004080609x01861.avi,065db73a334e2a9b2ad2d4762022dd37a601bce68a932f41bae6e6a617c94102,5,0.5,e216bc3878f8f8da,7,auto_labeled_pending_review
images/train/cctv052x2004080609x01861_065db73a33_f0000025_t0000002500.jpg,train,D:\Users\L1\Downloads\archive\video\cctv052x2004080609x01861.avi,065db73a334e2a9b2ad2d4762022dd37a601bce68a932f41bae6e6a617c94102,25,2.5,e2161c3870f3f1d8,9,auto_labeled_pending_review
images/train/cctv052x2004080609x01861_065db73a33_f0000035_t0000003500.jpg,train,D:\Users\L1\Downloads\archive\video\cctv052x2004080609x01861.avi,065db73a334e2a9b2ad2d4762022dd37a601bce68a932f41bae6e6a617c94102,35,3.5,e2169c3472f3f8db,8,auto_labeled_pending_review
images/train/cctv052x2004080610x01889_fa979072d9_f0000000_t0000000000.jpg,train,D:\Users\L1\Downloads\archive\video\cctv052x2004080610x01889.avi,fa979072d9546a6f8ac6e4d16f7490ba6c217bfe27a8d5a6ecae9e2946400f9d,0,0.0,e5e7f0b83c3df2fa,64,auto_labeled_pending_review
images/train/cctv052x2004080610x01889_fa979072d9_f0000005_t0000000500.jpg,train,D:\Users\L1\Downloads\archive\video\cctv052x2004080610x01889.avi,fa979072d9546a6f8ac6e4d16f7490ba6c217bfe27a8d5a6ecae9e2946400f9d,5,0.5,f2169c3d70f2fcfa,28,auto_labeled_pending_review
images/train/cctv052x2004080610x01889_fa979072d9_f0000010_t0000001000.jpg,train,D:\Users\L1\Downloads\archive\video\cctv052x2004080610x01889.avi,fa979072d9546a6f8ac6e4d16f7490ba6c217bfe27a8d5a6ecae9e2946400f9d,10,1.0,f2169c3174fcf0fa,8,auto_labeled_pending_review
images/train/cctv052x2004080610x01889_fa979072d9_f0000020_t0000002000.jpg,train,D:\Users\L1\Downloads\archive\video\cctv052x2004080610x01889.avi,fa979072d9546a6f8ac6e4d16f7490ba6c217bfe27a8d5a6ecae9e2946400f9d,20,2.0,f2169c357cf0f1fb,6,auto_labeled_pending_review
images/train/cctv052x2004080615x00041_8289b787c3_f0000000_t0000000000.jpg,train,D:\Users\L1\Downloads\archive\video\cctv052x2004080615x00041.avi,8289b787c3020c2f5093cb5e469755f0535c45da59fbf32af2f873c35713e666,0,0.0,92169c3476f9f36b,64,auto_labeled_pending_review
images/train/cctv052x2004080615x00041_8289b787c3_f0000005_t0000000500.jpg,train,D:\Users\L1\Downloads\archive\video\cctv052x2004080615x00041.avi,8289b787c3020c2f5093cb5e469755f0535c45da59fbf32af2f873c35713e666,5,0.5,f6569c347afbfa79,11,auto_labeled_pending_review
images/train/cctv052x2004080615x00041_8289b787c3_f0000015_t0000001500.jpg,train,D:\Users\L1\Downloads\archive\video\cctv052x2004080615x00041.avi,8289b787c3020c2f5093cb5e469755f0535c45da59fbf32af2f873c35713e666,15,1.5,f6569c347afaf47c,6,auto_labeled_pending_review
images/train/cctv052x2004080615x00041_8289b787c3_f0000020_t0000002000.jpg,train,D:\Users\L1\Downloads\archive\video\cctv052x2004080615x00041.avi,8289b787c3020c2f5093cb5e469755f0535c45da59fbf32af2f873c35713e666,20,2.0,f6569c347af2f6ea,6,auto_labeled_pending_review
images/train/cctv052x2004080615x00041_8289b787c3_f0000030_t0000003000.jpg,train,D:\Users\L1\Downloads\archive\video\cctv052x2004080615x00041.avi,8289b787c3020c2f5093cb5e469755f0535c45da59fbf32af2f873c35713e666,30,3.0,f6569c3c7af76afa,8,auto_labeled_pending_review
images/train/cctv052x2004080615x00041_8289b787c3_f0000035_t0000003500.jpg,train,D:\Users\L1\Downloads\archive\video\cctv052x2004080615x00041.avi,8289b787c3020c2f5093cb5e469755f0535c45da59fbf32af2f873c35713e666,35,3.5,f6569c3c7af969f2,6,auto_labeled_pending_review
images/train/cctv052x2004080615x00041_8289b787c3_f0000040_t0000004000.jpg,train,D:\Users\L1\Downloads\archive\video\cctv052x2004080615x00041.avi,8289b787c3020c2f5093cb5e469755f0535c45da59fbf32af2f873c35713e666,40,4.0,f6569c387af9f5fa,6,auto_labeled_pending_review
images/train/cctv052x2004080615x00033_d8e3904897_f0000000_t0000000000.jpg,train,D:\Users\L1\Downloads\archive\video\cctv052x2004080615x00033.avi,d8e390489746b966e3e4acb045746727db41c4f17e147bd41a99aa875f5088c3,0,0.0,9212a5017df5e3fa,64,auto_labeled_pending_review
images/train/cctv052x2004080615x00033_d8e3904897_f0000005_t0000000500.jpg,train,D:\Users\L1\Downloads\archive\video\cctv052x2004080615x00033.avi,d8e390489746b966e3e4acb045746727db41c4f17e147bd41a99aa875f5088c3,5,0.5,d6169c3a7cf5f3fa,14,auto_labeled_pending_review
images/train/cctv052x2004080615x00033_d8e3904897_f0000025_t0000002500.jpg,train,D:\Users\L1\Downloads\archive\video\cctv052x2004080615x00033.avi,d8e390489746b966e3e4acb045746727db41c4f17e147bd41a99aa875f5088c3,25,2.5,d6169e3878f5f9f3,7,auto_labeled_pending_review
images/train/cctv052x2004080615x00033_d8e3904897_f0000030_t0000003000.jpg,train,D:\Users\L1\Downloads\archive\video\cctv052x2004080615x00033.avi,d8e390489746b966e3e4acb045746727db41c4f17e147bd41a99aa875f5088c3,30,3.0,d6169c387cf3f3ea,9,auto_labeled_pending_review
images/train/cctv052x2004080615x00033_d8e3904897_f0000045_t0000004500.jpg,train,D:\Users\L1\Downloads\archive\video\cctv052x2004080615x00033.avi,d8e390489746b966e3e4acb045746727db41c4f17e147bd41a99aa875f5088c3,45,4.5,d6569c3876f3eaf3,9,auto_labeled_pending_review
images/train/cctv052x2004080519x01693_b0d4fcf799_f0000000_t0000000000.jpg,train,D:\Users\L1\Downloads\archive\video\cctv052x2004080519x01693.avi,b0d4fcf799c3ae5be37f5823de7c96ab5dea6833017a4c2c72984cdd69e238b4,0,0.0,528298397cf8f0f8,64,auto_labeled_pending_review
images/train/cctv052x2004080519x01693_b0d4fcf799_f0000005_t0000000500.jpg,train,D:\Users\L1\Downloads\archive\video\cctv052x2004080519x01693.avi,b0d4fcf799c3ae5be37f5823de7c96ab5dea6833017a4c2c72984cdd69e238b4,5,0.5,f21e9a397cfaf0f9,9,auto_labeled_pending_review
images/train/cctv052x2004080519x01693_b0d4fcf799_f0000025_t0000002500.jpg,train,D:\Users\L1\Downloads\archive\video\cctv052x2004080519x01693.avi,b0d4fcf799c3ae5be37f5823de7c96ab5dea6833017a4c2c72984cdd69e238b4,25,2.5,f21e9a317cf0e8f8,6,auto_labeled_pending_review
images/train/cctv052x2004080519x01693_b0d4fcf799_f0000035_t0000003500.jpg,train,D:\Users\L1\Downloads\archive\video\cctv052x2004080519x01693.avi,b0d4fcf799c3ae5be37f5823de7c96ab5dea6833017a4c2c72984cdd69e238b4,35,3.5,f21e983978f9f1f8,8,auto_labeled_pending_review
images/train/cctv052x2004080517x01655_f8f9c3ca1c_f0000000_t0000000000.jpg,train,D:\Users\L1\Downloads\archive\video\cctv052x2004080517x01655.avi,f8f9c3ca1c52454c15224d9216890ca006ef640caedabb34ee081ecc2775fd96,0,0.0,d482cc7a78fafafa,64,auto_labeled_pending_review
images/train/cctv052x2004080517x01655_f8f9c3ca1c_f0000005_t0000000500.jpg,train,D:\Users\L1\Downloads\archive\video\cctv052x2004080517x01655.avi,f8f9c3ca1c52454c15224d9216890ca006ef640caedabb34ee081ecc2775fd96,5,0.5,f29eb83878eaf2ff,16,auto_labeled_pending_review
images/train/cctv052x2004080517x01655_f8f9c3ca1c_f0000015_t0000001500.jpg,train,D:\Users\L1\Downloads\archive\video\cctv052x2004080517x01655.avi,f8f9c3ca1c52454c15224d9216890ca006ef640caedabb34ee081ecc2775fd96,15,1.5,f29eb83878f4f9ee,9,auto_labeled_pending_review
images/train/cctv052x2004080517x01655_f8f9c3ca1c_f0000020_t0000002000.jpg,train,D:\Users\L1\Downloads\archive\video\cctv052x2004080517x01655.avi,f8f9c3ca1c52454c15224d9216890ca006ef640caedabb34ee081ecc2775fd96,20,2.0,f29ebc3878f4ecfb,7,auto_labeled_pending_review
images/train/cctv052x2004080517x01655_f8f9c3ca1c_f0000030_t0000003000.jpg,train,D:\Users\L1\Downloads\archive\video\cctv052x2004080517x01655.avi,f8f9c3ca1c52454c15224d9216890ca006ef640caedabb34ee081ecc2775fd96,30,3.0,f29eb8387ce8f2fa,10,auto_labeled_pending_review
images/train/cctv052x2004080517x01655_f8f9c3ca1c_f0000040_t0000004000.jpg,train,D:\Users\L1\Downloads\archive\video\cctv052x2004080517x01655.avi,f8f9c3ca1c52454c15224d9216890ca006ef640caedabb34ee081ecc2775fd96,40,4.0,f29eb8387cfaf8f9,6,auto_labeled_pending_review
images/train/cctv052x2004080612x01912_f76cf57351_f0000000_t0000000000.jpg,train,D:\Users\L1\Downloads\archive\video\cctv052x2004080612x01912.avi,f76cf57351dc5721d6a9390b1fdc2e14aeaf47e205acbb68133a67ffd64b59a2,0,0.0,e5e6bc387cf2f0fa,64,auto_labeled_pending_review
images/train/cctv052x2004080612x01912_f76cf57351_f0000005_t0000000500.jpg,train,D:\Users\L1\Downloads\archive\video\cctv052x2004080612x01912.avi,f76cf57351dc5721d6a9390b1fdc2e14aeaf47e205acbb68133a67ffd64b59a2,5,0.5,ea1ebc3874f0f0fa,11,auto_labeled_pending_review
images/train/cctv052x2004080612x01912_f76cf57351_f0000010_t0000001000.jpg,train,D:\Users\L1\Downloads\archive\video\cctv052x2004080612x01912.avi,f76cf57351dc5721d6a9390b1fdc2e14aeaf47e205acbb68133a67ffd64b59a2,10,1.0,ea5ebc3470f0f4fe,6,auto_labeled_pending_review
images/train/cctv052x2004080612x01912_f76cf57351_f0000015_t0000001500.jpg,train,D:\Users\L1\Downloads\archive\video\cctv052x2004080612x01912.avi,f76cf57351dc5721d6a9390b1fdc2e14aeaf47e205acbb68133a67ffd64b59a2,15,1.5,ea1ebc3c70fcf8fa,7,auto_labeled_pending_review
images/train/cctv052x2004080612x01912_f76cf57351_f0000025_t0000002500.jpg,train,D:\Users\L1\Downloads\archive\video\cctv052x2004080612x01912.avi,f76cf57351dc5721d6a9390b1fdc2e14aeaf47e205acbb68133a67ffd64b59a2,25,2.5,ea1ebc3478f0f5f8,8,auto_labeled_pending_review
images/train/cctv052x2004080612x01912_f76cf57351_f0000030_t0000003000.jpg,train,D:\Users\L1\Downloads\archive\video\cctv052x2004080612x01912.avi,f76cf57351dc5721d6a9390b1fdc2e14aeaf47e205acbb68133a67ffd64b59a2,30,3.0,ea1ebc3078f5f8f8,6,auto_labeled_pending_review
images/train/cctv052x2004080612x01912_f76cf57351_f0000035_t0000003500.jpg,train,D:\Users\L1\Downloads\archive\video\cctv052x2004080612x01912.avi,f76cf57351dc5721d6a9390b1fdc2e14aeaf47e205acbb68133a67ffd64b59a2,35,3.5,ea1ebc3870f2f0f2,8,auto_labeled_pending_review
images/train/cctv052x2004080612x01912_f76cf57351_f0000040_t0000004000.jpg,train,D:\Users\L1\Downloads\archive\video\cctv052x2004080612x01912.avi,f76cf57351dc5721d6a9390b1fdc2e14aeaf47e205acbb68133a67ffd64b59a2,40,4.0,ea1ebc3878f1f1fe,6,auto_labeled_pending_review
images/train/cctv052x2004080612x01912_f76cf57351_f0000045_t0000004500.jpg,train,D:\Users\L1\Downloads\archive\video\cctv052x2004080612x01912.avi,f76cf57351dc5721d6a9390b1fdc2e14aeaf47e205acbb68133a67ffd64b59a2,45,4.5,ea1ebc3870f1f8f9,6,auto_labeled_pending_review
images/train/cctv052x2004080609x01862_c5cd79a851_f0000000_t0000000000.jpg,train,D:\Users\L1\Downloads\archive\video\cctv052x2004080609x01862.avi,c5cd79a8514e275153617761ba900a2f8f6648e7b4b53b341ac1d1c21d5639de,0,0.0,65e1f03078faf8fa,64,auto_labeled_pending_review
images/train/cctv052x2004080609x01862_c5cd79a851_f0000005_t0000000500.jpg,train,D:\Users\L1\Downloads\archive\video\cctv052x2004080609x01862.avi,c5cd79a8514e275153617761ba900a2f8f6648e7b4b53b341ac1d1c21d5639de,5,0.5,f216bc3874f4f2fa,23,auto_labeled_pending_review
images/train/cctv052x2004080609x01862_c5cd79a851_f0000010_t0000001000.jpg,train,D:\Users\L1\Downloads\archive\video\cctv052x2004080609x01862.avi,c5cd79a8514e275153617761ba900a2f8f6648e7b4b53b341ac1d1c21d5639de,10,1.0,e216b83874f5f5f9,8,auto_labeled_pending_review
images/train/cctv052x2004080609x01862_c5cd79a851_f0000015_t0000001500.jpg,train,D:\Users\L1\Downloads\archive\video\cctv052x2004080609x01862.avi,c5cd79a8514e275153617761ba900a2f8f6648e7b4b53b341ac1d1c21d5639de,15,1.5,f216b83474f3fafb,10,auto_labeled_pending_review
images/train/cctv052x2004080609x01862_c5cd79a851_f0000020_t0000002000.jpg,train,D:\Users\L1\Downloads\archive\video\cctv052x2004080609x01862.avi,c5cd79a8514e275153617761ba900a2f8f6648e7b4b53b341ac1d1c21d5639de,20,2.0,e216b8347af2f8fb,6,auto_labeled_pending_review
images/train/cctv052x2004080609x01862_c5cd79a851_f0000025_t0000002500.jpg,train,D:\Users\L1\Downloads\archive\video\cctv052x2004080609x01862.avi,c5cd79a8514e275153617761ba900a2f8f6648e7b4b53b341ac1d1c21d5639de,25,2.5,e216bc3472f8fcfe,7,auto_labeled_pending_review
images/train/cctv052x2004080609x01862_c5cd79a851_f0000030_t0000003000.jpg,train,D:\Users\L1\Downloads\archive\video\cctv052x2004080609x01862.avi,c5cd79a8514e275153617761ba900a2f8f6648e7b4b53b341ac1d1c21d5639de,30,3.0,e216bc3874f8fafa,7,auto_labeled_pending_review
images/train/cctv052x2004080609x01862_c5cd79a851_f0000035_t0000003500.jpg,train,D:\Users\L1\Downloads\archive\video\cctv052x2004080609x01862.avi,c5cd79a8514e275153617761ba900a2f8f6648e7b4b53b341ac1d1c21d5639de,35,3.5,e216bc3478fcf4fa,8,auto_labeled_pending_review
images/train/cctv052x2004080609x01862_c5cd79a851_f0000045_t0000004500.jpg,train,D:\Users\L1\Downloads\archive\video\cctv052x2004080609x01862.avi,c5cd79a8514e275153617761ba900a2f8f6648e7b4b53b341ac1d1c21d5639de,45,4.5,e216bc347cf3f8fa,7,auto_labeled_pending_review
images/train/cctv052x2004080607x01840_f425a85869_f0000000_t0000000000.jpg,train,D:\Users\L1\Downloads\archive\video\cctv052x2004080607x01840.avi,f425a85869596459b6010728e763f132d31ec371418e97062a5e7c6df5ff0bd4,0,0.0,d68abc3874f4f8f8,64,auto_labeled_pending_review
images/train/cctv052x2004080607x01840_f425a85869_f0000005_t0000000500.jpg,train,D:\Users\L1\Downloads\archive\video\cctv052x2004080607x01840.avi,f425a85869596459b6010728e763f132d31ec371418e97062a5e7c6df5ff0bd4,5,0.5,f216bc3870fcf9fa,10,auto_labeled_pending_review
images/train/cctv052x2004080607x01840_f425a85869_f0000010_t0000001000.jpg,train,D:\Users\L1\Downloads\archive\video\cctv052x2004080607x01840.avi,f425a85869596459b6010728e763f132d31ec371418e97062a5e7c6df5ff0bd4,10,1.0,f216bc38f8fafafa,6,auto_labeled_pending_review
images/train/cctv052x2004080607x01840_f425a85869_f0000015_t0000001500.jpg,train,D:\Users\L1\Downloads\archive\video\cctv052x2004080607x01840.avi,f425a85869596459b6010728e763f132d31ec371418e97062a5e7c6df5ff0bd4,15,1.5,e216bc3878f0f4fa,7,auto_labeled_pending_review
images/train/cctv052x2004080607x01840_f425a85869_f0000020_t0000002000.jpg,train,D:\Users\L1\Downloads\archive\video\cctv052x2004080607x01840.avi,f425a85869596459b6010728e763f132d31ec371418e97062a5e7c6df5ff0bd4,20,2.0,f216bc3870f4f9f8,7,auto_labeled_pending_review
images/train/cctv052x2004080607x01840_f425a85869_f0000040_t0000004000.jpg,train,D:\Users\L1\Downloads\archive\video\cctv052x2004080607x01840.avi,f425a85869596459b6010728e763f132d31ec371418e97062a5e7c6df5ff0bd4,40,4.0,f216bc3874f9f8fa,6,auto_labeled_pending_review
images/train/cctv052x2004080619x00091_decb80c254_f0000000_t0000000000.jpg,train,D:\Users\L1\Downloads\archive\video\cctv052x2004080619x00091.avi,decb80c2545123c5999ece0b88f4042fc1669f48cd2c31d5de0774b2cc2ca518,0,0.0,2a1e9c3476f3f1f3,64,auto_labeled_pending_review
images/train/cctv052x2004080619x00091_decb80c254_f0000005_t0000000500.jpg,train,D:\Users\L1\Downloads\archive\video\cctv052x2004080619x00091.avi,decb80c2545123c5999ece0b88f4042fc1669f48cd2c31d5de0774b2cc2ca518,5,0.5,f2869c3c72f5f5fb,13,auto_labeled_pending_review
images/train/cctv052x2004080619x00091_decb80c254_f0000025_t0000002500.jpg,train,D:\Users\L1\Downloads\archive\video\cctv052x2004080619x00091.avi,decb80c2545123c5999ece0b88f4042fc1669f48cd2c31d5de0774b2cc2ca518,25,2.5,f2869c3478f1e8fb,8,auto_labeled_pending_review
images/train/cctv052x2004080619x00091_decb80c254_f0000035_t0000003500.jpg,train,D:\Users\L1\Downloads\archive\video\cctv052x2004080619x00091.avi,decb80c2545123c5999ece0b88f4042fc1669f48cd2c31d5de0774b2cc2ca518,35,3.5,f2869c3478f1f3ef,6,auto_labeled_pending_review
images/train/cctv052x2004080619x00091_decb80c254_f0000040_t0000004000.jpg,train,D:\Users\L1\Downloads\archive\video\cctv052x2004080619x00091.avi,decb80c2545123c5999ece0b88f4042fc1669f48cd2c31d5de0774b2cc2ca518,40,4.0,f2869c3478fbe9fb,7,auto_labeled_pending_review
images/train/cctv052x2004080619x00091_decb80c254_f0000045_t0000004500.jpg,train,D:\Users\L1\Downloads\archive\video\cctv052x2004080619x00091.avi,decb80c2545123c5999ece0b88f4042fc1669f48cd2c31d5de0774b2cc2ca518,45,4.5,f2869c3076f9f1fb,7,auto_labeled_pending_review
images/train/cctv052x2004080614x00022_adb0eb173d_f0000000_t0000000000.jpg,train,D:\Users\L1\Downloads\archive\video\cctv052x2004080614x00022.avi,adb0eb173d9601793ab758342b1c4eb5cd5e2d6d80aacf37650dea8335363575,0,0.0,65e7f2b970f9f0fa,64,auto_labeled_pending_review
images/train/cctv052x2004080614x00022_adb0eb173d_f0000005_t0000000500.jpg,train,D:\Users\L1\Downloads\archive\video\cctv052x2004080614x00022.avi,adb0eb173d9601793ab758342b1c4eb5cd5e2d6d80aacf37650dea8335363575,5,0.5,f216b83c70faf0f9,20,auto_labeled_pending_review
images/train/cctv052x2004080614x00022_adb0eb173d_f0000010_t0000001000.jpg,train,D:\Users\L1\Downloads\archive\video\cctv052x2004080614x00022.avi,adb0eb173d9601793ab758342b1c4eb5cd5e2d6d80aacf37650dea8335363575,10,1.0,f216bc3578f8f2fa,8,auto_labeled_pending_review
images/train/cctv052x2004080614x00022_adb0eb173d_f0000035_t0000003500.jpg,train,D:\Users\L1\Downloads\archive\video\cctv052x2004080614x00022.avi,adb0eb173d9601793ab758342b1c4eb5cd5e2d6d80aacf37650dea8335363575,35,3.5,f216b8317cf8f0f9,6,auto_labeled_pending_review
images/train/cctv052x2004080614x00022_adb0eb173d_f0000045_t0000004500.jpg,train,D:\Users\L1\Downloads\archive\video\cctv052x2004080614x00022.avi,adb0eb173d9601793ab758342b1c4eb5cd5e2d6d80aacf37650dea8335363575,45,4.5,f216bc3978f2f4fa,8,auto_labeled_pending_review
images/train/cctv052x2004080614x00022_adb0eb173d_f0000050_t0000005000.jpg,train,D:\Users\L1\Downloads\archive\video\cctv052x2004080614x00022.avi,adb0eb173d9601793ab758342b1c4eb5cd5e2d6d80aacf37650dea8335363575,50,5.0,f216bc3974f4f0f8,6,auto_labeled_pending_review
images/train/cctv052x2004080517x01653_a70712632b_f0000000_t0000000000.jpg,train,D:\Users\L1\Downloads\archive\video\cctv052x2004080517x01653.avi,a70712632b4dc6f6f3d895fab4e783be1d5f5698ead70e63c24b4d50ced751e7,0,0.0,5e82dc7c7ae9e8ea,64,auto_labeled_pending_review
images/train/cctv052x2004080517x01653_a70712632b_f0000005_t0000000500.jpg,train,D:\Users\L1\Downloads\archive\video\cctv052x2004080517x01653.avi,a70712632b4dc6f6f3d895fab4e783be1d5f5698ead70e63c24b4d50ced751e7,5,0.5,f29ebc307ae1e8fa,14,auto_labeled_pending_review
images/train/cctv052x2004080517x01653_a70712632b_f0000020_t0000002000.jpg,train,D:\Users\L1\Downloads\archive\video\cctv052x2004080517x01653.avi,a70712632b4dc6f6f3d895fab4e783be1d5f5698ead70e63c24b4d50ced751e7,20,2.0,f29ebc3a72e1f8ed,8,auto_labeled_pending_review
images/train/cctv052x2004080517x01653_a70712632b_f0000035_t0000003500.jpg,train,D:\Users\L1\Downloads\archive\video\cctv052x2004080517x01653.avi,a70712632b4dc6f6f3d895fab4e783be1d5f5698ead70e63c24b4d50ced751e7,35,3.5,f29ebc3a78f9f8ea,7,auto_labeled_pending_review
images/train/cctv052x2004080517x01653_a70712632b_f0000045_t0000004500.jpg,train,D:\Users\L1\Downloads\archive\video\cctv052x2004080517x01653.avi,a70712632b4dc6f6f3d895fab4e783be1d5f5698ead70e63c24b4d50ced751e7,45,4.5,f29ebc3873f1e8ea,6,auto_labeled_pending_review
images/train/cctv052x2004080607x01843_8c57c316db_f0000000_t0000000000.jpg,train,D:\Users\L1\Downloads\archive\video\cctv052x2004080607x01843.avi,8c57c316db3ec7603cefe5057d0e6ccd2d7e619bedb1307d87fcb5bac91c65bf,0,0.0,d48884e070f8f8db,64,auto_labeled_pending_review
images/train/cctv052x2004080607x01843_8c57c316db_f0000005_t0000000500.jpg,train,D:\Users\L1\Downloads\archive\video\cctv052x2004080607x01843.avi,8c57c316db3ec7603cefe5057d0e6ccd2d7e619bedb1307d87fcb5bac91c65bf,5,0.5,e2169c3078fcf8fa,18,auto_labeled_pending_review
images/train/cctv052x2004080607x01843_8c57c316db_f0000020_t0000002000.jpg,train,D:\Users\L1\Downloads\archive\video\cctv052x2004080607x01843.avi,8c57c316db3ec7603cefe5057d0e6ccd2d7e619bedb1307d87fcb5bac91c65bf,20,2.0,e2169c387afaf9fb,6,auto_labeled_pending_review
images/train/cctv052x2004080607x01843_8c57c316db_f0000040_t0000004000.jpg,train,D:\Users\L1\Downloads\archive\video\cctv052x2004080607x01843.avi,8c57c316db3ec7603cefe5057d0e6ccd2d7e619bedb1307d87fcb5bac91c65bf,40,4.0,e2169c3070fcf6ff,10,auto_labeled_pending_review
images/train/cctv052x2004080607x01843_8c57c316db_f0000045_t0000004500.jpg,train,D:\Users\L1\Downloads\archive\video\cctv052x2004080607x01843.avi,8c57c316db3ec7603cefe5057d0e6ccd2d7e619bedb1307d87fcb5bac91c65bf,45,4.5,e2169c3074f4f8fb,6,auto_labeled_pending_review
images/train/cctv052x2004080617x00072_4f9871f5b4_f0000000_t0000000000.jpg,train,D:\Users\L1\Downloads\archive\video\cctv052x2004080617x00072.avi,4f9871f5b4fde915136d4c5148dbb1eae86f8a87d539fe43b4405fa1591d717c,0,0.0,9257a55d5d3ceeea,64,auto_labeled_pending_review
images/train/cctv052x2004080617x00072_4f9871f5b4_f0000005_t0000000500.jpg,train,D:\Users\L1\Downloads\archive\video\cctv052x2004080617x00072.avi,4f9871f5b4fde915136d4c5148dbb1eae86f8a87d539fe43b4405fa1591d717c,5,0.5,f2969e3578f0eef2,22,auto_labeled_pending_review
images/train/cctv052x2004080617x00072_4f9871f5b4_f0000015_t0000001500.jpg,train,D:\Users\L1\Downloads\archive\video\cctv052x2004080617x00072.avi,4f9871f5b4fde915136d4c5148dbb1eae86f8a87d539fe43b4405fa1591d717c,15,1.5,f2969c3178f6eaff,8,auto_labeled_pending_review
images/train/cctv052x2004080617x00072_4f9871f5b4_f0000020_t0000002000.jpg,train,D:\Users\L1\Downloads\archive\video\cctv052x2004080617x00072.avi,4f9871f5b4fde915136d4c5148dbb1eae86f8a87d539fe43b4405fa1591d717c,20,2.0,f2969c3178ece5ed,9,auto_labeled_pending_review
images/train/cctv052x2004080617x00072_4f9871f5b4_f0000025_t0000002500.jpg,train,D:\Users\L1\Downloads\archive\video\cctv052x2004080617x00072.avi,4f9871f5b4fde915136d4c5148dbb1eae86f8a87d539fe43b4405fa1591d717c,25,2.5,f2969c3178edf6f9,6,auto_labeled_pending_review
images/train/cctv052x2004080617x00072_4f9871f5b4_f0000035_t0000003500.jpg,train,D:\Users\L1\Downloads\archive\video\cctv052x2004080617x00072.avi,4f9871f5b4fde915136d4c5148dbb1eae86f8a87d539fe43b4405fa1591d717c,35,3.5,f2969c3974effafb,7,auto_labeled_pending_review
images/train/cctv052x2004080617x00072_4f9871f5b4_f0000040_t0000004000.jpg,train,D:\Users\L1\Downloads\archive\video\cctv052x2004080617x00072.avi,4f9871f5b4fde915136d4c5148dbb1eae86f8a87d539fe43b4405fa1591d717c,40,4.0,f2969c317cf5fafa,6,auto_labeled_pending_review
images/train/cctv052x2004080611x01905_b3649c6118_f0000000_t0000000000.jpg,train,D:\Users\L1\Downloads\archive\video\cctv052x2004080611x01905.avi,b3649c611815c5a1b83ffb6e6554f4894be6972f71a74e895f873628525f288a,0,0.0,e416bc3870f2f2fa,64,auto_labeled_pending_review
images/train/cctv052x2004080611x01905_b3649c6118_f0000005_t0000000500.jpg,train,D:\Users\L1\Downloads\archive\video\cctv052x2004080611x01905.avi,b3649c611815c5a1b83ffb6e6554f4894be6972f71a74e895f873628525f288a,5,0.5,e216bc3874f4f0fb,7,auto_labeled_pending_review
images/train/cctv052x2004080611x01905_b3649c6118_f0000015_t0000001500.jpg,train,D:\Users\L1\Downloads\archive\video\cctv052x2004080611x01905.avi,b3649c611815c5a1b83ffb6e6554f4894be6972f71a74e895f873628525f288a,15,1.5,e2169c3470faf2fa,9,auto_labeled_pending_review
images/train/cctv052x2004080611x01905_b3649c6118_f0000025_t0000002500.jpg,train,D:\Users\L1\Downloads\archive\video\cctv052x2004080611x01905.avi,b3649c611815c5a1b83ffb6e6554f4894be6972f71a74e895f873628525f288a,25,2.5,e2169c3070f5f1f9,9,auto_labeled_pending_review
images/train/cctv052x2004080611x01905_b3649c6118_f0000030_t0000003000.jpg,train,D:\Users\L1\Downloads\archive\video\cctv052x2004080611x01905.avi,b3649c611815c5a1b83ffb6e6554f4894be6972f71a74e895f873628525f288a,30,3.0,f2169c3070f2f2fa,8,auto_labeled_pending_review
images/train/cctv052x2004080611x01905_b3649c6118_f0000040_t0000004000.jpg,train,D:\Users\L1\Downloads\archive\video\cctv052x2004080611x01905.avi,b3649c611815c5a1b83ffb6e6554f4894be6972f71a74e895f873628525f288a,40,4.0,f2169c3874f1f9fb,8,auto_labeled_pending_review
images/train/cctv052x2004080611x01905_b3649c6118_f0000045_t0000004500.jpg,train,D:\Users\L1\Downloads\archive\video\cctv052x2004080611x01905.avi,b3649c611815c5a1b83ffb6e6554f4894be6972f71a74e895f873628525f288a,45,4.5,f2169c3072faf9fb,6,auto_labeled_pending_review
images/train/cctv052x2004080606x01829_023e83e3ac_f0000000_t0000000000.jpg,train,D:\Users\L1\Downloads\archive\video\cctv052x2004080606x01829.avi,023e83e3ac14a6f27ae8a79ce187b0ead66d1ff0c055cd4b7456807854135559,0,0.0,d68a84e174f8f8fb,64,auto_labeled_pending_review
images/train/cctv052x2004080606x01829_023e83e3ac_f0000005_t0000000500.jpg,train,D:\Users\L1\Downloads\archive\video\cctv052x2004080606x01829.avi,023e83e3ac14a6f27ae8a79ce187b0ead66d1ff0c055cd4b7456807854135559,5,0.5,f2169c3570f8f3e8,19,auto_labeled_pending_review
images/train/cctv052x2004080606x01829_023e83e3ac_f0000010_t0000001000.jpg,train,D:\Users\L1\Downloads\archive\video\cctv052x2004080606x01829.avi,023e83e3ac14a6f27ae8a79ce187b0ead66d1ff0c055cd4b7456807854135559,10,1.0,f2169c3578f2f9f8,6,auto_labeled_pending_review
images/train/cctv052x2004080606x01829_023e83e3ac_f0000015_t0000001500.jpg,train,D:\Users\L1\Downloads\archive\video\cctv052x2004080606x01829.avi,023e83e3ac14a6f27ae8a79ce187b0ead66d1ff0c055cd4b7456807854135559,15,1.5,f2169c3574f3f1f2,6,auto_labeled_pending_review
images/train/cctv052x2004080606x01829_023e83e3ac_f0000020_t0000002000.jpg,train,D:\Users\L1\Downloads\archive\video\cctv052x2004080606x01829.avi,023e83e3ac14a6f27ae8a79ce187b0ead66d1ff0c055cd4b7456807854135559,20,2.0,f2169c3172f3f1f9,6,auto_labeled_pending_review
images/train/cctv052x2004080606x01829_023e83e3ac_f0000025_t0000002500.jpg,train,D:\Users\L1\Downloads\archive\video\cctv052x2004080606x01829.avi,023e83e3ac14a6f27ae8a79ce187b0ead66d1ff0c055cd4b7456807854135559,25,2.5,f2161c3176f1f0fa,6,auto_labeled_pending_review
images/train/cctv052x2004080606x01829_023e83e3ac_f0000040_t0000004000.jpg,train,D:\Users\L1\Downloads\archive\video\cctv052x2004080606x01829.avi,023e83e3ac14a6f27ae8a79ce187b0ead66d1ff0c055cd4b7456807854135559,40,4.0,f2169c3470f0f6fa,8,auto_labeled_pending_review
images/train/cctv052x2004080606x01829_023e83e3ac_f0000050_t0000005000.jpg,train,D:\Users\L1\Downloads\archive\video\cctv052x2004080606x01829.avi,023e83e3ac14a6f27ae8a79ce187b0ead66d1ff0c055cd4b7456807854135559,50,5.0,f2169c3174f0f0f8,6,auto_labeled_pending_review
images/train/cctv052x2004080613x00017_ee9dd2980d_f0000000_t0000000000.jpg,train,D:\Users\L1\Downloads\archive\video\cctv052x2004080613x00017.avi,ee9dd2980d2fbbbab3e84fc479951c33b7e27495996819d943e86822491c3948,0,0.0,61e7f1397cf8f8fa,64,auto_labeled_pending_review
images/train/cctv052x2004080613x00017_ee9dd2980d_f0000005_t0000000500.jpg,train,D:\Users\L1\Downloads\archive\video\cctv052x2004080613x00017.avi,ee9dd2980d2fbbbab3e84fc479951c33b7e27495996819d943e86822491c3948,5,0.5,d2069c397cf8f9f9,17,auto_labeled_pending_review
images/train/cctv052x2004080613x00017_ee9dd2980d_f0000010_t0000001000.jpg,train,D:\Users\L1\Downloads\archive\video\cctv052x2004080613x00017.avi,ee9dd2980d2fbbbab3e84fc479951c33b7e27495996819d943e86822491c3948,10,1.0,d2069c3978faf2fa,7,auto_labeled_pending_review
images/train/cctv052x2004080613x00017_ee9dd2980d_f0000015_t0000001500.jpg,train,D:\Users\L1\Downloads\archive\video\cctv052x2004080613x00017.avi,ee9dd2980d2fbbbab3e84fc479951c33b7e27495996819d943e86822491c3948,15,1.5,d2069c3978f4f9f9,8,auto_labeled_pending_review
images/train/cctv052x2004080613x00017_ee9dd2980d_f0000020_t0000002000.jpg,train,D:\Users\L1\Downloads\archive\video\cctv052x2004080613x00017.avi,ee9dd2980d2fbbbab3e84fc479951c33b7e27495996819d943e86822491c3948,20,2.0,d206983975faf3fa,11,auto_labeled_pending_review
images/train/cctv052x2004080613x00017_ee9dd2980d_f0000040_t0000004000.jpg,train,D:\Users\L1\Downloads\archive\video\cctv052x2004080613x00017.avi,ee9dd2980d2fbbbab3e84fc479951c33b7e27495996819d943e86822491c3948,40,4.0,d206983178f8f8fb,9,auto_labeled_pending_review
images/train/cctv052x2004080610x01879_82048cc3a9_f0000000_t0000000000.jpg,train,D:\Users\L1\Downloads\archive\video\cctv052x2004080610x01879.avi,82048cc3a964bce85c0eb6c22c49d0eb5bda5bf2ce4a89c9b1603d9491bca3cc,0,0.0,e5669c387af1f9fa,64,auto_labeled_pending_review
images/train/cctv052x2004080610x01879_82048cc3a9_f0000005_t0000000500.jpg,train,D:\Users\L1\Downloads\archive\video\cctv052x2004080610x01879.avi,82048cc3a964bce85c0eb6c22c49d0eb5bda5bf2ce4a89c9b1603d9491bca3cc,5,0.5,e61ebc387afafafb,13,auto_labeled_pending_review
images/train/cctv052x2004080610x01879_82048cc3a9_f0000015_t0000001500.jpg,train,D:\Users\L1\Downloads\archive\video\cctv052x2004080610x01879.avi,82048cc3a964bce85c0eb6c22c49d0eb5bda5bf2ce4a89c9b1603d9491bca3cc,15,1.5,e61ebc307cf8f2fa,6,auto_labeled_pending_review
images/train/cctv052x2004080610x01879_82048cc3a9_f0000020_t0000002000.jpg,train,D:\Users\L1\Downloads\archive\video\cctv052x2004080610x01879.avi,82048cc3a964bce85c0eb6c22c49d0eb5bda5bf2ce4a89c9b1603d9491bca3cc,20,2.0,e61ebc3874f4f8fa,6,auto_labeled_pending_review
images/train/cctv052x2004080610x01879_82048cc3a9_f0000030_t0000003000.jpg,train,D:\Users\L1\Downloads\archive\video\cctv052x2004080610x01879.avi,82048cc3a964bce85c0eb6c22c49d0eb5bda5bf2ce4a89c9b1603d9491bca3cc,30,3.0,e61ebc307cf8f5f9,9,auto_labeled_pending_review
images/train/cctv052x2004080610x01879_82048cc3a9_f0000035_t0000003500.jpg,train,D:\Users\L1\Downloads\archive\video\cctv052x2004080610x01879.avi,82048cc3a964bce85c0eb6c22c49d0eb5bda5bf2ce4a89c9b1603d9491bca3cc,35,3.5,e61ebc3878f0fbfa,8,auto_labeled_pending_review
images/train/cctv052x2004080610x01879_82048cc3a9_f0000040_t0000004000.jpg,train,D:\Users\L1\Downloads\archive\video\cctv052x2004080610x01879.avi,82048cc3a964bce85c0eb6c22c49d0eb5bda5bf2ce4a89c9b1603d9491bca3cc,40,4.0,e61eb83878f2f4f8,7,auto_labeled_pending_review
images/train/cctv052x2004080610x01879_82048cc3a9_f0000045_t0000004500.jpg,train,D:\Users\L1\Downloads\archive\video\cctv052x2004080610x01879.avi,82048cc3a964bce85c0eb6c22c49d0eb5bda5bf2ce4a89c9b1603d9491bca3cc,45,4.5,e61eb83874f4f8f9,7,auto_labeled_pending_review
images/train/cctv052x2004080617x00064_62556133cf_f0000000_t0000000000.jpg,train,D:\Users\L1\Downloads\archive\video\cctv052x2004080617x00064.avi,62556133cf414f94ae00bc0b808bd70d0e100c920ccc4de6165342e2f10c494c,0,0.0,9256bc3974d2f8f1,64,auto_labeled_pending_review
images/train/cctv052x2004080617x00064_62556133cf_f0000005_t0000000500.jpg,train,D:\Users\L1\Downloads\archive\video\cctv052x2004080617x00064.avi,62556133cf414f94ae00bc0b808bd70d0e100c920ccc4de6165342e2f10c494c,5,0.5,f2b6bc3974d2fcfb,8,auto_labeled_pending_review
images/train/cctv052x2004080617x00064_62556133cf_f0000015_t0000001500.jpg,train,D:\Users\L1\Downloads\archive\video\cctv052x2004080617x00064.avi,62556133cf414f94ae00bc0b808bd70d0e100c920ccc4de6165342e2f10c494c,15,1.5,f2b6bc3574d9f5f9,8,auto_labeled_pending_review
images/train/cctv052x2004080617x00064_62556133cf_f0000025_t0000002500.jpg,train,D:\Users\L1\Downloads\archive\video\cctv052x2004080617x00064.avi,62556133cf414f94ae00bc0b808bd70d0e100c920ccc4de6165342e2f10c494c,25,2.5,f2b6bc3574f5f2f9,6,auto_labeled_pending_review
images/train/cctv052x2004080619x00103_84fef0e4a6_f0000000_t0000000000.jpg,train,D:\Users\L1\Downloads\archive\video\cctv052x2004080619x00103.avi,84fef0e4a6cdcade17cf9eafeec6aadc19169109bfdf3e347ed8978fd45f8232,0,0.0,aa169e357cf8f8f8,64,auto_labeled_pending_review
images/train/cctv052x2004080619x00103_84fef0e4a6_f0000015_t0000001500.jpg,train,D:\Users\L1\Downloads\archive\video\cctv052x2004080619x00103.avi,84fef0e4a6cdcade17cf9eafeec6aadc19169109bfdf3e347ed8978fd45f8232,15,1.5,f2169a3978f9f8f8,8,auto_labeled_pending_review
images/train/cctv052x2004080619x00103_84fef0e4a6_f0000025_t0000002500.jpg,train,D:\Users\L1\Downloads\archive\video\cctv052x2004080619x00103.avi,84fef0e4a6cdcade17cf9eafeec6aadc19169109bfdf3e347ed8978fd45f8232,25,2.5,f2169e397af8f2fa,6,auto_labeled_pending_review
images/train/cctv052x2004080619x00103_84fef0e4a6_f0000030_t0000003000.jpg,train,D:\Users\L1\Downloads\archive\video\cctv052x2004080619x00103.avi,84fef0e4a6cdcade17cf9eafeec6aadc19169109bfdf3e347ed8978fd45f8232,30,3.0,f2169e3978f4f5f8,7,auto_labeled_pending_review
images/train/cctv052x2004080619x00103_84fef0e4a6_f0000040_t0000004000.jpg,train,D:\Users\L1\Downloads\archive\video\cctv052x2004080619x00103.avi,84fef0e4a6cdcade17cf9eafeec6aadc19169109bfdf3e347ed8978fd45f8232,40,4.0,f2169e397cf9f3f8,6,auto_labeled_pending_review
images/train/cctv052x2004080619x00103_84fef0e4a6_f0000045_t0000004500.jpg,train,D:\Users\L1\Downloads\archive\video\cctv052x2004080619x00103.avi,84fef0e4a6cdcade17cf9eafeec6aadc19169109bfdf3e347ed8978fd45f8232,45,4.5,f2169e3978faf0f9,6,auto_labeled_pending_review
images/train/cctv052x2004080619x00103_84fef0e4a6_f0000050_t0000005000.jpg,train,D:\Users\L1\Downloads\archive\video\cctv052x2004080619x00103.avi,84fef0e4a6cdcade17cf9eafeec6aadc19169109bfdf3e347ed8978fd45f8232,50,5.0,f2169c3978f9f2f2,7,auto_labeled_pending_review
images/train/cctv052x2004080611x01899_025276434f_f0000000_t0000000000.jpg,train,D:\Users\L1\Downloads\archive\video\cctv052x2004080611x01899.avi,025276434f2c2a9dc5fa80caf520e05e84002d53d42a5d26d1853d0eb0a3b98d,0,0.0,e5e0f0b97cfbf3f8,64,auto_labeled_pending_review
images/train/cctv052x2004080611x01899_025276434f_f0000005_t0000000500.jpg,train,D:\Users\L1\Downloads\archive\video\cctv052x2004080611x01899.avi,025276434f2c2a9dc5fa80caf520e05e84002d53d42a5d26d1853d0eb0a3b98d,5,0.5,f2569c387af2f1f9,21,auto_labeled_pending_review
images/train/cctv052x2004080611x01899_025276434f_f0000010_t0000001000.jpg,train,D:\Users\L1\Downloads\archive\video\cctv052x2004080611x01899.avi,025276434f2c2a9dc5fa80caf520e05e84002d53d42a5d26d1853d0eb0a3b98d,10,1.0,f2569c3872f1fbfe,8,auto_labeled_pending_review
images/train/cctv052x2004080611x01899_025276434f_f0000015_t0000001500.jpg,train,D:\Users\L1\Downloads\archive\video\cctv052x2004080611x01899.avi,025276434f2c2a9dc5fa80caf520e05e84002d53d42a5d26d1853d0eb0a3b98d,15,1.5,f2569c3874f2f8fa,7,auto_labeled_pending_review
images/train/cctv052x2004080611x01899_025276434f_f0000020_t0000002000.jpg,train,D:\Users\L1\Downloads\archive\video\cctv052x2004080611x01899.avi,025276434f2c2a9dc5fa80caf520e05e84002d53d42a5d26d1853d0eb0a3b98d,20,2.0,f2569c3c72fcf9f9,9,auto_labeled_pending_review
images/train/cctv052x2004080611x01899_025276434f_f0000025_t0000002500.jpg,train,D:\Users\L1\Downloads\archive\video\cctv052x2004080611x01899.avi,025276434f2c2a9dc5fa80caf520e05e84002d53d42a5d26d1853d0eb0a3b98d,25,2.5,f2569c3474f9f8fb,7,auto_labeled_pending_review
images/train/cctv052x2004080611x01899_025276434f_f0000045_t0000004500.jpg,train,D:\Users\L1\Downloads\archive\video\cctv052x2004080611x01899.avi,025276434f2c2a9dc5fa80caf520e05e84002d53d42a5d26d1853d0eb0a3b98d,45,4.5,f2569c3078f8f6fa,8,auto_labeled_pending_review
images/train/cctv052x2004080519x01682_d7999117cd_f0000000_t0000000000.jpg,train,D:\Users\L1\Downloads\archive\video\cctv052x2004080519x01682.avi,d7999117cda831bbeb856c491c46726ca1421841f25f945a5f29958464e24de2,0,0.0,d2828cc07cf8f2f8,64,auto_labeled_pending_review
images/train/cctv052x2004080519x01682_d7999117cd_f0000005_t0000000500.jpg,train,D:\Users\L1\Downloads\archive\video\cctv052x2004080519x01682.avi,d7999117cda831bbeb856c491c46726ca1421841f25f945a5f29958464e24de2,5,0.5,f21e98397cf4f8f8,17,auto_labeled_pending_review
images/train/cctv052x2004080519x01682_d7999117cd_f0000035_t0000003500.jpg,train,D:\Users\L1\Downloads\archive\video\cctv052x2004080519x01682.avi,d7999117cda831bbeb856c491c46726ca1421841f25f945a5f29958464e24de2,35,3.5,f21e9c3978f8f9f9,6,auto_labeled_pending_review
images/train/cctv052x2004080519x01682_d7999117cd_f0000045_t0000004500.jpg,train,D:\Users\L1\Downloads\archive\video\cctv052x2004080519x01682.avi,d7999117cda831bbeb856c491c46726ca1421841f25f945a5f29958464e24de2,45,4.5,f21e983978f2f2fa,8,auto_labeled_pending_review
images/train/cctv052x2004080519x01682_d7999117cd_f0000050_t0000005000.jpg,train,D:\Users\L1\Downloads\archive\video\cctv052x2004080519x01682.avi,d7999117cda831bbeb856c491c46726ca1421841f25f945a5f29958464e24de2,50,5.0,f21e983974f4f8f9,8,auto_labeled_pending_review
images/train/cctv052x2004080517x01657_d71568b640_f0000000_t0000000000.jpg,train,D:\Users\L1\Downloads\archive\video\cctv052x2004080517x01657.avi,d71568b640048f42e35b13b8da17f66be59fc8aca30d384b9919cebbf8a0d743,0,0.0,f08adcf672eaf8f8,64,auto_labeled_pending_review
images/train/cctv052x2004080517x01657_d71568b640_f0000005_t0000000500.jpg,train,D:\Users\L1\Downloads\archive\video\cctv052x2004080517x01657.avi,d71568b640048f42e35b13b8da17f66be59fc8aca30d384b9919cebbf8a0d743,5,0.5,f29eba3272eaf8fa,11,auto_labeled_pending_review
images/train/cctv052x2004080517x01657_d71568b640_f0000020_t0000002000.jpg,train,D:\Users\L1\Downloads\archive\video\cctv052x2004080517x01657.avi,d71568b640048f42e35b13b8da17f66be59fc8aca30d384b9919cebbf8a0d743,20,2.0,f29eb8327af9fbea,8,auto_labeled_pending_review
images/train/cctv052x2004080517x01657_d71568b640_f0000035_t0000003500.jpg,train,D:\Users\L1\Downloads\archive\video\cctv052x2004080517x01657.avi,d71568b640048f42e35b13b8da17f66be59fc8aca30d384b9919cebbf8a0d743,35,3.5,f29ebe327af9f5f8,7,auto_labeled_pending_review
images/train/cctv052x2004080517x01657_d71568b640_f0000040_t0000004000.jpg,train,D:\Users\L1\Downloads\archive\video\cctv052x2004080517x01657.avi,d71568b640048f42e35b13b8da17f66be59fc8aca30d384b9919cebbf8a0d743,40,4.0,f29ebe3278eff1fd,7,auto_labeled_pending_review
images/train/cctv052x2004080606x01828_8d52594e08_f0000000_t0000000000.jpg,train,D:\Users\L1\Downloads\archive\video\cctv052x2004080606x01828.avi,8d52594e0849b3a044fb8888e5daa5f84f4669a580f6f66a443140ef43a9fed6,0,0.0,d48a9c3074f2f0f9,64,auto_labeled_pending_review
images/train/cctv052x2004080606x01828_8d52594e08_f0000005_t0000000500.jpg,train,D:\Users\L1\Downloads\archive\video\cctv052x2004080606x01828.avi,8d52594e0849b3a044fb8888e5daa5f84f4669a580f6f66a443140ef43a9fed6,5,0.5,f2169c3074f4f1f9,10,auto_labeled_pending_review
images/train/cctv052x2004080606x01828_8d52594e08_f0000020_t0000002000.jpg,train,D:\Users\L1\Downloads\archive\video\cctv052x2004080606x01828.avi,8d52594e0849b3a044fb8888e5daa5f84f4669a580f6f66a443140ef43a9fed6,20,2.0,f2169c3474f2f4f8,6,auto_labeled_pending_review
images/train/cctv052x2004080606x01828_8d52594e08_f0000025_t0000002500.jpg,train,D:\Users\L1\Downloads\archive\video\cctv052x2004080606x01828.avi,8d52594e0849b3a044fb8888e5daa5f84f4669a580f6f66a443140ef43a9fed6,25,2.5,f2169c3474f4f9fa,6,auto_labeled_pending_review
images/train/cctv052x2004080606x01828_8d52594e08_f0000035_t0000003500.jpg,train,D:\Users\L1\Downloads\archive\video\cctv052x2004080606x01828.avi,8d52594e0849b3a044fb8888e5daa5f84f4669a580f6f66a443140ef43a9fed6,35,3.5,f2169c3478f9f0f8,8,auto_labeled_pending_review
images/train/cctv052x2004080606x01828_8d52594e08_f0000045_t0000004500.jpg,train,D:\Users\L1\Downloads\archive\video\cctv052x2004080606x01828.avi,8d52594e0849b3a044fb8888e5daa5f84f4669a580f6f66a443140ef43a9fed6,45,4.5,f2169c3170faf8fa,7,auto_labeled_pending_review
images/train/cctv052x2004080519x01692_c58a25fdd2_f0000000_t0000000000.jpg,train,D:\Users\L1\Downloads\archive\video\cctv052x2004080519x01692.avi,c58a25fdd2c19d031feb3562de5ca46773b48e2d633348c9576ae269ffa9a2e1,0,0.0,521e9e397cf2f4f8,64,auto_labeled_pending_review
images/train/cctv052x2004080519x01692_c58a25fdd2_f0000005_t0000000500.jpg,train,D:\Users\L1\Downloads\archive\video\cctv052x2004080519x01692.avi,c58a25fdd2c19d031feb3562de5ca46773b48e2d633348c9576ae269ffa9a2e1,5,0.5,f21e9a3978f4f8f8,8,auto_labeled_pending_review
images/train/cctv052x2004080519x01692_c58a25fdd2_f0000020_t0000002000.jpg,train,D:\Users\L1\Downloads\archive\video\cctv052x2004080519x01692.avi,c58a25fdd2c19d031feb3562de5ca46773b48e2d633348c9576ae269ffa9a2e1,20,2.0,f21e983978f8f0f2,6,auto_labeled_pending_review
images/train/cctv052x2004080519x01692_c58a25fdd2_f0000025_t0000002500.jpg,train,D:\Users\L1\Downloads\archive\video\cctv052x2004080519x01692.avi,c58a25fdd2c19d031feb3562de5ca46773b48e2d633348c9576ae269ffa9a2e1,25,2.5,f21e983979f8f4ec,6,auto_labeled_pending_review
images/train/cctv052x2004080519x01692_c58a25fdd2_f0000030_t0000003000.jpg,train,D:\Users\L1\Downloads\archive\video\cctv052x2004080519x01692.avi,c58a25fdd2c19d031feb3562de5ca46773b48e2d633348c9576ae269ffa9a2e1,30,3.0,f21e983978f9f8f8,6,auto_labeled_pending_review
images/train/cctv052x2004080608x01850_0f844c7dd0_f0000000_t0000000000.jpg,train,D:\Users\L1\Downloads\archive\video\cctv052x2004080608x01850.avi,0f844c7dd072b4d15201fb682033c273a544888672654ae9d26b80ea8fc25dfa,0,0.0,65e7f1bd78f8f8fa,64,auto_labeled_pending_review
images/train/cctv052x2004080608x01850_0f844c7dd0_f0000005_t0000000500.jpg,train,D:\Users\L1\Downloads\archive\video\cctv052x2004080608x01850.avi,0f844c7dd072b4d15201fb682033c273a544888672654ae9d26b80ea8fc25dfa,5,0.5,e6369c3878f8f8f9,17,auto_labeled_pending_review
images/train/cctv052x2004080608x01850_0f844c7dd0_f0000020_t0000002000.jpg,train,D:\Users\L1\Downloads\archive\video\cctv052x2004080608x01850.avi,0f844c7dd072b4d15201fb682033c273a544888672654ae9d26b80ea8fc25dfa,20,2.0,f2169c3874f8f8fa,7,auto_labeled_pending_review
images/train/cctv052x2004080608x01850_0f844c7dd0_f0000030_t0000003000.jpg,train,D:\Users\L1\Downloads\archive\video\cctv052x2004080608x01850.avi,0f844c7dd072b4d15201fb682033c273a544888672654ae9d26b80ea8fc25dfa,30,3.0,f2369c3078f0f9f9,8,auto_labeled_pending_review
images/train/cctv052x2004080608x01850_0f844c7dd0_f0000035_t0000003500.jpg,train,D:\Users\L1\Downloads\archive\video\cctv052x2004080608x01850.avi,0f844c7dd072b4d15201fb682033c273a544888672654ae9d26b80ea8fc25dfa,35,3.5,f2369c3078fafafa,6,auto_labeled_pending_review
images/train/cctv052x2004080608x01850_0f844c7dd0_f0000045_t0000004500.jpg,train,D:\Users\L1\Downloads\archive\video\cctv052x2004080608x01850.avi,0f844c7dd072b4d15201fb682033c273a544888672654ae9d26b80ea8fc25dfa,45,4.5,f236bc3074f8f8f9,7,auto_labeled_pending_review
images/train/cctv052x2004080608x01854_dc9c86d804_f0000000_t0000000000.jpg,train,D:\Users\L1\Downloads\archive\video\cctv052x2004080608x01854.avi,dc9c86d8045e929ec744313712f152b68a09c2fa05b205f968a88a8396570ce4,0,0.0,65e7bc3172f2f4f1,64,auto_labeled_pending_review
images/train/cctv052x2004080608x01854_dc9c86d804_f0000005_t0000000500.jpg,train,D:\Users\L1\Downloads\archive\video\cctv052x2004080608x01854.avi,dc9c86d8045e929ec744313712f152b68a09c2fa05b205f968a88a8396570ce4,5,0.5,f2169c3174f4f2fa,20,auto_labeled_pending_review
images/train/cctv052x2004080608x01854_dc9c86d804_f0000015_t0000001500.jpg,train,D:\Users\L1\Downloads\archive\video\cctv052x2004080608x01854.avi,dc9c86d8045e929ec744313712f152b68a09c2fa05b205f968a88a8396570ce4,15,1.5,f2169c3575f5f8ff,7,auto_labeled_pending_review
images/train/cctv052x2004080608x01854_dc9c86d804_f0000020_t0000002000.jpg,train,D:\Users\L1\Downloads\archive\video\cctv052x2004080608x01854.avi,dc9c86d8045e929ec744313712f152b68a09c2fa05b205f968a88a8396570ce4,20,2.0,f2169c3174f8f8fa,7,auto_labeled_pending_review
images/train/cctv052x2004080608x01854_dc9c86d804_f0000030_t0000003000.jpg,train,D:\Users\L1\Downloads\archive\video\cctv052x2004080608x01854.avi,dc9c86d8045e929ec744313712f152b68a09c2fa05b205f968a88a8396570ce4,30,3.0,f2169c3078f0fbfb,7,auto_labeled_pending_review
images/train/cctv052x2004080608x01854_dc9c86d804_f0000045_t0000004500.jpg,train,D:\Users\L1\Downloads\archive\video\cctv052x2004080608x01854.avi,dc9c86d8045e929ec744313712f152b68a09c2fa05b205f968a88a8396570ce4,45,4.5,f216983874f1f8fa,8,auto_labeled_pending_review
images/train/cctv052x2004080608x01854_dc9c86d804_f0000050_t0000005000.jpg,train,D:\Users\L1\Downloads\archive\video\cctv052x2004080608x01854.avi,dc9c86d8045e929ec744313712f152b68a09c2fa05b205f968a88a8396570ce4,50,5.0,f2169c3470f8f8f9,8,auto_labeled_pending_review
images/train/cctv052x2004080519x01680_0aa6a3c931_f0000000_t0000000000.jpg,train,D:\Users\L1\Downloads\archive\video\cctv052x2004080519x01680.avi,0aa6a3c9314b391514250fb1e6ef5b43f1c6fc27c9e277e30c3ec908e219751c,0,0.0,da829c397cf9f1f8,64,auto_labeled_pending_review
images/train/cctv052x2004080519x01680_0aa6a3c931_f0000005_t0000000500.jpg,train,D:\Users\L1\Downloads\archive\video\cctv052x2004080519x01680.avi,0aa6a3c9314b391514250fb1e6ef5b43f1c6fc27c9e277e30c3ec908e219751c,5,0.5,f29e983179fbf0f8,11,auto_labeled_pending_review
images/train/cctv052x2004080519x01680_0aa6a3c931_f0000025_t0000002500.jpg,train,D:\Users\L1\Downloads\archive\video\cctv052x2004080519x01680.avi,0aa6a3c9314b391514250fb1e6ef5b43f1c6fc27c9e277e30c3ec908e219751c,25,2.5,f29e983978f9f1f3,7,auto_labeled_pending_review
images/train/cctv052x2004080519x01680_0aa6a3c931_f0000030_t0000003000.jpg,train,D:\Users\L1\Downloads\archive\video\cctv052x2004080519x01680.avi,0aa6a3c9314b391514250fb1e6ef5b43f1c6fc27c9e277e30c3ec908e219751c,30,3.0,f29e9a3979f2f0f8,9,auto_labeled_pending_review
images/train/cctv052x2004080519x01680_0aa6a3c931_f0000040_t0000004000.jpg,train,D:\Users\L1\Downloads\archive\video\cctv052x2004080519x01680.avi,0aa6a3c9314b391514250fb1e6ef5b43f1c6fc27c9e277e30c3ec908e219751c,40,4.0,f29e98397cf9f2f8,7,auto_labeled_pending_review
images/train/cctv052x2004080519x01680_0aa6a3c931_f0000045_t0000004500.jpg,train,D:\Users\L1\Downloads\archive\video\cctv052x2004080519x01680.avi,0aa6a3c9314b391514250fb1e6ef5b43f1c6fc27c9e277e30c3ec908e219751c,45,4.5,f21e98317afaf0f8,7,auto_labeled_pending_review
images/train/cctv052x2004080608x01853_829464ce23_f0000000_t0000000000.jpg,train,D:\Users\L1\Downloads\archive\video\cctv052x2004080608x01853.avi,829464ce232b5f5e02bb27b69b57e87c59d0c6f32dffd99ef0bf2eaa9731e7db,0,0.0,65e7bc3170f2f8fa,64,auto_labeled_pending_review
images/train/cctv052x2004080608x01853_829464ce23_f0000005_t0000000500.jpg,train,D:\Users\L1\Downloads\archive\video\cctv052x2004080608x01853.avi,829464ce232b5f5e02bb27b69b57e87c59d0c6f32dffd99ef0bf2eaa9731e7db,5,0.5,f216bc30f0f0f1fa,15,auto_labeled_pending_review
images/train/cctv052x2004080608x01853_829464ce23_f0000010_t0000001000.jpg,train,D:\Users\L1\Downloads\archive\video\cctv052x2004080608x01853.avi,829464ce232b5f5e02bb27b69b57e87c59d0c6f32dffd99ef0bf2eaa9731e7db,10,1.0,f216bc3874f8f1f9,6,auto_labeled_pending_review
images/train/cctv052x2004080608x01853_829464ce23_f0000015_t0000001500.jpg,train,D:\Users\L1\Downloads\archive\video\cctv052x2004080608x01853.avi,829464ce232b5f5e02bb27b69b57e87c59d0c6f32dffd99ef0bf2eaa9731e7db,15,1.5,f216b83070faf2fa,8,auto_labeled_pending_review
images/train/cctv052x2004080608x01853_829464ce23_f0000020_t0000002000.jpg,train,D:\Users\L1\Downloads\archive\video\cctv052x2004080608x01853.avi,829464ce232b5f5e02bb27b69b57e87c59d0c6f32dffd99ef0bf2eaa9731e7db,20,2.0,f216b83178f2f5fa,6,auto_labeled_pending_review
images/train/cctv052x2004080608x01853_829464ce23_f0000025_t0000002500.jpg,train,D:\Users\L1\Downloads\archive\video\cctv052x2004080608x01853.avi,829464ce232b5f5e02bb27b69b57e87c59d0c6f32dffd99ef0bf2eaa9731e7db,25,2.5,f216b83174f5f1f9,8,auto_labeled_pending_review
images/train/cctv052x2004080608x01853_829464ce23_f0000030_t0000003000.jpg,train,D:\Users\L1\Downloads\archive\video\cctv052x2004080608x01853.avi,829464ce232b5f5e02bb27b69b57e87c59d0c6f32dffd99ef0bf2eaa9731e7db,30,3.0,f216b83076f2f2fa,9,auto_labeled_pending_review
images/train/cctv052x2004080608x01853_829464ce23_f0000035_t0000003500.jpg,train,D:\Users\L1\Downloads\archive\video\cctv052x2004080608x01853.avi,829464ce232b5f5e02bb27b69b57e87c59d0c6f32dffd99ef0bf2eaa9731e7db,35,3.5,f216b830f8f1f0fa,7,auto_labeled_pending_review
images/train/cctv052x2004080608x01853_829464ce23_f0000040_t0000004000.jpg,train,D:\Users\L1\Downloads\archive\video\cctv052x2004080608x01853.avi,829464ce232b5f5e02bb27b69b57e87c59d0c6f32dffd99ef0bf2eaa9731e7db,40,4.0,f216b83875f5f0fa,6,auto_labeled_pending_review
images/train/cctv052x2004080608x01853_829464ce23_f0000050_t0000005000.jpg,train,D:\Users\L1\Downloads\archive\video\cctv052x2004080608x01853.avi,829464ce232b5f5e02bb27b69b57e87c59d0c6f32dffd99ef0bf2eaa9731e7db,50,5.0,f216b83178f0f0fa,7,auto_labeled_pending_review
images/train/cctv052x2004080613x00014_4ea5deccbf_f0000000_t0000000000.jpg,train,D:\Users\L1\Downloads\archive\video\cctv052x2004080613x00014.avi,4ea5deccbf107af14510c12fb6254be2ecf4b1229e3a3210355c0decac2e4d90,0,0.0,e5e7f3b878f8f0fe,64,auto_labeled_pending_review
images/train/cctv052x2004080613x00014_4ea5deccbf_f0000005_t0000000500.jpg,train,D:\Users\L1\Downloads\archive\video\cctv052x2004080613x00014.avi,4ea5deccbf107af14510c12fb6254be2ecf4b1229e3a3210355c0decac2e4d90,5,0.5,e2069c3178f8f8fa,18,auto_labeled_pending_review
images/train/cctv052x2004080613x00014_4ea5deccbf_f0000025_t0000002500.jpg,train,D:\Users\L1\Downloads\archive\video\cctv052x2004080613x00014.avi,4ea5deccbf107af14510c12fb6254be2ecf4b1229e3a3210355c0decac2e4d90,25,2.5,e20698397df9f8e9,8,auto_labeled_pending_review
images/train/cctv052x2004080613x00014_4ea5deccbf_f0000030_t0000003000.jpg,train,D:\Users\L1\Downloads\archive\video\cctv052x2004080613x00014.avi,4ea5deccbf107af14510c12fb6254be2ecf4b1229e3a3210355c0decac2e4d90,30,3.0,f20698397cf8fafa,7,auto_labeled_pending_review
images/train/cctv052x2004080613x00014_4ea5deccbf_f0000035_t0000003500.jpg,train,D:\Users\L1\Downloads\archive\video\cctv052x2004080613x00014.avi,4ea5deccbf107af14510c12fb6254be2ecf4b1229e3a3210355c0decac2e4d90,35,3.5,f20698397af9f1f4,9,auto_labeled_pending_review
images/train/cctv052x2004080613x00014_4ea5deccbf_f0000040_t0000004000.jpg,train,D:\Users\L1\Downloads\archive\video\cctv052x2004080613x00014.avi,4ea5deccbf107af14510c12fb6254be2ecf4b1229e3a3210355c0decac2e4d90,40,4.0,e206983878f0f8fa,10,auto_labeled_pending_review
images/train/cctv052x2004080613x00014_4ea5deccbf_f0000045_t0000004500.jpg,train,D:\Users\L1\Downloads\archive\video\cctv052x2004080613x00014.avi,4ea5deccbf107af14510c12fb6254be2ecf4b1229e3a3210355c0decac2e4d90,45,4.5,e206983d78f9f0f8,6,auto_labeled_pending_review
images/train/cctv052x2004080610x01877_79fb188930_f0000000_t0000000000.jpg,train,D:\Users\L1\Downloads\archive\video\cctv052x2004080610x01877.avi,79fb18893035c8a649d6a46eba9a4dbe4de9bc58ad9173b24bc8100722fdfea3,0,0.0,e5e770b87b3b79fa,64,auto_labeled_pending_review
images/train/cctv052x2004080610x01877_79fb188930_f0000005_t0000000500.jpg,train,D:\Users\L1\Downloads\archive\video\cctv052x2004080610x01877.avi,79fb18893035c8a649d6a46eba9a4dbe4de9bc58ad9173b24bc8100722fdfea3,5,0.5,e616bc3878f9f8fa,19,auto_labeled_pending_review
images/train/cctv052x2004080610x01877_79fb188930_f0000025_t0000002500.jpg,train,D:\Users\L1\Downloads\archive\video\cctv052x2004080610x01877.avi,79fb18893035c8a649d6a46eba9a4dbe4de9bc58ad9173b24bc8100722fdfea3,25,2.5,e6169c387afaf2fa,6,auto_labeled_pending_review
images/train/cctv052x2004080610x01877_79fb188930_f0000035_t0000003500.jpg,train,D:\Users\L1\Downloads\archive\video\cctv052x2004080610x01877.avi,79fb18893035c8a649d6a46eba9a4dbe4de9bc58ad9173b24bc8100722fdfea3,35,3.5,e6169c3074f4fafa,8,auto_labeled_pending_review
images/train/cctv052x2004080610x01877_79fb188930_f0000045_t0000004500.jpg,train,D:\Users\L1\Downloads\archive\video\cctv052x2004080610x01877.avi,79fb18893035c8a649d6a46eba9a4dbe4de9bc58ad9173b24bc8100722fdfea3,45,4.5,e6169c3478f9f8fa,7,auto_labeled_pending_review
images/train/cctv052x2004080616x00060_40710dc2a3_f0000000_t0000000000.jpg,train,D:\Users\L1\Downloads\archive\video\cctv052x2004080616x00060.avi,40710dc2a3fb9e7d642cb75160ae9a15f23a1289565c05d26776caf1cbe7cc37,0,0.0,9250bc3474f7f1f9,64,auto_labeled_pending_review
images/train/cctv052x2004080616x00060_40710dc2a3_f0000005_t0000000500.jpg,train,D:\Users\L1\Downloads\archive\video\cctv052x2004080616x00060.avi,40710dc2a3fb9e7d642cb75160ae9a15f23a1289565c05d26776caf1cbe7cc37,5,0.5,f28ebc3474f3f1fb,10,auto_labeled_pending_review
images/train/cctv052x2004080616x00060_40710dc2a3_f0000040_t0000004000.jpg,train,D:\Users\L1\Downloads\archive\video\cctv052x2004080616x00060.avi,40710dc2a3fb9e7d642cb75160ae9a15f23a1289565c05d26776caf1cbe7cc37,40,4.0,f28ebc3572f3f6fa,7,auto_labeled_pending_review
images/train/cctv052x2004080616x00053_119fd61a23_f0000000_t0000000000.jpg,train,D:\Users\L1\Downloads\archive\video\cctv052x2004080616x00053.avi,119fd61a2330a372474406de20e36cf219837aa906c9100b97c82521eb44074b,0,0.0,9254be3878f9fa73,64,auto_labeled_pending_review
images/train/cctv052x2004080616x00053_119fd61a23_f0000005_t0000000500.jpg,train,D:\Users\L1\Downloads\archive\video\cctv052x2004080616x00053.avi,119fd61a2330a372474406de20e36cf219837aa906c9100b97c82521eb44074b,5,0.5,f286be3878fafa73,8,auto_labeled_pending_review
images/train/cctv052x2004080616x00053_119fd61a23_f0000015_t0000001500.jpg,train,D:\Users\L1\Downloads\archive\video\cctv052x2004080616x00053.avi,119fd61a2330a372474406de20e36cf219837aa906c9100b97c82521eb44074b,15,1.5,f286be3878f5f37b,7,auto_labeled_pending_review
images/train/cctv052x2004080616x00053_119fd61a23_f0000040_t0000004000.jpg,train,D:\Users\L1\Downloads\archive\video\cctv052x2004080616x00053.avi,119fd61a2330a372474406de20e36cf219837aa906c9100b97c82521eb44074b,40,4.0,f286be3876f5f16f,6,auto_labeled_pending_review
images/train/cctv052x2004080616x00053_119fd61a23_f0000050_t0000005000.jpg,train,D:\Users\L1\Downloads\archive\video\cctv052x2004080616x00053.avi,119fd61a2330a372474406de20e36cf219837aa906c9100b97c82521eb44074b,50,5.0,f286be3876f2fe6a,9,auto_labeled_pending_review
images/train/cctv052x2004080517x01664_6dc7be056b_f0000000_t0000000000.jpg,train,D:\Users\L1\Downloads\archive\video\cctv052x2004080517x01664.avi,6dc7be056baf060a5f445d367018e135d3de671bd77439d03328cb0d8125cc53,0,0.0,f482cc7470faeaf3,64,auto_labeled_pending_review
images/train/cctv052x2004080517x01664_6dc7be056b_f0000005_t0000000500.jpg,train,D:\Users\L1\Downloads\archive\video\cctv052x2004080517x01664.avi,6dc7be056baf060a5f445d367018e135d3de671bd77439d03328cb0d8125cc53,5,0.5,f21e9a3670faf2fb,15,auto_labeled_pending_review
images/train/cctv052x2004080517x01664_6dc7be056b_f0000015_t0000001500.jpg,train,D:\Users\L1\Downloads\archive\video\cctv052x2004080517x01664.avi,6dc7be056baf060a5f445d367018e135d3de671bd77439d03328cb0d8125cc53,15,1.5,f21e9a3270f4f8fb,6,auto_labeled_pending_review
images/train/cctv052x2004080517x01664_6dc7be056b_f0000025_t0000002500.jpg,train,D:\Users\L1\Downloads\archive\video\cctv052x2004080517x01664.avi,6dc7be056baf060a5f445d367018e135d3de671bd77439d03328cb0d8125cc53,25,2.5,f21e9e327cfcf6ed,10,auto_labeled_pending_review
images/train/cctv052x2004080517x01664_6dc7be056b_f0000035_t0000003500.jpg,train,D:\Users\L1\Downloads\archive\video\cctv052x2004080517x01664.avi,6dc7be056baf060a5f445d367018e135d3de671bd77439d03328cb0d8125cc53,35,3.5,f21e9e307cf4f9fb,9,auto_labeled_pending_review
images/train/cctv052x2004080517x01664_6dc7be056b_f0000045_t0000004500.jpg,train,D:\Users\L1\Downloads\archive\video\cctv052x2004080517x01664.avi,6dc7be056baf060a5f445d367018e135d3de671bd77439d03328cb0d8125cc53,45,4.5,f21e9e307cfaf2fd,8,auto_labeled_pending_review
images/train/cctv052x2004080618x00087_d538976eb0_f0000000_t0000000000.jpg,train,D:\Users\L1\Downloads\archive\video\cctv052x2004080618x00087.avi,d538976eb007f94a35de637feb827aeb485b334e732b2d293c69f562c126ac9f,0,0.0,7654b4c444f0f8fb,64,auto_labeled_pending_review
images/train/cctv052x2004080618x00087_d538976eb0_f0000005_t0000000500.jpg,train,D:\Users\L1\Downloads\archive\video\cctv052x2004080618x00087.avi,d538976eb007f94a35de637feb827aeb485b334e732b2d293c69f562c126ac9f,5,0.5,f2869c3c78f0f0f9,19,auto_labeled_pending_review
images/train/cctv052x2004080618x00087_d538976eb0_f0000020_t0000002000.jpg,train,D:\Users\L1\Downloads\archive\video\cctv052x2004080618x00087.avi,d538976eb007f94a35de637feb827aeb485b334e732b2d293c69f562c126ac9f,20,2.0,f2869c3874f1f5f9,6,auto_labeled_pending_review
images/train/cctv052x2004080618x00087_d538976eb0_f0000030_t0000003000.jpg,train,D:\Users\L1\Downloads\archive\video\cctv052x2004080618x00087.avi,d538976eb007f94a35de637feb827aeb485b334e732b2d293c69f562c126ac9f,30,3.0,f2869c3074f2f0fb,6,auto_labeled_pending_review
images/train/cctv052x2004080618x00087_d538976eb0_f0000045_t0000004500.jpg,train,D:\Users\L1\Downloads\archive\video\cctv052x2004080618x00087.avi,d538976eb007f94a35de637feb827aeb485b334e732b2d293c69f562c126ac9f,45,4.5,f2869c3070f1f9fa,6,auto_labeled_pending_review
images/train/cctv052x2004080615x00034_a0cd9a75bb_f0000000_t0000000000.jpg,train,D:\Users\L1\Downloads\archive\video\cctv052x2004080615x00034.avi,a0cd9a75bb408a97133801cedbaca4a3124bf5aa6b9405b31be3acf0293ac8a2,0,0.0,9212212d3df5daca,64,auto_labeled_pending_review
images/train/cctv052x2004080615x00034_a0cd9a75bb_f0000005_t0000000500.jpg,train,D:\Users\L1\Downloads\archive\video\cctv052x2004080615x00034.avi,a0cd9a75bb408a97133801cedbaca4a3124bf5aa6b9405b31be3acf0293ac8a2,5,0.5,d2529c3a7af5d2ca,17,auto_labeled_pending_review
images/train/cctv052x2004080615x00034_a0cd9a75bb_f0000015_t0000001500.jpg,train,D:\Users\L1\Downloads\archive\video\cctv052x2004080615x00034.avi,a0cd9a75bb408a97133801cedbaca4a3124bf5aa6b9405b31be3acf0293ac8a2,15,1.5,d2529c3a72f6ccdb,9,auto_labeled_pending_review
images/train/cctv052x2004080615x00034_a0cd9a75bb_f0000035_t0000003500.jpg,train,D:\Users\L1\Downloads\archive\video\cctv052x2004080615x00034.avi,a0cd9a75bb408a97133801cedbaca4a3124bf5aa6b9405b31be3acf0293ac8a2,35,3.5,d2529c3872f4d2cb,7,auto_labeled_pending_review
images/train/cctv052x2004080615x00034_a0cd9a75bb_f0000045_t0000004500.jpg,train,D:\Users\L1\Downloads\archive\video\cctv052x2004080615x00034.avi,a0cd9a75bb408a97133801cedbaca4a3124bf5aa6b9405b31be3acf0293ac8a2,45,4.5,d2529c3876f1f6da,7,auto_labeled_pending_review
images/train/cctv052x2004080606x01834_8969305e41_f0000000_t0000000000.jpg,train,D:\Users\L1\Downloads\archive\video\cctv052x2004080606x01834.avi,8969305e415c5f323902d273fabc206a071d5cc2b43fd1c40fe24faeb258bc9c,0,0.0,d4169c3574f8f0f1,64,auto_labeled_pending_review
images/train/cctv052x2004080606x01834_8969305e41_f0000005_t0000000500.jpg,train,D:\Users\L1\Downloads\archive\video\cctv052x2004080606x01834.avi,8969305e415c5f323902d273fabc206a071d5cc2b43fd1c40fe24faeb258bc9c,5,0.5,d2169c3578f9f1fa,9,auto_labeled_pending_review
images/train/cctv052x2004080606x01834_8969305e41_f0000015_t0000001500.jpg,train,D:\Users\L1\Downloads\archive\video\cctv052x2004080606x01834.avi,8969305e415c5f323902d273fabc206a071d5cc2b43fd1c40fe24faeb258bc9c,15,1.5,d2169c3172f2f3fa,7,auto_labeled_pending_review
images/train/cctv052x2004080606x01834_8969305e41_f0000025_t0000002500.jpg,train,D:\Users\L1\Downloads\archive\video\cctv052x2004080606x01834.avi,8969305e415c5f323902d273fabc206a071d5cc2b43fd1c40fe24faeb258bc9c,25,2.5,f2169c3174f0f0f8,7,auto_labeled_pending_review
images/train/cctv052x2004080606x01834_8969305e41_f0000045_t0000004500.jpg,train,D:\Users\L1\Downloads\archive\video\cctv052x2004080606x01834.avi,8969305e415c5f323902d273fabc206a071d5cc2b43fd1c40fe24faeb258bc9c,45,4.5,f2169c3578faf2f8,6,auto_labeled_pending_review
images/train/cctv052x2004080520x01698_0c69d68da0_f0000000_t0000000000.jpg,train,D:\Users\L1\Downloads\archive\video\cctv052x2004080520x01698.avi,0c69d68da0d741127b116eabfd73d7646168e33e3124176e461c7135ac6b9491,0,0.0,f4828ce070f0f0f8,64,auto_labeled_pending_review
images/train/cctv052x2004080520x01698_0c69d68da0_f0000005_t0000000500.jpg,train,D:\Users\L1\Downloads\archive\video\cctv052x2004080520x01698.avi,0c69d68da0d741127b116eabfd73d7646168e33e3124176e461c7135ac6b9491,5,0.5,f21e983978f8f0f8,15,auto_labeled_pending_review
images/val/cctv052x2004080614x00021_9c6323f1c2_f0000000_t0000000000.jpg,val,D:\Users\L1\Downloads\archive\video\cctv052x2004080614x00021.avi,9c6323f1c2fc7f27470aa3ba3e0a60d2af38459d7937b62e2e08028f5ea64afc,0,0.0,e2169c317af8f1f9,64,auto_labeled_pending_review
images/val/cctv052x2004080614x00021_9c6323f1c2_f0000005_t0000000500.jpg,val,D:\Users\L1\Downloads\archive\video\cctv052x2004080614x00021.avi,9c6323f1c2fc7f27470aa3ba3e0a60d2af38459d7937b62e2e08028f5ea64afc,5,0.5,f2169c3978faf2fa,8,auto_labeled_pending_review
images/val/cctv052x2004080614x00021_9c6323f1c2_f0000010_t0000001000.jpg,val,D:\Users\L1\Downloads\archive\video\cctv052x2004080614x00021.avi,9c6323f1c2fc7f27470aa3ba3e0a60d2af38459d7937b62e2e08028f5ea64afc,10,1.0,f2169c3378f2f1f9,7,auto_labeled_pending_review
images/val/cctv052x2004080614x00021_9c6323f1c2_f0000015_t0000001500.jpg,val,D:\Users\L1\Downloads\archive\video\cctv052x2004080614x00021.avi,9c6323f1c2fc7f27470aa3ba3e0a60d2af38459d7937b62e2e08028f5ea64afc,15,1.5,f2169c3174faf2fa,8,auto_labeled_pending_review
images/val/cctv052x2004080614x00021_9c6323f1c2_f0000025_t0000002500.jpg,val,D:\Users\L1\Downloads\archive\video\cctv052x2004080614x00021.avi,9c6323f1c2fc7f27470aa3ba3e0a60d2af38459d7937b62e2e08028f5ea64afc,25,2.5,f2169a31f4fcf0f8,7,auto_labeled_pending_review
images/val/cctv052x2004080614x00021_9c6323f1c2_f0000035_t0000003500.jpg,val,D:\Users\L1\Downloads\archive\video\cctv052x2004080614x00021.avi,9c6323f1c2fc7f27470aa3ba3e0a60d2af38459d7937b62e2e08028f5ea64afc,35,3.5,f2169a3578faf3f8,8,auto_labeled_pending_review
images/val/cctv052x2004080614x00021_9c6323f1c2_f0000040_t0000004000.jpg,val,D:\Users\L1\Downloads\archive\video\cctv052x2004080614x00021.avi,9c6323f1c2fc7f27470aa3ba3e0a60d2af38459d7937b62e2e08028f5ea64afc,40,4.0,f216983179f2f0f8,6,auto_labeled_pending_review
images/val/cctv052x2004080614x00021_9c6323f1c2_f0000045_t0000004500.jpg,val,D:\Users\L1\Downloads\archive\video\cctv052x2004080614x00021.avi,9c6323f1c2fc7f27470aa3ba3e0a60d2af38459d7937b62e2e08028f5ea64afc,45,4.5,f2169a3975f8f1f9,8,auto_labeled_pending_review
images/val/cctv052x2004080614x00021_9c6323f1c2_f0000050_t0000005000.jpg,val,D:\Users\L1\Downloads\archive\video\cctv052x2004080614x00021.avi,9c6323f1c2fc7f27470aa3ba3e0a60d2af38459d7937b62e2e08028f5ea64afc,50,5.0,f216983174faf3f8,6,auto_labeled_pending_review
images/val/cctv052x2004080616x00047_1e3ee016ad_f0000000_t0000000000.jpg,val,D:\Users\L1\Downloads\archive\video\cctv052x2004080616x00047.avi,1e3ee016ad534606dc80d1019fc09dc45712401ba0d5073acb020bdf23ed6a34,0,0.0,9216be3c76f3efeb,64,auto_labeled_pending_review
images/val/cctv052x2004080616x00047_1e3ee016ad_f0000010_t0000001000.jpg,val,D:\Users\L1\Downloads\archive\video\cctv052x2004080616x00047.avi,1e3ee016ad534606dc80d1019fc09dc45712401ba0d5073acb020bdf23ed6a34,10,1.0,f296be3c76f7e2eb,7,auto_labeled_pending_review
images/val/cctv052x2004080616x00047_1e3ee016ad_f0000020_t0000002000.jpg,val,D:\Users\L1\Downloads\archive\video\cctv052x2004080616x00047.avi,1e3ee016ad534606dc80d1019fc09dc45712401ba0d5073acb020bdf23ed6a34,20,2.0,f2963e3c76eee7e1,8,auto_labeled_pending_review
images/val/cctv052x2004080616x00047_1e3ee016ad_f0000030_t0000003000.jpg,val,D:\Users\L1\Downloads\archive\video\cctv052x2004080616x00047.avi,1e3ee016ad534606dc80d1019fc09dc45712401ba0d5073acb020bdf23ed6a34,30,3.0,f296be3476efe5eb,6,auto_labeled_pending_review
images/val/cctv052x2004080616x00047_1e3ee016ad_f0000045_t0000004500.jpg,val,D:\Users\L1\Downloads\archive\video\cctv052x2004080616x00047.avi,1e3ee016ad534606dc80d1019fc09dc45712401ba0d5073acb020bdf23ed6a34,45,4.5,f296be3474e7e3e6,7,auto_labeled_pending_review
images/val/cctv052x2004080517x01656_dedc5984d3_f0000000_t0000000000.jpg,val,D:\Users\L1\Downloads\archive\video\cctv052x2004080517x01656.avi,dedc5984d3320ca2ef25671f81b164dbe40dbb81de3f316739598b5620149530,0,0.0,f5829c3471f5eceb,64,auto_labeled_pending_review
images/val/cctv052x2004080517x01656_dedc5984d3_f0000005_t0000000500.jpg,val,D:\Users\L1\Downloads\archive\video\cctv052x2004080517x01656.avi,dedc5984d3320ca2ef25671f81b164dbe40dbb81de3f316739598b5620149530,5,0.5,f29ebc3473f5e8ea,10,auto_labeled_pending_review
images/val/cctv052x2004080517x01656_dedc5984d3_f0000015_t0000001500.jpg,val,D:\Users\L1\Downloads\archive\video\cctv052x2004080517x01656.avi,dedc5984d3320ca2ef25671f81b164dbe40dbb81de3f316739598b5620149530,15,1.5,f29ebc3473ecf8e9,6,auto_labeled_pending_review
images/val/cctv052x2004080517x01656_dedc5984d3_f0000025_t0000002500.jpg,val,D:\Users\L1\Downloads\archive\video\cctv052x2004080517x01656.avi,dedc5984d3320ca2ef25671f81b164dbe40dbb81de3f316739598b5620149530,25,2.5,f29ebc3470edf9f2,8,auto_labeled_pending_review
images/val/cctv052x2004080519x01688_e2461ad86b_f0000000_t0000000000.jpg,val,D:\Users\L1\Downloads\archive\video\cctv052x2004080519x01688.avi,e2461ad86b440e834d5ddf652b837d0848925e06d4f675d0cd8bed6423bdf6d2,0,0.0,da82cce078f2f0f8,64,auto_labeled_pending_review
images/val/cctv052x2004080519x01688_e2461ad86b_f0000005_t0000000500.jpg,val,D:\Users\L1\Downloads\archive\video\cctv052x2004080519x01688.avi,e2461ad86b440e834d5ddf652b837d0848925e06d4f675d0cd8bed6423bdf6d2,5,0.5,f21e9a397cfaf0f8,17,auto_labeled_pending_review
images/val/cctv052x2004080612x00003_930aa62240_f0000000_t0000000000.jpg,val,D:\Users\L1\Downloads\archive\video\cctv052x2004080612x00003.avi,930aa622409e314f90de9d735f69cd4dd4da73f09537b40803dfc9cf3afabea3,0,0.0,65e7f0b83a7cf8fa,64,auto_labeled_pending_review
images/val/cctv052x2004080612x00003_930aa62240_f0000005_t0000000500.jpg,val,D:\Users\L1\Downloads\archive\video\cctv052x2004080612x00003.avi,930aa622409e314f90de9d735f69cd4dd4da73f09537b40803dfc9cf3afabea3,5,0.5,f616bc307cf8f9f9,22,auto_labeled_pending_review
images/val/cctv052x2004080612x00003_930aa62240_f0000010_t0000001000.jpg,val,D:\Users\L1\Downloads\archive\video\cctv052x2004080612x00003.avi,930aa622409e314f90de9d735f69cd4dd4da73f09537b40803dfc9cf3afabea3,10,1.0,f616bc3478fafbfa,6,auto_labeled_pending_review
images/val/cctv052x2004080612x00003_930aa62240_f0000015_t0000001500.jpg,val,D:\Users\L1\Downloads\archive\video\cctv052x2004080612x00003.avi,930aa622409e314f90de9d735f69cd4dd4da73f09537b40803dfc9cf3afabea3,15,1.5,f616bc3870f3f0fa,8,auto_labeled_pending_review
images/val/cctv052x2004080612x00003_930aa62240_f0000025_t0000002500.jpg,val,D:\Users\L1\Downloads\archive\video\cctv052x2004080612x00003.avi,930aa622409e314f90de9d735f69cd4dd4da73f09537b40803dfc9cf3afabea3,25,2.5,f616bc3476f4f0fa,7,auto_labeled_pending_review
images/val/cctv052x2004080612x00003_930aa62240_f0000035_t0000003500.jpg,val,D:\Users\L1\Downloads\archive\video\cctv052x2004080612x00003.avi,930aa622409e314f90de9d735f69cd4dd4da73f09537b40803dfc9cf3afabea3,35,3.5,f616b83478f9f0f2,8,auto_labeled_pending_review
images/val/cctv052x2004080612x00003_930aa62240_f0000040_t0000004000.jpg,val,D:\Users\L1\Downloads\archive\video\cctv052x2004080612x00003.avi,930aa622409e314f90de9d735f69cd4dd4da73f09537b40803dfc9cf3afabea3,40,4.0,f616bc347af6f4f9,10,auto_labeled_pending_review
images/val/cctv052x2004080612x00003_930aa62240_f0000045_t0000004500.jpg,val,D:\Users\L1\Downloads\archive\video\cctv052x2004080612x00003.avi,930aa622409e314f90de9d735f69cd4dd4da73f09537b40803dfc9cf3afabea3,45,4.5,f616bc3472f6f2fe,6,auto_labeled_pending_review
images/val/cctv052x2004080608x01852_1b0b301ce2_f0000000_t0000000000.jpg,val,D:\Users\L1\Downloads\archive\video\cctv052x2004080608x01852.avi,1b0b301ce2512253af9cc449d3ffd3b12d859708168cf5da28d6cdac328df543,0,0.0,6516983878f4f0fa,64,auto_labeled_pending_review
images/val/cctv052x2004080608x01852_1b0b301ce2_f0000005_t0000000500.jpg,val,D:\Users\L1\Downloads\archive\video\cctv052x2004080608x01852.avi,1b0b301ce2512253af9cc449d3ffd3b12d859708168cf5da28d6cdac328df543,5,0.5,f216b83874f8f8fa,11,auto_labeled_pending_review
images/val/cctv052x2004080608x01852_1b0b301ce2_f0000040_t0000004000.jpg,val,D:\Users\L1\Downloads\archive\video\cctv052x2004080608x01852.avi,1b0b301ce2512253af9cc449d3ffd3b12d859708168cf5da28d6cdac328df543,40,4.0,f216bc3474f9f9f8,6,auto_labeled_pending_review
images/val/cctv052x2004080608x01852_1b0b301ce2_f0000050_t0000005000.jpg,val,D:\Users\L1\Downloads\archive\video\cctv052x2004080608x01852.avi,1b0b301ce2512253af9cc449d3ffd3b12d859708168cf5da28d6cdac328df543,50,5.0,f216bc347afbf3fa,7,auto_labeled_pending_review
images/val/cctv052x2004080613x00010_71f3a2593e_f0000000_t0000000000.jpg,val,D:\Users\L1\Downloads\archive\video\cctv052x2004080613x00010.avi,71f3a2593e453036bb3c5c5cb05faeb248a5454bddee962f29073cc76b7db950,0,0.0,65e7f1357cf4f0f2,64,auto_labeled_pending_review
images/val/cctv052x2004080613x00010_71f3a2593e_f0000005_t0000000500.jpg,val,D:\Users\L1\Downloads\archive\video\cctv052x2004080613x00010.avi,71f3a2593e453036bb3c5c5cb05faeb248a5454bddee962f29073cc76b7db950,5,0.5,f6169c3d7cf5f5fb,20,auto_labeled_pending_review
images/val/cctv052x2004080613x00010_71f3a2593e_f0000010_t0000001000.jpg,val,D:\Users\L1\Downloads\archive\video\cctv052x2004080613x00010.avi,71f3a2593e453036bb3c5c5cb05faeb248a5454bddee962f29073cc76b7db950,10,1.0,f6169c3d78f6eaf9,9,auto_labeled_pending_review
images/val/cctv052x2004080613x00010_71f3a2593e_f0000015_t0000001500.jpg,val,D:\Users\L1\Downloads\archive\video\cctv052x2004080613x00010.avi,71f3a2593e453036bb3c5c5cb05faeb248a5454bddee962f29073cc76b7db950,15,1.5,f6169c3d72fcfafa,7,auto_labeled_pending_review
images/val/cctv052x2004080613x00010_71f3a2593e_f0000020_t0000002000.jpg,val,D:\Users\L1\Downloads\archive\video\cctv052x2004080613x00010.avi,71f3a2593e453036bb3c5c5cb05faeb248a5454bddee962f29073cc76b7db950,20,2.0,f6169c3978f2f9f8,9,auto_labeled_pending_review
images/val/cctv052x2004080613x00010_71f3a2593e_f0000025_t0000002500.jpg,val,D:\Users\L1\Downloads\archive\video\cctv052x2004080613x00010.avi,71f3a2593e453036bb3c5c5cb05faeb248a5454bddee962f29073cc76b7db950,25,2.5,f6169c3974f9f9fb,7,auto_labeled_pending_review
images/val/cctv052x2004080613x00010_71f3a2593e_f0000035_t0000003500.jpg,val,D:\Users\L1\Downloads\archive\video\cctv052x2004080613x00010.avi,71f3a2593e453036bb3c5c5cb05faeb248a5454bddee962f29073cc76b7db950,35,3.5,f6169c357af2fafa,11,auto_labeled_pending_review
images/val/cctv052x2004080613x00010_71f3a2593e_f0000045_t0000004500.jpg,val,D:\Users\L1\Downloads\archive\video\cctv052x2004080613x00010.avi,71f3a2593e453036bb3c5c5cb05faeb248a5454bddee962f29073cc76b7db950,45,4.5,f6169c3574f1f9fb,8,auto_labeled_pending_review
images/val/cctv052x2004080613x00012_4ebc680123_f0000000_t0000000000.jpg,val,D:\Users\L1\Downloads\archive\video\cctv052x2004080613x00012.avi,4ebc68012357c4a50395b3e2531ba3214c6ce63ff25be87bfda62dcdc4aec34e,0,0.0,f6169c3574f1f9fb,64,auto_labeled_pending_review
images/val/cctv052x2004080613x00012_4ebc680123_f0000020_t0000002000.jpg,val,D:\Users\L1\Downloads\archive\video\cctv052x2004080613x00012.avi,4ebc68012357c4a50395b3e2531ba3214c6ce63ff25be87bfda62dcdc4aec34e,20,2.0,f6169c3170f8fbf9,6,auto_labeled_pending_review
images/val/cctv052x2004080613x00012_4ebc680123_f0000040_t0000004000.jpg,val,D:\Users\L1\Downloads\archive\video\cctv052x2004080613x00012.avi,4ebc68012357c4a50395b3e2531ba3214c6ce63ff25be87bfda62dcdc4aec34e,40,4.0,f6169c3572f2f3fa,7,auto_labeled_pending_review
images/val/cctv052x2004080613x00012_4ebc680123_f0000045_t0000004500.jpg,val,D:\Users\L1\Downloads\archive\video\cctv052x2004080613x00012.avi,4ebc68012357c4a50395b3e2531ba3214c6ce63ff25be87bfda62dcdc4aec34e,45,4.5,f6169c3175f3f1fa,6,auto_labeled_pending_review
images/val/cctv052x2004080607x01835_346c4b8ba5_f0000000_t0000000000.jpg,val,D:\Users\L1\Downloads\archive\video\cctv052x2004080607x01835.avi,346c4b8ba5c0aaaf245ba3b19245670e9416c1423d120f5faa60939bf92d6aba,0,0.0,d6869c3178f8f0f8,64,auto_labeled_pending_review
images/val/cctv052x2004080607x01835_346c4b8ba5_f0000005_t0000000500.jpg,val,D:\Users\L1\Downloads\archive\video\cctv052x2004080607x01835.avi,346c4b8ba5c0aaaf245ba3b19245670e9416c1423d120f5faa60939bf92d6aba,5,0.5,e2169c3178f8f0fa,6,auto_labeled_pending_review
images/val/cctv052x2004080611x01904_3ef54c3142_f0000000_t0000000000.jpg,val,D:\Users\L1\Downloads\archive\video\cctv052x2004080611x01904.avi,3ef54c3142967e7a07d17ab058cc419b6735e97adcbf09ee2f46fe5e970f13bc,0,0.0,e5e0f0b97af8f8fa,64,auto_labeled_pending_review
images/val/cctv052x2004080611x01904_3ef54c3142_f0000005_t0000000500.jpg,val,D:\Users\L1\Downloads\archive\video\cctv052x2004080611x01904.avi,3ef54c3142967e7a07d17ab058cc419b6735e97adcbf09ee2f46fe5e970f13bc,5,0.5,f2569c3874f9f1f9,23,auto_labeled_pending_review
images/val/cctv052x2004080611x01904_3ef54c3142_f0000025_t0000002500.jpg,val,D:\Users\L1\Downloads\archive\video\cctv052x2004080611x01904.avi,3ef54c3142967e7a07d17ab058cc419b6735e97adcbf09ee2f46fe5e970f13bc,25,2.5,f2169c3872f2f2fb,9,auto_labeled_pending_review
images/val/cctv052x2004080611x01904_3ef54c3142_f0000035_t0000003500.jpg,val,D:\Users\L1\Downloads\archive\video\cctv052x2004080611x01904.avi,3ef54c3142967e7a07d17ab058cc419b6735e97adcbf09ee2f46fe5e970f13bc,35,3.5,f2569c3070f0f8fa,7,auto_labeled_pending_review
images/val/cctv052x2004080611x01904_3ef54c3142_f0000050_t0000005000.jpg,val,D:\Users\L1\Downloads\archive\video\cctv052x2004080611x01904.avi,3ef54c3142967e7a07d17ab058cc419b6735e97adcbf09ee2f46fe5e970f13bc,50,5.0,f2169c3070f5f5f9,8,auto_labeled_pending_review
images/val/cctv052x2004080517x01659_4b4f4bae27_f0000000_t0000000000.jpg,val,D:\Users\L1\Downloads\archive\video\cctv052x2004080517x01659.avi,4b4f4bae273cf3863edbb799a3ed64185521a4a055eb1305918484d9fa78a119,0,0.0,f48adc3473eaeb6d,64,auto_labeled_pending_review
images/val/cctv052x2004080517x01659_4b4f4bae27_f0000005_t0000000500.jpg,val,D:\Users\L1\Downloads\archive\video\cctv052x2004080517x01659.avi,4b4f4bae273cf3863edbb799a3ed64185521a4a055eb1305918484d9fa78a119,5,0.5,f2969c3473eaeb6d,6,auto_labeled_pending_review
images/val/cctv052x2004080517x01659_4b4f4bae27_f0000020_t0000002000.jpg,val,D:\Users\L1\Downloads\archive\video\cctv052x2004080517x01659.avi,4b4f4bae273cf3863edbb799a3ed64185521a4a055eb1305918484d9fa78a119,20,2.0,f2969c3472ebe36a,6,auto_labeled_pending_review
images/val/cctv052x2004080517x01659_4b4f4bae27_f0000035_t0000003500.jpg,val,D:\Users\L1\Downloads\archive\video\cctv052x2004080517x01659.avi,4b4f4bae273cf3863edbb799a3ed64185521a4a055eb1305918484d9fa78a119,35,3.5,f29e9c3472f3ec6a,7,auto_labeled_pending_review
images/val/cctv052x2004080608x01856_42abe75770_f0000000_t0000000000.jpg,val,D:\Users\L1\Downloads\archive\video\cctv052x2004080608x01856.avi,42abe75770ebe4e898ce115676e6ce2d100b76503849d6ce988943b883189a1e,0,0.0,e546983174f0f0fa,64,auto_labeled_pending_review
images/val/cctv052x2004080608x01856_42abe75770_f0000005_t0000000500.jpg,val,D:\Users\L1\Downloads\archive\video\cctv052x2004080608x01856.avi,42abe75770ebe4e898ce115676e6ce2d100b76503849d6ce988943b883189a1e,5,0.5,e2169c3174f0f1f9,9,auto_labeled_pending_review
images/val/cctv052x2004080608x01856_42abe75770_f0000015_t0000001500.jpg,val,D:\Users\L1\Downloads\archive\video\cctv052x2004080608x01856.avi,42abe75770ebe4e898ce115676e6ce2d100b76503849d6ce988943b883189a1e,15,1.5,e2169c3570f2f3fa,6,auto_labeled_pending_review
images/val/cctv052x2004080608x01856_42abe75770_f0000025_t0000002500.jpg,val,D:\Users\L1\Downloads\archive\video\cctv052x2004080608x01856.avi,42abe75770ebe4e898ce115676e6ce2d100b76503849d6ce988943b883189a1e,25,2.5,e2169c3574f4f9f9,7,auto_labeled_pending_review
images/val/cctv052x2004080608x01856_42abe75770_f0000030_t0000003000.jpg,val,D:\Users\L1\Downloads\archive\video\cctv052x2004080608x01856.avi,42abe75770ebe4e898ce115676e6ce2d100b76503849d6ce988943b883189a1e,30,3.0,e2169c3574fafafb,6,auto_labeled_pending_review
images/val/cctv052x2004080518x01670_c787b4bb5f_f0000000_t0000000000.jpg,val,D:\Users\L1\Downloads\archive\video\cctv052x2004080518x01670.avi,c787b4bb5fb427580131f0b527f26412ee7d1da585d7b70ffd7ea2fb12fdd46e,0,0.0,f482dc397cf2f8f9,64,auto_labeled_pending_review
images/val/cctv052x2004080518x01670_c787b4bb5f_f0000005_t0000000500.jpg,val,D:\Users\L1\Downloads\archive\video\cctv052x2004080518x01670.avi,c787b4bb5fb427580131f0b527f26412ee7d1da585d7b70ffd7ea2fb12fdd46e,5,0.5,f21e9e387ceaf8f9,11,auto_labeled_pending_review
images/val/cctv052x2004080518x01670_c787b4bb5f_f0000015_t0000001500.jpg,val,D:\Users\L1\Downloads\archive\video\cctv052x2004080518x01670.avi,c787b4bb5fb427580131f0b527f26412ee7d1da585d7b70ffd7ea2fb12fdd46e,15,1.5,f21e9a387cf8f2ed,7,auto_labeled_pending_review
images/val/cctv052x2004080518x01670_c787b4bb5f_f0000020_t0000002000.jpg,val,D:\Users\L1\Downloads\archive\video\cctv052x2004080518x01670.avi,c787b4bb5fb427580131f0b527f26412ee7d1da585d7b70ffd7ea2fb12fdd46e,20,2.0,f21e9a3c7cfaecfb,9,auto_labeled_pending_review
images/val/cctv052x2004080518x01670_c787b4bb5f_f0000025_t0000002500.jpg,val,D:\Users\L1\Downloads\archive\video\cctv052x2004080518x01670.avi,c787b4bb5fb427580131f0b527f26412ee7d1da585d7b70ffd7ea2fb12fdd46e,25,2.5,f21e9a3c7ce8f2f8,8,auto_labeled_pending_review
images/val/cctv052x2004080518x01670_c787b4bb5f_f0000035_t0000003500.jpg,val,D:\Users\L1\Downloads\archive\video\cctv052x2004080518x01670.avi,c787b4bb5fb427580131f0b527f26412ee7d1da585d7b70ffd7ea2fb12fdd46e,35,3.5,f21e983d7cf6f0f2,9,auto_labeled_pending_review
images/val/cctv052x2004080518x01670_c787b4bb5f_f0000040_t0000004000.jpg,val,D:\Users\L1\Downloads\archive\video\cctv052x2004080518x01670.avi,c787b4bb5fb427580131f0b527f26412ee7d1da585d7b70ffd7ea2fb12fdd46e,40,4.0,f21e983c7cf0f6f8,7,auto_labeled_pending_review
images/val/cctv052x2004080611x01900_bad070f7bd_f0000000_t0000000000.jpg,val,D:\Users\L1\Downloads\archive\video\cctv052x2004080611x01900.avi,bad070f7bdbe64325fa95b6323b160b8fecee0457d61bdf5862aaa1ad84e841c,0,0.0,e5e4f0bd7cf9f9f9,64,auto_labeled_pending_review
images/val/cctv052x2004080611x01900_bad070f7bd_f0000005_t0000000500.jpg,val,D:\Users\L1\Downloads\archive\video\cctv052x2004080611x01900.avi,bad070f7bdbe64325fa95b6323b160b8fecee0457d61bdf5862aaa1ad84e841c,5,0.5,e256bc3078f8f9f9,16,auto_labeled_pending_review
images/val/cctv052x2004080611x01900_bad070f7bd_f0000015_t0000001500.jpg,val,D:\Users\L1\Downloads\archive\video\cctv052x2004080611x01900.avi,bad070f7bdbe64325fa95b6323b160b8fecee0457d61bdf5862aaa1ad84e841c,15,1.5,e256bc3070f2fafb,6,auto_labeled_pending_review
images/val/cctv052x2004080611x01900_bad070f7bd_f0000025_t0000002500.jpg,val,D:\Users\L1\Downloads\archive\video\cctv052x2004080611x01900.avi,bad070f7bdbe64325fa95b6323b160b8fecee0457d61bdf5862aaa1ad84e841c,25,2.5,e256bc3074f4f6fe,7,auto_labeled_pending_review
images/val/cctv052x2004080611x01900_bad070f7bd_f0000030_t0000003000.jpg,val,D:\Users\L1\Downloads\archive\video\cctv052x2004080611x01900.avi,bad070f7bdbe64325fa95b6323b160b8fecee0457d61bdf5862aaa1ad84e841c,30,3.0,e256bc3074f5f9fb,7,auto_labeled_pending_review
images/val/cctv052x2004080611x01900_bad070f7bd_f0000035_t0000003500.jpg,val,D:\Users\L1\Downloads\archive\video\cctv052x2004080611x01900.avi,bad070f7bdbe64325fa95b6323b160b8fecee0457d61bdf5862aaa1ad84e841c,35,3.5,e256bc347cf9f2f2,9,auto_labeled_pending_review
images/val/cctv052x2004080611x01900_bad070f7bd_f0000040_t0000004000.jpg,val,D:\Users\L1\Downloads\archive\video\cctv052x2004080611x01900.avi,bad070f7bdbe64325fa95b6323b160b8fecee0457d61bdf5862aaa1ad84e841c,40,4.0,e256b8347af6f4f8,11,auto_labeled_pending_review
images/val/cctv052x2004080611x01900_bad070f7bd_f0000045_t0000004500.jpg,val,D:\Users\L1\Downloads\archive\video\cctv052x2004080611x01900.avi,bad070f7bdbe64325fa95b6323b160b8fecee0457d61bdf5862aaa1ad84e841c,45,4.5,e256b83472f4f9f9,6,auto_labeled_pending_review
images/val/cctv052x2004080611x01900_bad070f7bd_f0000050_t0000005000.jpg,val,D:\Users\L1\Downloads\archive\video\cctv052x2004080611x01900.avi,bad070f7bdbe64325fa95b6323b160b8fecee0457d61bdf5862aaa1ad84e841c,50,5.0,e256b83874fafafa,11,auto_labeled_pending_review
images/val/cctv052x2004080610x01878_bb3bb0021f_f0000000_t0000000000.jpg,val,D:\Users\L1\Downloads\archive\video\cctv052x2004080610x01878.avi,bb3bb0021f5d4a93f2680c4d6b79ed8dc515b4754f2807dd934406ae012e65b8,0,0.0,e5e1f0b87cfcf8fa,64,auto_labeled_pending_review
images/val/cctv052x2004080610x01878_bb3bb0021f_f0000005_t0000000500.jpg,val,D:\Users\L1\Downloads\archive\video\cctv052x2004080610x01878.avi,bb3bb0021f5d4a93f2680c4d6b79ed8dc515b4754f2807dd934406ae012e65b8,5,0.5,c61ebc3078f8f0fa,19,auto_labeled_pending_review
images/val/cctv052x2004080610x01878_bb3bb0021f_f0000025_t0000002500.jpg,val,D:\Users\L1\Downloads\archive\video\cctv052x2004080610x01878.avi,bb3bb0021f5d4a93f2680c4d6b79ed8dc515b4754f2807dd934406ae012e65b8,25,2.5,c61eb83878f4f8f8,6,auto_labeled_pending_review
images/val/cctv052x2004080610x01878_bb3bb0021f_f0000050_t0000005000.jpg,val,D:\Users\L1\Downloads\archive\video\cctv052x2004080610x01878.avi,bb3bb0021f5d4a93f2680c4d6b79ed8dc515b4754f2807dd934406ae012e65b8,50,5.0,c61ebc387af9f1f9,8,auto_labeled_pending_review
images/val/cctv052x2004080616x00046_150f8b6af1_f0000000_t0000000000.jpg,val,D:\Users\L1\Downloads\archive\video\cctv052x2004080616x00046.avi,150f8b6af12063bef11fcd9248dc287c43977d2098ff972ee055e626521b4d84,0,0.0,9214b4a939f1ecf9,64,auto_labeled_pending_review
images/val/cctv052x2004080616x00046_150f8b6af1_f0000005_t0000000500.jpg,val,D:\Users\L1\Downloads\archive\video\cctv052x2004080616x00046.avi,150f8b6af12063bef11fcd9248dc287c43977d2098ff972ee055e626521b4d84,5,0.5,f2163c387af1f5f9,14,auto_labeled_pending_review
images/val/cctv052x2004080616x00046_150f8b6af1_f0000015_t0000001500.jpg,val,D:\Users\L1\Downloads\archive\video\cctv052x2004080616x00046.avi,150f8b6af12063bef11fcd9248dc287c43977d2098ff972ee055e626521b4d84,15,1.5,f2163c3a7af5f2f2,8,auto_labeled_pending_review
images/val/cctv052x2004080616x00046_150f8b6af1_f0000025_t0000002500.jpg,val,D:\Users\L1\Downloads\archive\video\cctv052x2004080616x00046.avi,150f8b6af12063bef11fcd9248dc287c43977d2098ff972ee055e626521b4d84,25,2.5,f216bc3a7af3f4fa,6,auto_labeled_pending_review
images/val/cctv052x2004080616x00046_150f8b6af1_f0000035_t0000003500.jpg,val,D:\Users\L1\Downloads\archive\video\cctv052x2004080616x00046.avi,150f8b6af12063bef11fcd9248dc287c43977d2098ff972ee055e626521b4d84,35,3.5,f2163c3a7af0fcee,6,auto_labeled_pending_review
images/val/cctv052x2004080616x00046_150f8b6af1_f0000045_t0000004500.jpg,val,D:\Users\L1\Downloads\archive\video\cctv052x2004080616x00046.avi,150f8b6af12063bef11fcd9248dc287c43977d2098ff972ee055e626521b4d84,45,4.5,f2163c3a72fdfcf9,8,auto_labeled_pending_review
images/val/cctv052x2004080516x01649_c1b185eee5_f0000000_t0000000000.jpg,val,D:\Users\L1\Downloads\archive\video\cctv052x2004080516x01649.avi,c1b185eee5c44386b9bb46ab210eed9cd78613be85e32146962328882a6150b4,0,0.0,f29ebc3275f2f269,64,auto_labeled_pending_review
images/val/cctv052x2004080516x01649_c1b185eee5_f0000015_t0000001500.jpg,val,D:\Users\L1\Downloads\archive\video\cctv052x2004080516x01649.avi,c1b185eee5c44386b9bb46ab210eed9cd78613be85e32146962328882a6150b4,15,1.5,d29ebc327bf2ea79,7,auto_labeled_pending_review
images/val/cctv052x2004080516x01649_c1b185eee5_f0000025_t0000002500.jpg,val,D:\Users\L1\Downloads\archive\video\cctv052x2004080516x01649.avi,c1b185eee5c44386b9bb46ab210eed9cd78613be85e32146962328882a6150b4,25,2.5,d29ebc387be2f269,6,auto_labeled_pending_review
images/val/cctv052x2004080516x01649_c1b185eee5_f0000045_t0000004500.jpg,val,D:\Users\L1\Downloads\archive\video\cctv052x2004080516x01649.avi,c1b185eee5c44386b9bb46ab210eed9cd78613be85e32146962328882a6150b4,45,4.5,d29ebc307bf8ea79,7,auto_labeled_pending_review
images/val/cctv052x2004080606x01827_567d7c5c88_f0000000_t0000000000.jpg,val,D:\Users\L1\Downloads\archive\video\cctv052x2004080606x01827.avi,567d7c5c88347e995823ec62235b85e535acce77b60a07718a87bf17a745dfd9,0,0.0,f2069c3078f4fffb,64,auto_labeled_pending_review
images/val/cctv052x2004080606x01827_567d7c5c88_f0000005_t0000000500.jpg,val,D:\Users\L1\Downloads\archive\video\cctv052x2004080606x01827.avi,567d7c5c88347e995823ec62235b85e535acce77b60a07718a87bf17a745dfd9,5,0.5,f2169c307cf8f5f9,7,auto_labeled_pending_review
images/val/cctv052x2004080606x01827_567d7c5c88_f0000015_t0000001500.jpg,val,D:\Users\L1\Downloads\archive\video\cctv052x2004080606x01827.avi,567d7c5c88347e995823ec62235b85e535acce77b60a07718a87bf17a745dfd9,15,1.5,f2169c387cf2f2fa,8,auto_labeled_pending_review
images/val/cctv052x2004080606x01827_567d7c5c88_f0000025_t0000002500.jpg,val,D:\Users\L1\Downloads\archive\video\cctv052x2004080606x01827.avi,567d7c5c88347e995823ec62235b85e535acce77b60a07718a87bf17a745dfd9,25,2.5,f216983874f5f1fa,7,auto_labeled_pending_review
images/val/cctv052x2004080606x01827_567d7c5c88_f0000030_t0000003000.jpg,val,D:\Users\L1\Downloads\archive\video\cctv052x2004080606x01827.avi,567d7c5c88347e995823ec62235b85e535acce77b60a07718a87bf17a745dfd9,30,3.0,f216983474f2f0fa,6,auto_labeled_pending_review
images/val/cctv052x2004080606x01827_567d7c5c88_f0000045_t0000004500.jpg,val,D:\Users\L1\Downloads\archive\video\cctv052x2004080606x01827.avi,567d7c5c88347e995823ec62235b85e535acce77b60a07718a87bf17a745dfd9,45,4.5,f2169c3478f8f0f9,7,auto_labeled_pending_review
images/val/cctv052x2004080618x00085_b37890ea39_f0000000_t0000000000.jpg,val,D:\Users\L1\Downloads\archive\video\cctv052x2004080618x00085.avi,b37890ea39833a06289d68af44be922fb46aafd8f093eebe0f0d15f70b4f35ef,0,0.0,f6dcf07478f2f0fb,64,auto_labeled_pending_review
images/val/cctv052x2004080618x00085_b37890ea39_f0000005_t0000000500.jpg,val,D:\Users\L1\Downloads\archive\video\cctv052x2004080618x00085.avi,b37890ea39833a06289d68af44be922fb46aafd8f093eebe0f0d15f70b4f35ef,5,0.5,f28ebc307af0f9f9,14,auto_labeled_pending_review
images/val/cctv052x2004080618x00085_b37890ea39_f0000010_t0000001000.jpg,val,D:\Users\L1\Downloads\archive\video\cctv052x2004080618x00085.avi,b37890ea39833a06289d68af44be922fb46aafd8f093eebe0f0d15f70b4f35ef,10,1.0,f28ebc3874f1fafb,8,auto_labeled_pending_review
images/val/cctv052x2004080618x00085_b37890ea39_f0000015_t0000001500.jpg,val,D:\Users\L1\Downloads\archive\video\cctv052x2004080618x00085.avi,b37890ea39833a06289d68af44be922fb46aafd8f093eebe0f0d15f70b4f35ef,15,1.5,f28ebc3870f2f9f9,6,auto_labeled_pending_review
images/val/cctv052x2004080618x00085_b37890ea39_f0000030_t0000003000.jpg,val,D:\Users\L1\Downloads\archive\video\cctv052x2004080618x00085.avi,b37890ea39833a06289d68af44be922fb46aafd8f093eebe0f0d15f70b4f35ef,30,3.0,f28eb83074f4f8fb,7,auto_labeled_pending_review
images/val/cctv052x2004080618x00085_b37890ea39_f0000045_t0000004500.jpg,val,D:\Users\L1\Downloads\archive\video\cctv052x2004080618x00085.avi,b37890ea39833a06289d68af44be922fb46aafd8f093eebe0f0d15f70b4f35ef,45,4.5,f28eb83470f5f4fa,6,auto_labeled_pending_review
images/val/cctv052x2004080618x00085_b37890ea39_f0000050_t0000005000.jpg,val,D:\Users\L1\Downloads\archive\video\cctv052x2004080618x00085.avi,b37890ea39833a06289d68af44be922fb46aafd8f093eebe0f0d15f70b4f35ef,50,5.0,f28ebc3074fdf9fb,8,auto_labeled_pending_review
images/val/cctv052x2004080607x01848_3a92578ed6_f0000000_t0000000000.jpg,val,D:\Users\L1\Downloads\archive\video\cctv052x2004080607x01848.avi,3a92578ed6108793c158121e3bbeb995d18685e1b61443d1441f70bccfbcc105,0,0.0,e256bc3074f4f4f8,64,auto_labeled_pending_review
images/val/cctv052x2004080607x01848_3a92578ed6_f0000010_t0000001000.jpg,val,D:\Users\L1\Downloads\archive\video\cctv052x2004080607x01848.avi,3a92578ed6108793c158121e3bbeb995d18685e1b61443d1441f70bccfbcc105,10,1.0,e256bc347cf9f9f9,9,auto_labeled_pending_review
images/val/cctv052x2004080607x01848_3a92578ed6_f0000015_t0000001500.jpg,val,D:\Users\L1\Downloads\archive\video\cctv052x2004080607x01848.avi,3a92578ed6108793c158121e3bbeb995d18685e1b61443d1441f70bccfbcc105,15,1.5,e256bc3478fafafa,7,auto_labeled_pending_review
images/val/cctv052x2004080607x01848_3a92578ed6_f0000020_t0000002000.jpg,val,D:\Users\L1\Downloads\archive\video\cctv052x2004080607x01848.avi,3a92578ed6108793c158121e3bbeb995d18685e1b61443d1441f70bccfbcc105,20,2.0,e256bc3870f0f8f9,8,auto_labeled_pending_review
images/val/cctv052x2004080607x01848_3a92578ed6_f0000035_t0000003500.jpg,val,D:\Users\L1\Downloads\archive\video\cctv052x2004080607x01848.avi,3a92578ed6108793c158121e3bbeb995d18685e1b61443d1441f70bccfbcc105,35,3.5,e256bc3072faf8fa,6,auto_labeled_pending_review
images/val/cctv052x2004080607x01848_3a92578ed6_f0000050_t0000005000.jpg,val,D:\Users\L1\Downloads\archive\video\cctv052x2004080607x01848.avi,3a92578ed6108793c158121e3bbeb995d18685e1b61443d1441f70bccfbcc105,50,5.0,e256bc3078f8f9f9,6,auto_labeled_pending_review
images/val/cctv052x2004080608x01851_0a7d12d817_f0000000_t0000000000.jpg,val,D:\Users\L1\Downloads\archive\video\cctv052x2004080608x01851.avi,0a7d12d81701ae7ceb124e38eb34d83f2f3da0e74ee6d3f40aa3e4d04317ba9f,0,0.0,f216983072f23ffb,64,auto_labeled_pending_review
images/val/cctv052x2004080608x01851_0a7d12d817_f0000005_t0000000500.jpg,val,D:\Users\L1\Downloads\archive\video\cctv052x2004080608x01851.avi,0a7d12d81701ae7ceb124e38eb34d83f2f3da0e74ee6d3f40aa3e4d04317ba9f,5,0.5,f216983074faf6f9,8,auto_labeled_pending_review
images/val/cctv052x2004080608x01851_0a7d12d817_f0000010_t0000001000.jpg,val,D:\Users\L1\Downloads\archive\video\cctv052x2004080608x01851.avi,0a7d12d81701ae7ceb124e38eb34d83f2f3da0e74ee6d3f40aa3e4d04317ba9f,10,1.0,f2169c3070f4fafa,9,auto_labeled_pending_review
images/val/cctv052x2004080608x01851_0a7d12d817_f0000030_t0000003000.jpg,val,D:\Users\L1\Downloads\archive\video\cctv052x2004080608x01851.avi,0a7d12d81701ae7ceb124e38eb34d83f2f3da0e74ee6d3f40aa3e4d04317ba9f,30,3.0,f2169c3474f8f9f3,8,auto_labeled_pending_review
images/val/cctv052x2004080608x01851_0a7d12d817_f0000035_t0000003500.jpg,val,D:\Users\L1\Downloads\archive\video\cctv052x2004080608x01851.avi,0a7d12d81701ae7ceb124e38eb34d83f2f3da0e74ee6d3f40aa3e4d04317ba9f,35,3.5,f216bc3070f2f6fa,11,auto_labeled_pending_review
images/val/cctv052x2004080608x01851_0a7d12d817_f0000045_t0000004500.jpg,val,D:\Users\L1\Downloads\archive\video\cctv052x2004080608x01851.avi,0a7d12d81701ae7ceb124e38eb34d83f2f3da0e74ee6d3f40aa3e4d04317ba9f,45,4.5,f216bc3074f8f8fa,6,auto_labeled_pending_review
images/val/cctv052x2004080517x01663_8f999e848e_f0000000_t0000000000.jpg,val,D:\Users\L1\Downloads\archive\video\cctv052x2004080517x01663.avi,8f999e848e3707c6cae4a1b4d55751224ddb632cbb4239f2c59ee3dceddb4582,0,0.0,f69e983c74faf2e6,64,auto_labeled_pending_review
images/val/cctv052x2004080517x01663_8f999e848e_f0000010_t0000001000.jpg,val,D:\Users\L1\Downloads\archive\video\cctv052x2004080517x01663.avi,8f999e848e3707c6cae4a1b4d55751224ddb632cbb4239f2c59ee3dceddb4582,10,1.0,f21e983476f6ecfa,13,auto_labeled_pending_review
images/val/cctv052x2004080517x01663_8f999e848e_f0000020_t0000002000.jpg,val,D:\Users\L1\Downloads\archive\video\cctv052x2004080517x01663.avi,8f999e848e3707c6cae4a1b4d55751224ddb632cbb4239f2c59ee3dceddb4582,20,2.0,f21e983470ecf0f8,9,auto_labeled_pending_review
images/val/cctv052x2004080517x01663_8f999e848e_f0000025_t0000002500.jpg,val,D:\Users\L1\Downloads\archive\video\cctv052x2004080517x01663.avi,8f999e848e3707c6cae4a1b4d55751224ddb632cbb4239f2c59ee3dceddb4582,25,2.5,f21e983c74f8f0fb,6,auto_labeled_pending_review
images/val/cctv052x2004080517x01663_8f999e848e_f0000035_t0000003500.jpg,val,D:\Users\L1\Downloads\archive\video\cctv052x2004080517x01663.avi,8f999e848e3707c6cae4a1b4d55751224ddb632cbb4239f2c59ee3dceddb4582,35,3.5,f21e983474f4f0ed,6,auto_labeled_pending_review
images/val/cctv052x2004080517x01663_8f999e848e_f0000040_t0000004000.jpg,val,D:\Users\L1\Downloads\archive\video\cctv052x2004080517x01663.avi,8f999e848e3707c6cae4a1b4d55751224ddb632cbb4239f2c59ee3dceddb4582,40,4.0,f21e98307cf1ecf9,9,auto_labeled_pending_review
images/val/cctv052x2004080517x01663_8f999e848e_f0000045_t0000004500.jpg,val,D:\Users\L1\Downloads\archive\video\cctv052x2004080517x01663.avi,8f999e848e3707c6cae4a1b4d55751224ddb632cbb4239f2c59ee3dceddb4582,45,4.5,f21e98347cf9f8f6,8,auto_labeled_pending_review
images/val/cctv052x2004080517x01663_8f999e848e_f0000050_t0000005000.jpg,val,D:\Users\L1\Downloads\archive\video\cctv052x2004080517x01663.avi,8f999e848e3707c6cae4a1b4d55751224ddb632cbb4239f2c59ee3dceddb4582,50,5.0,f21e9c3478e8f4fe,7,auto_labeled_pending_review
images/val/cctv052x2004080608x01857_3fc77b1469_f0000000_t0000000000.jpg,val,D:\Users\L1\Downloads\archive\video\cctv052x2004080608x01857.avi,3fc77b146981fa483a3d12267592ac3a414184425c5cee53ff6a965017362ec0,0,0.0,e566b83c74f6f2fa,64,auto_labeled_pending_review
images/val/cctv052x2004080608x01857_3fc77b1469_f0000005_t0000000500.jpg,val,D:\Users\L1\Downloads\archive\video\cctv052x2004080608x01857.avi,3fc77b146981fa483a3d12267592ac3a414184425c5cee53ff6a965017362ec0,5,0.5,f216b83c74f4f9fb,12,auto_labeled_pending_review
images/val/cctv052x2004080608x01857_3fc77b1469_f0000015_t0000001500.jpg,val,D:\Users\L1\Downloads\archive\video\cctv052x2004080608x01857.avi,3fc77b146981fa483a3d12267592ac3a414184425c5cee53ff6a965017362ec0,15,1.5,f216bc3870f2f6fa,10,auto_labeled_pending_review
images/val/cctv052x2004080608x01857_3fc77b1469_f0000025_t0000002500.jpg,val,D:\Users\L1\Downloads\archive\video\cctv052x2004080608x01857.avi,3fc77b146981fa483a3d12267592ac3a414184425c5cee53ff6a965017362ec0,25,2.5,f216bc3074f4eafa,7,auto_labeled_pending_review
images/val/cctv052x2004080608x01857_3fc77b1469_f0000030_t0000003000.jpg,val,D:\Users\L1\Downloads\archive\video\cctv052x2004080608x01857.avi,3fc77b146981fa483a3d12267592ac3a414184425c5cee53ff6a965017362ec0,30,3.0,f216bc3074f4f5f9,7,auto_labeled_pending_review
images/val/cctv052x2004080608x01857_3fc77b1469_f0000035_t0000003500.jpg,val,D:\Users\L1\Downloads\archive\video\cctv052x2004080608x01857.avi,3fc77b146981fa483a3d12267592ac3a414184425c5cee53ff6a965017362ec0,35,3.5,f216bc347cf5fafa,9,auto_labeled_pending_review
images/val/cctv052x2004080608x01857_3fc77b1469_f0000040_t0000004000.jpg,val,D:\Users\L1\Downloads\archive\video\cctv052x2004080608x01857.avi,3fc77b146981fa483a3d12267592ac3a414184425c5cee53ff6a965017362ec0,40,4.0,f216bc347cfaf6fa,6,auto_labeled_pending_review
images/val/cctv052x2004080608x01857_3fc77b1469_f0000045_t0000004500.jpg,val,D:\Users\L1\Downloads\archive\video\cctv052x2004080608x01857.avi,3fc77b146981fa483a3d12267592ac3a414184425c5cee53ff6a965017362ec0,45,4.5,f216bc3c74f4f0fa,7,auto_labeled_pending_review
images/val/cctv052x2004080618x00089_3ece66ba97_f0000000_t0000000000.jpg,val,D:\Users\L1\Downloads\archive\video\cctv052x2004080618x00089.avi,3ece66ba9727eebd23dbf46180bd61f44fb84b90afd9bb133b4c28370925c407,0,0.0,f286b83476f2f0fb,64,auto_labeled_pending_review
images/val/cctv052x2004080618x00089_3ece66ba97_f0000015_t0000001500.jpg,val,D:\Users\L1\Downloads\archive\video\cctv052x2004080618x00089.avi,3ece66ba9727eebd23dbf46180bd61f44fb84b90afd9bb133b4c28370925c407,15,1.5,f286bc3474f9f0f9,6,auto_labeled_pending_review
images/val/cctv052x2004080618x00089_3ece66ba97_f0000020_t0000002000.jpg,val,D:\Users\L1\Downloads\archive\video\cctv052x2004080618x00089.avi,3ece66ba9727eebd23dbf46180bd61f44fb84b90afd9bb133b4c28370925c407,20,2.0,f286bc3478f0f1f3,7,auto_labeled_pending_review
images/val/cctv052x2004080618x00089_3ece66ba97_f0000030_t0000003000.jpg,val,D:\Users\L1\Downloads\archive\video\cctv052x2004080618x00089.avi,3ece66ba9727eebd23dbf46180bd61f44fb84b90afd9bb133b4c28370925c407,30,3.0,f286bc3474f5f0fb,6,auto_labeled_pending_review
images/val/cctv052x2004080618x00089_3ece66ba97_f0000035_t0000003500.jpg,val,D:\Users\L1\Downloads\archive\video\cctv052x2004080618x00089.avi,3ece66ba9727eebd23dbf46180bd61f44fb84b90afd9bb133b4c28370925c407,35,3.5,f286bc3074fcf3f2,7,auto_labeled_pending_review
images/val/cctv052x2004080618x00089_3ece66ba97_f0000040_t0000004000.jpg,val,D:\Users\L1\Downloads\archive\video\cctv052x2004080618x00089.avi,3ece66ba9727eebd23dbf46180bd61f44fb84b90afd9bb133b4c28370925c407,40,4.0,f286bc34fcf3f5fb,11,auto_labeled_pending_review
images/val/cctv052x2004080618x00089_3ece66ba97_f0000050_t0000005000.jpg,val,D:\Users\L1\Downloads\archive\video\cctv052x2004080618x00089.avi,3ece66ba9727eebd23dbf46180bd61f44fb84b90afd9bb133b4c28370925c407,50,5.0,f286bc3076f1f1fb,6,auto_labeled_pending_review
images/val/cctv052x2004080619x00099_a17ad1dd06_f0000000_t0000000000.jpg,val,D:\Users\L1\Downloads\archive\video\cctv052x2004080619x00099.avi,a17ad1dd06f7a2fc95a5fc24f86e4b86eaf416a5f3575d1ed8a4094eb3f64775,0,0.0,ea1e3c3174fcf8f8,64,auto_labeled_pending_review
images/val/cctv052x2004080619x00099_a17ad1dd06_f0000005_t0000000500.jpg,val,D:\Users\L1\Downloads\archive\video\cctv052x2004080619x00099.avi,a17ad1dd06f7a2fc95a5fc24f86e4b86eaf416a5f3575d1ed8a4094eb3f64775,5,0.5,f2063c3974f8f8f8,6,auto_labeled_pending_review
images/val/cctv052x2004080619x00099_a17ad1dd06_f0000015_t0000001500.jpg,val,D:\Users\L1\Downloads\archive\video\cctv052x2004080619x00099.avi,a17ad1dd06f7a2fc95a5fc24f86e4b86eaf416a5f3575d1ed8a4094eb3f64775,15,1.5,f206383978f4f4f9,8,auto_labeled_pending_review
images/val/cctv052x2004080619x00099_a17ad1dd06_f0000025_t0000002500.jpg,val,D:\Users\L1\Downloads\archive\video\cctv052x2004080619x00099.avi,a17ad1dd06f7a2fc95a5fc24f86e4b86eaf416a5f3575d1ed8a4094eb3f64775,25,2.5,e20638397cf8f8f8,7,auto_labeled_pending_review
images/val/cctv052x2004080619x00099_a17ad1dd06_f0000040_t0000004000.jpg,val,D:\Users\L1\Downloads\archive\video\cctv052x2004080619x00099.avi,a17ad1dd06f7a2fc95a5fc24f86e4b86eaf416a5f3575d1ed8a4094eb3f64775,40,4.0,f2063c3978f8f3fa,7,auto_labeled_pending_review
images/val/cctv052x2004080619x00099_a17ad1dd06_f0000045_t0000004500.jpg,val,D:\Users\L1\Downloads\archive\video\cctv052x2004080619x00099.avi,a17ad1dd06f7a2fc95a5fc24f86e4b86eaf416a5f3575d1ed8a4094eb3f64775,45,4.5,f2063c3979f4f0f8,6,auto_labeled_pending_review
images/val/cctv052x2004080607x01846_c40a663ed7_f0000000_t0000000000.jpg,val,D:\Users\L1\Downloads\archive\video\cctv052x2004080607x01846.avi,c40a663ed79294bc22b93b118d4dda8709ea023ba5a6fa4e89d12b68a5e25200,0,0.0,d016bc3878f9f9f9,64,auto_labeled_pending_review
images/val/cctv052x2004080607x01846_c40a663ed7_f0000010_t0000001000.jpg,val,D:\Users\L1\Downloads\archive\video\cctv052x2004080607x01846.avi,c40a663ed79294bc22b93b118d4dda8709ea023ba5a6fa4e89d12b68a5e25200,10,1.0,f216bc387afafafb,8,auto_labeled_pending_review
images/val/cctv052x2004080607x01846_c40a663ed7_f0000020_t0000002000.jpg,val,D:\Users\L1\Downloads\archive\video\cctv052x2004080607x01846.avi,c40a663ed79294bc22b93b118d4dda8709ea023ba5a6fa4e89d12b68a5e25200,20,2.0,f216bc3078f8f9f9,6,auto_labeled_pending_review
images/val/cctv052x2004080607x01846_c40a663ed7_f0000030_t0000003000.jpg,val,D:\Users\L1\Downloads\archive\video\cctv052x2004080607x01846.avi,c40a663ed79294bc22b93b118d4dda8709ea023ba5a6fa4e89d12b68a5e25200,30,3.0,f216b83070f2f8fa,7,auto_labeled_pending_review
images/val/cctv052x2004080607x01846_c40a663ed7_f0000035_t0000003500.jpg,val,D:\Users\L1\Downloads\archive\video\cctv052x2004080607x01846.avi,c40a663ed79294bc22b93b118d4dda8709ea023ba5a6fa4e89d12b68a5e25200,35,3.5,f216bc3074fcf8fb,6,auto_labeled_pending_review
images/val/cctv052x2004080616x00055_cb9d6fc038_f0000000_t0000000000.jpg,val,D:\Users\L1\Downloads\archive\video\cctv052x2004080616x00055.avi,cb9d6fc038edb374e275997f40fb81a1a6758b913e4918853381c61ea2db9f4d,0,0.0,9254a4347cf5e9f9,64,auto_labeled_pending_review
images/val/cctv052x2004080616x00055_cb9d6fc038_f0000005_t0000000500.jpg,val,D:\Users\L1\Downloads\archive\video\cctv052x2004080616x00055.avi,cb9d6fc038edb374e275997f40fb81a1a6758b913e4918853381c61ea2db9f4d,5,0.5,f286be3478fdf9fb,13,auto_labeled_pending_review
images/val/cctv052x2004080616x00055_cb9d6fc038_f0000015_t0000001500.jpg,val,D:\Users\L1\Downloads\archive\video\cctv052x2004080616x00055.avi,cb9d6fc038edb374e275997f40fb81a1a6758b913e4918853381c61ea2db9f4d,15,1.5,f286be3478fbf2f1,7,auto_labeled_pending_review
images/val/cctv052x2004080616x00055_cb9d6fc038_f0000020_t0000002000.jpg,val,D:\Users\L1\Downloads\archive\video\cctv052x2004080616x00055.avi,cb9d6fc038edb374e275997f40fb81a1a6758b913e4918853381c61ea2db9f4d,20,2.0,f286bc3c7afbf4f9,6,auto_labeled_pending_review
images/val/cctv052x2004080616x00055_cb9d6fc038_f0000030_t0000003000.jpg,val,D:\Users\L1\Downloads\archive\video\cctv052x2004080616x00055.avi,cb9d6fc038edb374e275997f40fb81a1a6758b913e4918853381c61ea2db9f4d,30,3.0,f286be3c7af3f3ee,9,auto_labeled_pending_review
images/val/cctv052x2004080616x00055_cb9d6fc038_f0000040_t0000004000.jpg,val,D:\Users\L1\Downloads\archive\video\cctv052x2004080616x00055.avi,cb9d6fc038edb374e275997f40fb81a1a6758b913e4918853381c61ea2db9f4d,40,4.0,f286be3c7afbecf9,10,auto_labeled_pending_review
images/val/cctv052x2004080616x00055_cb9d6fc038_f0000045_t0000004500.jpg,val,D:\Users\L1\Downloads\archive\video\cctv052x2004080616x00055.avi,cb9d6fc038edb374e275997f40fb81a1a6758b913e4918853381c61ea2db9f4d,45,4.5,f286bc3874fbecfb,6,auto_labeled_pending_review
images/val/cctv052x2004080618x00088_34437a38c6_f0000000_t0000000000.jpg,val,D:\Users\L1\Downloads\archive\video\cctv052x2004080618x00088.avi,34437a38c6a6c8370f1ed9aa2e033d722749291a5456aba02b987f6ee9f9c275,0,0.0,7696bc347df5e9f8,64,auto_labeled_pending_review
images/val/cctv052x2004080618x00088_34437a38c6_f0000005_t0000000500.jpg,val,D:\Users\L1\Downloads\archive\video\cctv052x2004080618x00088.avi,34437a38c6a6c8370f1ed9aa2e033d722749291a5456aba02b987f6ee9f9c275,5,0.5,f286bc3477fbf9f8,9,auto_labeled_pending_review
images/val/cctv052x2004080618x00088_34437a38c6_f0000010_t0000001000.jpg,val,D:\Users\L1\Downloads\archive\video\cctv052x2004080618x00088.avi,34437a38c6a6c8370f1ed9aa2e033d722749291a5456aba02b987f6ee9f9c275,10,1.0,f286bc3476f1f1fb,6,auto_labeled_pending_review
images/val/cctv052x2004080618x00088_34437a38c6_f0000040_t0000004000.jpg,val,D:\Users\L1\Downloads\archive\video\cctv052x2004080618x00088.avi,34437a38c6a6c8370f1ed9aa2e033d722749291a5456aba02b987f6ee9f9c275,40,4.0,f2869c3474f2f2fa,7,auto_labeled_pending_review
images/val/cctv052x2004080618x00088_34437a38c6_f0000050_t0000005000.jpg,val,D:\Users\L1\Downloads\archive\video\cctv052x2004080618x00088.avi,34437a38c6a6c8370f1ed9aa2e033d722749291a5456aba02b987f6ee9f9c275,50,5.0,f2869c3074f3f6f7,6,auto_labeled_pending_review
images/val/cctv052x2004080519x01678_7c569bb343_f0000000_t0000000000.jpg,val,D:\Users\L1\Downloads\archive\video\cctv052x2004080519x01678.avi,7c569bb343c161bb90d5a65b6fbad27f6939ce1b841a67173fbfde6ba2c672b1,0,0.0,d282cce0f1f1f1f8,64,auto_labeled_pending_review
images/val/cctv052x2004080519x01678_7c569bb343_f0000005_t0000000500.jpg,val,D:\Users\L1\Downloads\archive\video\cctv052x2004080519x01678.avi,7c569bb343c161bb90d5a65b6fbad27f6939ce1b841a67173fbfde6ba2c672b1,5,0.5,f29e9a3b7cfaf0fa,23,auto_labeled_pending_review
images/val/cctv052x2004080519x01678_7c569bb343_f0000010_t0000001000.jpg,val,D:\Users\L1\Downloads\archive\video\cctv052x2004080519x01678.avi,7c569bb343c161bb90d5a65b6fbad27f6939ce1b841a67173fbfde6ba2c672b1,10,1.0,f29e9a3b7af0f0f9,6,auto_labeled_pending_review
images/val/cctv052x2004080519x01678_7c569bb343_f0000020_t0000002000.jpg,val,D:\Users\L1\Downloads\archive\video\cctv052x2004080519x01678.avi,7c569bb343c161bb90d5a65b6fbad27f6939ce1b841a67173fbfde6ba2c672b1,20,2.0,f29e9a337df1f1f8,7,auto_labeled_pending_review
images/val/cctv052x2004080519x01678_7c569bb343_f0000030_t0000003000.jpg,val,D:\Users\L1\Downloads\archive\video\cctv052x2004080519x01678.avi,7c569bb343c161bb90d5a65b6fbad27f6939ce1b841a67173fbfde6ba2c672b1,30,3.0,f29e9e3b72f3f1f8,7,auto_labeled_pending_review
images/val/cctv052x2004080519x01678_7c569bb343_f0000035_t0000003500.jpg,val,D:\Users\L1\Downloads\archive\video\cctv052x2004080519x01678.avi,7c569bb343c161bb90d5a65b6fbad27f6939ce1b841a67173fbfde6ba2c672b1,35,3.5,f29e9a3973faf0f8,6,auto_labeled_pending_review
images/val/cctv052x2004080519x01678_7c569bb343_f0000040_t0000004000.jpg,val,D:\Users\L1\Downloads\archive\video\cctv052x2004080519x01678.avi,7c569bb343c161bb90d5a65b6fbad27f6939ce1b841a67173fbfde6ba2c672b1,40,4.0,f29e9a3d72f8f2f2,6,auto_labeled_pending_review
images/val/cctv052x2004080519x01678_7c569bb343_f0000045_t0000004500.jpg,val,D:\Users\L1\Downloads\archive\video\cctv052x2004080519x01678.avi,7c569bb343c161bb90d5a65b6fbad27f6939ce1b841a67173fbfde6ba2c672b1,45,4.5,f29e9a3578f0f6f9,8,auto_labeled_pending_review
images/val/cctv052x2004080617x00069_21c2dc4289_f0000000_t0000000000.jpg,val,D:\Users\L1\Downloads\archive\video\cctv052x2004080617x00069.avi,21c2dc42896d1d6b86be10e3aca26ed266522887a7d776c6387b9e2d6ff4f6e6,0,0.0,92169e317eecf8ea,64,auto_labeled_pending_review
images/val/cctv052x2004080617x00069_21c2dc4289_f0000005_t0000000500.jpg,val,D:\Users\L1\Downloads\archive\video\cctv052x2004080617x00069.avi,21c2dc42896d1d6b86be10e3aca26ed266522887a7d776c6387b9e2d6ff4f6e6,5,0.5,f2b6be317ce8f8ea,7,auto_labeled_pending_review
images/val/cctv052x2004080617x00069_21c2dc4289_f0000020_t0000002000.jpg,val,D:\Users\L1\Downloads\archive\video\cctv052x2004080617x00069.avi,21c2dc42896d1d6b86be10e3aca26ed266522887a7d776c6387b9e2d6ff4f6e6,20,2.0,f2b6be397de9f2e9,7,auto_labeled_pending_review
images/val/cctv052x2004080617x00069_21c2dc4289_f0000040_t0000004000.jpg,val,D:\Users\L1\Downloads\archive\video\cctv052x2004080617x00069.avi,21c2dc42896d1d6b86be10e3aca26ed266522887a7d776c6387b9e2d6ff4f6e6,40,4.0,f2b6be3d79f5f0e9,6,auto_labeled_pending_review
images/val/cctv052x2004080607x01847_2c12c70a5e_f0000000_t0000000000.jpg,val,D:\Users\L1\Downloads\archive\video\cctv052x2004080607x01847.avi,2c12c70a5ec769026b63922692b8c09ff2293f834fab82669ad2886988895237,0,0.0,c000bc3878f8f8f8,64,auto_labeled_pending_review
images/val/cctv052x2004080607x01847_2c12c70a5e_f0000005_t0000000500.jpg,val,D:\Users\L1\Downloads\archive\video\cctv052x2004080607x01847.avi,2c12c70a5ec769026b63922692b8c09ff2293f834fab82669ad2886988895237,5,0.5,d25ebc38f8f9f9fa,11,auto_labeled_pending_review
images/val/cctv052x2004080607x01847_2c12c70a5e_f0000015_t0000001500.jpg,val,D:\Users\L1\Downloads\archive\video\cctv052x2004080607x01847.avi,2c12c70a5ec769026b63922692b8c09ff2293f834fab82669ad2886988895237,15,1.5,d25ebc387af5f1f9,7,auto_labeled_pending_review
images/val/cctv052x2004080607x01847_2c12c70a5e_f0000020_t0000002000.jpg,val,D:\Users\L1\Downloads\archive\video\cctv052x2004080607x01847.avi,2c12c70a5ec769026b63922692b8c09ff2293f834fab82669ad2886988895237,20,2.0,d25eb83872f3fafa,9,auto_labeled_pending_review
images/val/cctv052x2004080607x01847_2c12c70a5e_f0000025_t0000002500.jpg,val,D:\Users\L1\Downloads\archive\video\cctv052x2004080607x01847.avi,2c12c70a5ec769026b63922692b8c09ff2293f834fab82669ad2886988895237,25,2.5,d25eb8387af6f0f9,7,auto_labeled_pending_review
images/val/cctv052x2004080607x01847_2c12c70a5e_f0000030_t0000003000.jpg,val,D:\Users\L1\Downloads\archive\video\cctv052x2004080607x01847.avi,2c12c70a5ec769026b63922692b8c09ff2293f834fab82669ad2886988895237,30,3.0,d25eb83876f0f2fa,7,auto_labeled_pending_review
images/val/cctv052x2004080607x01847_2c12c70a5e_f0000040_t0000004000.jpg,val,D:\Users\L1\Downloads\archive\video\cctv052x2004080607x01847.avi,2c12c70a5ec769026b63922692b8c09ff2293f834fab82669ad2886988895237,40,4.0,d25ebc3c74fcfcf9,10,auto_labeled_pending_review
images/val/cctv052x2004080607x01847_2c12c70a5e_f0000045_t0000004500.jpg,val,D:\Users\L1\Downloads\archive\video\cctv052x2004080607x01847.avi,2c12c70a5ec769026b63922692b8c09ff2293f834fab82669ad2886988895237,45,4.5,d25ebc3470f8fafa,7,auto_labeled_pending_review
images/val/cctv052x2004080607x01847_2c12c70a5e_f0000050_t0000005000.jpg,val,D:\Users\L1\Downloads\archive\video\cctv052x2004080607x01847.avi,2c12c70a5ec769026b63922692b8c09ff2293f834fab82669ad2886988895237,50,5.0,d25ebc3078f2f0f8,7,auto_labeled_pending_review
images/val/cctv052x2004080619x00092_157a6f208c_f0000000_t0000000000.jpg,val,D:\Users\L1\Downloads\archive\video\cctv052x2004080619x00092.avi,157a6f208c93ca5751e74a6c4d5f2191c69999469c6a8b4603145c3ddf7b4aeb,0,0.0,2a869c347cfcecea,64,auto_labeled_pending_review
images/val/cctv052x2004080619x00092_157a6f208c_f0000005_t0000000500.jpg,val,D:\Users\L1\Downloads\archive\video\cctv052x2004080619x00092.avi,157a6f208c93ca5751e74a6c4d5f2191c69999469c6a8b4603145c3ddf7b4aeb,5,0.5,f2869c3c7cfcf9f9,11,auto_labeled_pending_review
images/val/cctv052x2004080619x00092_157a6f208c_f0000010_t0000001000.jpg,val,D:\Users\L1\Downloads\archive\video\cctv052x2004080619x00092.avi,157a6f208c93ca5751e74a6c4d5f2191c69999469c6a8b4603145c3ddf7b4aeb,10,1.0,f2869c3478f9fbfb,6,auto_labeled_pending_review
images/val/cctv052x2004080619x00092_157a6f208c_f0000020_t0000002000.jpg,val,D:\Users\L1\Downloads\archive\video\cctv052x2004080619x00092.avi,157a6f208c93ca5751e74a6c4d5f2191c69999469c6a8b4603145c3ddf7b4aeb,20,2.0,f2869c387afcf8eb,8,auto_labeled_pending_review
images/val/cctv052x2004080619x00092_157a6f208c_f0000025_t0000002500.jpg,val,D:\Users\L1\Downloads\archive\video\cctv052x2004080619x00092.avi,157a6f208c93ca5751e74a6c4d5f2191c69999469c6a8b4603145c3ddf7b4aeb,25,2.5,f2869c3874f9f9f9,8,auto_labeled_pending_review
images/val/cctv052x2004080619x00092_157a6f208c_f0000030_t0000003000.jpg,val,D:\Users\L1\Downloads\archive\video\cctv052x2004080619x00092.avi,157a6f208c93ca5751e74a6c4d5f2191c69999469c6a8b4603145c3ddf7b4aeb,30,3.0,f2869c3078f9fbfa,6,auto_labeled_pending_review
images/val/cctv052x2004080619x00092_157a6f208c_f0000035_t0000003500.jpg,val,D:\Users\L1\Downloads\archive\video\cctv052x2004080619x00092.avi,157a6f208c93ca5751e74a6c4d5f2191c69999469c6a8b4603145c3ddf7b4aeb,35,3.5,f2869c3478faf9ff,6,auto_labeled_pending_review
images/val/cctv052x2004080619x00092_157a6f208c_f0000040_t0000004000.jpg,val,D:\Users\L1\Downloads\archive\video\cctv052x2004080619x00092.avi,157a6f208c93ca5751e74a6c4d5f2191c69999469c6a8b4603145c3ddf7b4aeb,40,4.0,f2869c3074f9fafb,8,auto_labeled_pending_review
images/val/cctv052x2004080619x00092_157a6f208c_f0000045_t0000004500.jpg,val,D:\Users\L1\Downloads\archive\video\cctv052x2004080619x00092.avi,157a6f208c93ca5751e74a6c4d5f2191c69999469c6a8b4603145c3ddf7b4aeb,45,4.5,f2869c3876fcfcfb,6,auto_labeled_pending_review
images/val/cctv052x2004080619x00092_157a6f208c_f0000050_t0000005000.jpg,val,D:\Users\L1\Downloads\archive\video\cctv052x2004080619x00092.avi,157a6f208c93ca5751e74a6c4d5f2191c69999469c6a8b4603145c3ddf7b4aeb,50,5.0,f2869c3478fcf4fb,6,auto_labeled_pending_review
images/val/cctv052x2004080615x00031_9cf1d4eaa8_f0000000_t0000000000.jpg,val,D:\Users\L1\Downloads\archive\video\cctv052x2004080615x00031.avi,9cf1d4eaa8b825659e4dbe179f65e23225e9f7c3f23ff1647484789a7e8a7f76,0,0.0,9312be3379fae8fb,64,auto_labeled_pending_review
images/val/cctv052x2004080615x00031_9cf1d4eaa8_f0000005_t0000000500.jpg,val,D:\Users\L1\Downloads\archive\video\cctv052x2004080615x00031.avi,9cf1d4eaa8b825659e4dbe179f65e23225e9f7c3f23ff1647484789a7e8a7f76,5,0.5,e6069e3378faf9f2,13,auto_labeled_pending_review
images/val/cctv052x2004080615x00031_9cf1d4eaa8_f0000015_t0000001500.jpg,val,D:\Users\L1\Downloads\archive\video\cctv052x2004080615x00031.avi,9cf1d4eaa8b825659e4dbe179f65e23225e9f7c3f23ff1647484789a7e8a7f76,15,1.5,e6069e3b7cf8f1fb,6,auto_labeled_pending_review
images/val/cctv052x2004080615x00031_9cf1d4eaa8_f0000025_t0000002500.jpg,val,D:\Users\L1\Downloads\archive\video\cctv052x2004080615x00031.avi,9cf1d4eaa8b825659e4dbe179f65e23225e9f7c3f23ff1647484789a7e8a7f76,25,2.5,e6069e3b7cf1f8e9,6,auto_labeled_pending_review
images/val/cctv052x2004080615x00031_9cf1d4eaa8_f0000035_t0000003500.jpg,val,D:\Users\L1\Downloads\archive\video\cctv052x2004080615x00031.avi,9cf1d4eaa8b825659e4dbe179f65e23225e9f7c3f23ff1647484789a7e8a7f76,35,3.5,e6069e3978f1f1fb,6,auto_labeled_pending_review
images/val/cctv052x2004080615x00031_9cf1d4eaa8_f0000045_t0000004500.jpg,val,D:\Users\L1\Downloads\archive\video\cctv052x2004080615x00031.avi,9cf1d4eaa8b825659e4dbe179f65e23225e9f7c3f23ff1647484789a7e8a7f76,45,4.5,e6069e397af3faf9,6,auto_labeled_pending_review
images/val/cctv052x2004080519x01679_544edc4927_f0000000_t0000000000.jpg,val,D:\Users\L1\Downloads\archive\video\cctv052x2004080519x01679.avi,544edc4927d25ba50a051b9996aed28bf083f7e435c6a5ffbdae08efe13f5a49,0,0.0,d2829a3378f2eaf9,64,auto_labeled_pending_review
images/val/cctv052x2004080519x01679_544edc4927_f0000005_t0000000500.jpg,val,D:\Users\L1\Downloads\archive\video\cctv052x2004080519x01679.avi,544edc4927d25ba50a051b9996aed28bf083f7e435c6a5ffbdae08efe13f5a49,5,0.5,f28e98337cecf0f8,13,auto_labeled_pending_review
images/val/cctv052x2004080519x01679_544edc4927_f0000015_t0000001500.jpg,val,D:\Users\L1\Downloads\archive\video\cctv052x2004080519x01679.avi,544edc4927d25ba50a051b9996aed28bf083f7e435c6a5ffbdae08efe13f5a49,15,1.5,f28e9a3d79f0f0f8,9,auto_labeled_pending_review
images/val/cctv052x2004080519x01679_544edc4927_f0000020_t0000002000.jpg,val,D:\Users\L1\Downloads\archive\video\cctv052x2004080519x01679.avi,544edc4927d25ba50a051b9996aed28bf083f7e435c6a5ffbdae08efe13f5a49,20,2.0,f29e9a3d7af8f0fb,6,auto_labeled_pending_review
images/val/cctv052x2004080519x01679_544edc4927_f0000025_t0000002500.jpg,val,D:\Users\L1\Downloads\archive\video\cctv052x2004080519x01679.avi,544edc4927d25ba50a051b9996aed28bf083f7e435c6a5ffbdae08efe13f5a49,25,2.5,f28e9a3579f8f0f8,6,auto_labeled_pending_review
images/val/cctv052x2004080519x01679_544edc4927_f0000030_t0000003000.jpg,val,D:\Users\L1\Downloads\archive\video\cctv052x2004080519x01679.avi,544edc4927d25ba50a051b9996aed28bf083f7e435c6a5ffbdae08efe13f5a49,30,3.0,f29e9a3978f0f1f9,7,auto_labeled_pending_review
images/val/cctv052x2004080519x01679_544edc4927_f0000035_t0000003500.jpg,val,D:\Users\L1\Downloads\archive\video\cctv052x2004080519x01679.avi,544edc4927d25ba50a051b9996aed28bf083f7e435c6a5ffbdae08efe13f5a49,35,3.5,f29e9a3b7cfaf0f8,6,auto_labeled_pending_review
images/val/cctv052x2004080616x00054_2201736152_f0000000_t0000000000.jpg,val,D:\Users\L1\Downloads\archive\video\cctv052x2004080616x00054.avi,220173615271b6bed257eaf326e9e3ea17bee30ecdfb980c06a4451425cae538,0,0.0,9254bc3c72fbf2f3,64,auto_labeled_pending_review
images/val/cctv052x2004080616x00054_2201736152_f0000005_t0000000500.jpg,val,D:\Users\L1\Downloads\archive\video\cctv052x2004080616x00054.avi,220173615271b6bed257eaf326e9e3ea17bee30ecdfb980c06a4451425cae538,5,0.5,f286bc3c7af3f2f3,8,auto_labeled_pending_review
images/val/cctv052x2004080616x00054_2201736152_f0000015_t0000001500.jpg,val,D:\Users\L1\Downloads\archive\video\cctv052x2004080616x00054.avi,220173615271b6bed257eaf326e9e3ea17bee30ecdfb980c06a4451425cae538,15,1.5,f286bc347af6f4fb,6,auto_labeled_pending_review
images/val/cctv052x2004080616x00054_2201736152_f0000020_t0000002000.jpg,val,D:\Users\L1\Downloads\archive\video\cctv052x2004080616x00054.avi,220173615271b6bed257eaf326e9e3ea17bee30ecdfb980c06a4451425cae538,20,2.0,f286be347af4f9f3,6,auto_labeled_pending_review
images/val/cctv052x2004080616x00054_2201736152_f0000025_t0000002500.jpg,val,D:\Users\L1\Downloads\archive\video\cctv052x2004080616x00054.avi,220173615271b6bed257eaf326e9e3ea17bee30ecdfb980c06a4451425cae538,25,2.5,f286be3c76f4f7fb,7,auto_labeled_pending_review
images/val/cctv052x2004080616x00054_2201736152_f0000035_t0000003500.jpg,val,D:\Users\L1\Downloads\archive\video\cctv052x2004080616x00054.avi,220173615271b6bed257eaf326e9e3ea17bee30ecdfb980c06a4451425cae538,35,3.5,f286bc3874fff2fa,9,auto_labeled_pending_review
images/val/cctv052x2004080616x00054_2201736152_f0000045_t0000004500.jpg,val,D:\Users\L1\Downloads\archive\video\cctv052x2004080616x00054.avi,220173615271b6bed257eaf326e9e3ea17bee30ecdfb980c06a4451425cae538,45,4.5,f286bc3c7efef2f9,6,auto_labeled_pending_review
images/val/cctv052x2004080616x00054_2201736152_f0000050_t0000005000.jpg,val,D:\Users\L1\Downloads\archive\video\cctv052x2004080616x00054.avi,220173615271b6bed257eaf326e9e3ea17bee30ecdfb980c06a4451425cae538,50,5.0,f286bc3c7ef5f1fb,6,auto_labeled_pending_review
images/val/cctv052x2004080516x01639_89319e2c9a_f0000000_t0000000000.jpg,val,D:\Users\L1\Downloads\archive\video\cctv052x2004080516x01639.avi,89319e2c9a5744044f3ab176344b8f6d8327a522a92a09822893bcb7daf8b2a6,0,0.0,d18accf075faf2ec,64,auto_labeled_pending_review
images/val/cctv052x2004080516x01639_89319e2c9a_f0000005_t0000000500.jpg,val,D:\Users\L1\Downloads\archive\video\cctv052x2004080516x01639.avi,89319e2c9a5744044f3ab176344b8f6d8327a522a92a09822893bcb7daf8b2a6,5,0.5,f29ebc3074faeef8,16,auto_labeled_pending_review
images/val/cctv052x2004080516x01639_89319e2c9a_f0000010_t0000001000.jpg,val,D:\Users\L1\Downloads\archive\video\cctv052x2004080516x01639.avi,89319e2c9a5744044f3ab176344b8f6d8327a522a92a09822893bcb7daf8b2a6,10,1.0,f29ebc3c7cf6e8f8,7,auto_labeled_pending_review
images/val/cctv052x2004080516x01639_89319e2c9a_f0000015_t0000001500.jpg,val,D:\Users\L1\Downloads\archive\video\cctv052x2004080516x01639.avi,89319e2c9a5744044f3ab176344b8f6d8327a522a92a09822893bcb7daf8b2a6,15,1.5,f29ebc3c78ecf9fa,7,auto_labeled_pending_review
images/val/cctv052x2004080516x01639_89319e2c9a_f0000020_t0000002000.jpg,val,D:\Users\L1\Downloads\archive\video\cctv052x2004080516x01639.avi,89319e2c9a5744044f3ab176344b8f6d8327a522a92a09822893bcb7daf8b2a6,20,2.0,f29ebc3474e9f8fc,8,auto_labeled_pending_review
images/val/cctv052x2004080516x01639_89319e2c9a_f0000025_t0000002500.jpg,val,D:\Users\L1\Downloads\archive\video\cctv052x2004080516x01639.avi,89319e2c9a5744044f3ab176344b8f6d8327a522a92a09822893bcb7daf8b2a6,25,2.5,f29ebc3874f9f9e9,7,auto_labeled_pending_review
images/val/cctv052x2004080516x01639_89319e2c9a_f0000040_t0000004000.jpg,val,D:\Users\L1\Downloads\archive\video\cctv052x2004080516x01639.avi,89319e2c9a5744044f3ab176344b8f6d8327a522a92a09822893bcb7daf8b2a6,40,4.0,f29ebc3478f3ebfb,10,auto_labeled_pending_review
images/val/cctv052x2004080516x01639_89319e2c9a_f0000050_t0000005000.jpg,val,D:\Users\L1\Downloads\archive\video\cctv052x2004080516x01639.avi,89319e2c9a5744044f3ab176344b8f6d8327a522a92a09822893bcb7daf8b2a6,50,5.0,f29ebc3472f3f6f9,7,auto_labeled_pending_review
images/val/cctv052x2004080617x00068_d153280713_f0000000_t0000000000.jpg,val,D:\Users\L1\Downloads\archive\video\cctv052x2004080617x00068.avi,d153280713208d2ed6415794624c312bc527da5827a4032993751251e5f327e6,0,0.0,9316bc3373f9e8e9,64,auto_labeled_pending_review
images/val/cctv052x2004080617x00068_d153280713_f0000010_t0000001000.jpg,val,D:\Users\L1\Downloads\archive\video\cctv052x2004080617x00068.avi,d153280713208d2ed6415794624c312bc527da5827a4032993751251e5f327e6,10,1.0,f2b6bc337bf9e9eb,8,auto_labeled_pending_review
images/val/cctv052x2004080617x00068_d153280713_f0000030_t0000003000.jpg,val,D:\Users\L1\Downloads\archive\video\cctv052x2004080617x00068.avi,d153280713208d2ed6415794624c312bc527da5827a4032993751251e5f327e6,30,3.0,f2b6bc3372f9e8f8,6,auto_labeled_pending_review
images/val/cctv052x2004080617x00068_d153280713_f0000045_t0000004500.jpg,val,D:\Users\L1\Downloads\archive\video\cctv052x2004080617x00068.avi,d153280713208d2ed6415794624c312bc527da5827a4032993751251e5f327e6,45,4.5,f2b6bc3279e8f9fa,9,auto_labeled_pending_review
images/val/cctv052x2004080606x01831_2d6dd9b944_f0000000_t0000000000.jpg,val,D:\Users\L1\Downloads\archive\video\cctv052x2004080606x01831.avi,2d6dd9b944ab71cbd29e037385444d17a57f303cac8e96be5e0f3ec1f5592ba7,0,0.0,d68a9c3878faf8f8,64,auto_labeled_pending_review
images/val/cctv052x2004080606x01831_2d6dd9b944_f0000005_t0000000500.jpg,val,D:\Users\L1\Downloads\archive\video\cctv052x2004080606x01831.avi,2d6dd9b944ab71cbd29e037385444d17a57f303cac8e96be5e0f3ec1f5592ba7,5,0.5,f2169c3874f0f3f3,16,auto_labeled_pending_review
images/val/cctv052x2004080606x01831_2d6dd9b944_f0000010_t0000001000.jpg,val,D:\Users\L1\Downloads\archive\video\cctv052x2004080606x01831.avi,2d6dd9b944ab71cbd29e037385444d17a57f303cac8e96be5e0f3ec1f5592ba7,10,1.0,f2169c3874f2f6f8,6,auto_labeled_pending_review
images/val/cctv052x2004080606x01831_2d6dd9b944_f0000015_t0000001500.jpg,val,D:\Users\L1\Downloads\archive\video\cctv052x2004080606x01831.avi,2d6dd9b944ab71cbd29e037385444d17a57f303cac8e96be5e0f3ec1f5592ba7,15,1.5,f2169c3074f5f1f8,7,auto_labeled_pending_review
images/val/cctv052x2004080606x01831_2d6dd9b944_f0000025_t0000002500.jpg,val,D:\Users\L1\Downloads\archive\video\cctv052x2004080606x01831.avi,2d6dd9b944ab71cbd29e037385444d17a57f303cac8e96be5e0f3ec1f5592ba7,25,2.5,f2169c3478f8f0fa,8,auto_labeled_pending_review
images/val/cctv052x2004080612x00006_6d3f6d2591_f0000000_t0000000000.jpg,val,D:\Users\L1\Downloads\archive\video\cctv052x2004080612x00006.avi,6d3f6d25916302159a01f45a0761d0108e06d338549c0c31a28e53206dc4db84,0,0.0,e5e7f03c74f8f9f9,64,auto_labeled_pending_review
images/val/cctv052x2004080612x00006_6d3f6d2591_f0000005_t0000000500.jpg,val,D:\Users\L1\Downloads\archive\video\cctv052x2004080612x00006.avi,6d3f6d25916302159a01f45a0761d0108e06d338549c0c31a28e53206dc4db84,5,0.5,e65eb83474f1f9f1,13,auto_labeled_pending_review
images/val/cctv052x2004080612x00006_6d3f6d2591_f0000010_t0000001000.jpg,val,D:\Users\L1\Downloads\archive\video\cctv052x2004080612x00006.avi,6d3f6d25916302159a01f45a0761d0108e06d338549c0c31a28e53206dc4db84,10,1.0,e65eb83470f3f2fb,7,auto_labeled_pending_review
images/val/cctv052x2004080612x00006_6d3f6d2591_f0000015_t0000001500.jpg,val,D:\Users\L1\Downloads\archive\video\cctv052x2004080612x00006.avi,6d3f6d25916302159a01f45a0761d0108e06d338549c0c31a28e53206dc4db84,15,1.5,e65eb83072f6f0fa,6,auto_labeled_pending_review
images/val/cctv052x2004080612x00006_6d3f6d2591_f0000025_t0000002500.jpg,val,D:\Users\L1\Downloads\archive\video\cctv052x2004080612x00006.avi,6d3f6d25916302159a01f45a0761d0108e06d338549c0c31a28e53206dc4db84,25,2.5,e656bc3074f5f5fa,8,auto_labeled_pending_review
images/val/cctv052x2004080612x00006_6d3f6d2591_f0000030_t0000003000.jpg,val,D:\Users\L1\Downloads\archive\video\cctv052x2004080612x00006.avi,6d3f6d25916302159a01f45a0761d0108e06d338549c0c31a28e53206dc4db84,30,3.0,e656b83074f4f8f9,7,auto_labeled_pending_review
images/val/cctv052x2004080612x00006_6d3f6d2591_f0000035_t0000003500.jpg,val,D:\Users\L1\Downloads\archive\video\cctv052x2004080612x00006.avi,6d3f6d25916302159a01f45a0761d0108e06d338549c0c31a28e53206dc4db84,35,3.5,e656b83472fafbfa,10,auto_labeled_pending_review
images/val/cctv052x2004080612x00006_6d3f6d2591_f0000040_t0000004000.jpg,val,D:\Users\L1\Downloads\archive\video\cctv052x2004080612x00006.avi,6d3f6d25916302159a01f45a0761d0108e06d338549c0c31a28e53206dc4db84,40,4.0,e656b8307afbf5f8,7,auto_labeled_pending_review
images/val/cctv052x2004080612x00006_6d3f6d2591_f0000045_t0000004500.jpg,val,D:\Users\L1\Downloads\archive\video\cctv052x2004080612x00006.avi,6d3f6d25916302159a01f45a0761d0108e06d338549c0c31a28e53206dc4db84,45,4.5,e656bc3078f2f1f3,8,auto_labeled_pending_review
images/val/cctv052x2004080612x00006_6d3f6d2591_f0000050_t0000005000.jpg,val,D:\Users\L1\Downloads\archive\video\cctv052x2004080612x00006.avi,6d3f6d25916302159a01f45a0761d0108e06d338549c0c31a28e53206dc4db84,50,5.0,e656bc3076f2f2fa,7,auto_labeled_pending_review
images/val/cctv052x2004080609x01875_ebe49ad4e8_f0000000_t0000000000.jpg,val,D:\Users\L1\Downloads\archive\video\cctv052x2004080609x01875.avi,ebe49ad4e83d581a51484c79405316412fa5e77a1a5e42c2c3a09a8d7dd6bc26,0,0.0,e5e1f0b8f5f5f8fa,64,auto_labeled_pending_review
images/val/cctv052x2004080609x01875_ebe49ad4e8_f0000005_t0000000500.jpg,val,D:\Users\L1\Downloads\archive\video\cctv052x2004080609x01875.avi,ebe49ad4e83d581a51484c79405316412fa5e77a1a5e42c2c3a09a8d7dd6bc26,5,0.5,e6169c317ef1f8fa,21,auto_labeled_pending_review
images/val/cctv052x2004080609x01875_ebe49ad4e8_f0000015_t0000001500.jpg,val,D:\Users\L1\Downloads\archive\video\cctv052x2004080609x01875.avi,ebe49ad4e83d581a51484c79405316412fa5e77a1a5e42c2c3a09a8d7dd6bc26,15,1.5,e6169c3874f9f9f9,8,auto_labeled_pending_review
images/val/cctv052x2004080609x01875_ebe49ad4e8_f0000020_t0000002000.jpg,val,D:\Users\L1\Downloads\archive\video\cctv052x2004080609x01875.avi,ebe49ad4e83d581a51484c79405316412fa5e77a1a5e42c2c3a09a8d7dd6bc26,20,2.0,e616983d78f2f8fa,11,auto_labeled_pending_review
images/val/cctv052x2004080609x01875_ebe49ad4e8_f0000025_t0000002500.jpg,val,D:\Users\L1\Downloads\archive\video\cctv052x2004080609x01875.avi,ebe49ad4e83d581a51484c79405316412fa5e77a1a5e42c2c3a09a8d7dd6bc26,25,2.5,f6169c3570f0f9fb,7,auto_labeled_pending_review
images/val/cctv052x2004080609x01875_ebe49ad4e8_f0000045_t0000004500.jpg,val,D:\Users\L1\Downloads\archive\video\cctv052x2004080609x01875.avi,ebe49ad4e83d581a51484c79405316412fa5e77a1a5e42c2c3a09a8d7dd6bc26,45,4.5,d6169c3174f8f8fa,6,auto_labeled_pending_review
images/val/cctv052x2004080520x01695_fdcf0bb259_f0000000_t0000000000.jpg,val,D:\Users\L1\Downloads\archive\video\cctv052x2004080520x01695.avi,fdcf0bb2592a723c366581c7cec5dfd6170faedaf71ea72b29e35541991d5206,0,0.0,f21e983978faf0f8,64,auto_labeled_pending_review
images/val/cctv052x2004080609x01867_218389b6f9_f0000000_t0000000000.jpg,val,D:\Users\L1\Downloads\archive\video\cctv052x2004080609x01867.avi,218389b6f9f133c8b2b692ddab6e05bba77901ad10df08a1706aaab3a1480996,0,0.0,65e5f0b474f0fafa,64,auto_labeled_pending_review
images/val/cctv052x2004080609x01867_218389b6f9_f0000005_t0000000500.jpg,val,D:\Users\L1\Downloads\archive\video\cctv052x2004080609x01867.avi,218389b6f9f133c8b2b692ddab6e05bba77901ad10df08a1706aaab3a1480996,5,0.5,e616b83070f2f0fa,17,auto_labeled_pending_review
images/val/cctv052x2004080619x00095_8008cd8fe4_f0000000_t0000000000.jpg,val,D:\Users\L1\Downloads\archive\video\cctv052x2004080619x00095.avi,8008cd8fe41ac6bbd9e7cc779c48217994d0328de95531173cf6ab40fd792638,0,0.0,2a9cbc3978f8f0f9,64,auto_labeled_pending_review
images/val/cctv052x2004080619x00095_8008cd8fe4_f0000005_t0000000500.jpg,val,D:\Users\L1\Downloads\archive\video\cctv052x2004080619x00095.avi,8008cd8fe41ac6bbd9e7cc779c48217994d0328de95531173cf6ab40fd792638,5,0.5,f2969c3978f8f1ff,10,auto_labeled_pending_review
images/val/cctv052x2004080619x00095_8008cd8fe4_f0000010_t0000001000.jpg,val,D:\Users\L1\Downloads\archive\video\cctv052x2004080619x00095.avi,8008cd8fe41ac6bbd9e7cc779c48217994d0328de95531173cf6ab40fd792638,10,1.0,f2969c3978fafafa,6,auto_labeled_pending_review
images/val/cctv052x2004080619x00095_8008cd8fe4_f0000015_t0000001500.jpg,val,D:\Users\L1\Downloads\archive\video\cctv052x2004080619x00095.avi,8008cd8fe41ac6bbd9e7cc779c48217994d0328de95531173cf6ab40fd792638,15,1.5,f2969c3974fcf8f8,6,auto_labeled_pending_review
images/val/cctv052x2004080619x00095_8008cd8fe4_f0000020_t0000002000.jpg,val,D:\Users\L1\Downloads\archive\video\cctv052x2004080619x00095.avi,8008cd8fe41ac6bbd9e7cc779c48217994d0328de95531173cf6ab40fd792638,20,2.0,f2969c397cf8f3fb,7,auto_labeled_pending_review
images/val/cctv052x2004080619x00095_8008cd8fe4_f0000025_t0000002500.jpg,val,D:\Users\L1\Downloads\archive\video\cctv052x2004080619x00095.avi,8008cd8fe41ac6bbd9e7cc779c48217994d0328de95531173cf6ab40fd792638,25,2.5,f2969c357cfef2f1,7,auto_labeled_pending_review
images/val/cctv052x2004080619x00095_8008cd8fe4_f0000030_t0000003000.jpg,val,D:\Users\L1\Downloads\archive\video\cctv052x2004080619x00095.avi,8008cd8fe41ac6bbd9e7cc779c48217994d0328de95531173cf6ab40fd792638,30,3.0,f2969c3d7cf4f3fb,6,auto_labeled_pending_review
images/val/cctv052x2004080619x00095_8008cd8fe4_f0000050_t0000005000.jpg,val,D:\Users\L1\Downloads\archive\video\cctv052x2004080619x00095.avi,8008cd8fe41ac6bbd9e7cc779c48217994d0328de95531173cf6ab40fd792638,50,5.0,f2969c3974faf0fa,8,auto_labeled_pending_review
images/val/cctv052x2004080615x00032_933000bb6c_f0000000_t0000000000.jpg,val,D:\Users\L1\Downloads\archive\video\cctv052x2004080615x00032.avi,933000bb6c075507a85c2b8d7bb0d4d6e14ee4bc2696fee2e1d97f1465657e9b,0,0.0,9212a50d19e5f6f8,64,auto_labeled_pending_review
images/val/cctv052x2004080615x00032_933000bb6c_f0000005_t0000000500.jpg,val,D:\Users\L1\Downloads\archive\video\cctv052x2004080615x00032.avi,933000bb6c075507a85c2b8d7bb0d4d6e14ee4bc2696fee2e1d97f1465657e9b,5,0.5,d2169c307af5f8f9,20,auto_labeled_pending_review
images/val/cctv052x2004080615x00032_933000bb6c_f0000015_t0000001500.jpg,val,D:\Users\L1\Downloads\archive\video\cctv052x2004080615x00032.avi,933000bb6c075507a85c2b8d7bb0d4d6e14ee4bc2696fee2e1d97f1465657e9b,15,1.5,d2169c307afaf9fa,7,auto_labeled_pending_review
images/val/cctv052x2004080615x00032_933000bb6c_f0000030_t0000003000.jpg,val,D:\Users\L1\Downloads\archive\video\cctv052x2004080615x00032.avi,933000bb6c075507a85c2b8d7bb0d4d6e14ee4bc2696fee2e1d97f1465657e9b,30,3.0,d2169c3a7af1fcf9,9,auto_labeled_pending_review
images/val/cctv052x2004080615x00032_933000bb6c_f0000040_t0000004000.jpg,val,D:\Users\L1\Downloads\archive\video\cctv052x2004080615x00032.avi,933000bb6c075507a85c2b8d7bb0d4d6e14ee4bc2696fee2e1d97f1465657e9b,40,4.0,d2169c3872f5f1eb,8,auto_labeled_pending_review
images/val/cctv052x2004080615x00032_933000bb6c_f0000050_t0000005000.jpg,val,D:\Users\L1\Downloads\archive\video\cctv052x2004080615x00032.avi,933000bb6c075507a85c2b8d7bb0d4d6e14ee4bc2696fee2e1d97f1465657e9b,50,5.0,d2169c3872f1eafb,6,auto_labeled_pending_review
images/val/cctv052x2004080613x00018_b381416782_f0000000_t0000000000.jpg,val,D:\Users\L1\Downloads\archive\video\cctv052x2004080613x00018.avi,b3814167829bc29fdb818a25220b0cea157202d648754e6f891d0cdfbce0cf3e,0,0.0,e1e7f1bc7af4f1fb,64,auto_labeled_pending_review
images/val/cctv052x2004080613x00018_b381416782_f0000005_t0000000500.jpg,val,D:\Users\L1\Downloads\archive\video\cctv052x2004080613x00018.avi,b3814167829bc29fdb818a25220b0cea157202d648754e6f891d0cdfbce0cf3e,5,0.5,f2069c3978f5f3fb,18,auto_labeled_pending_review
images/val/cctv052x2004080613x00018_b381416782_f0000015_t0000001500.jpg,val,D:\Users\L1\Downloads\archive\video\cctv052x2004080613x00018.avi,b3814167829bc29fdb818a25220b0cea157202d648754e6f891d0cdfbce0cf3e,15,1.5,f2069c3976fafafa,10,auto_labeled_pending_review
images/val/cctv052x2004080613x00018_b381416782_f0000025_t0000002500.jpg,val,D:\Users\L1\Downloads\archive\video\cctv052x2004080613x00018.avi,b3814167829bc29fdb818a25220b0cea157202d648754e6f891d0cdfbce0cf3e,25,2.5,f2069c3d7cf4e9fb,10,auto_labeled_pending_review
images/val/cctv052x2004080613x00018_b381416782_f0000030_t0000003000.jpg,val,D:\Users\L1\Downloads\archive\video\cctv052x2004080613x00018.avi,b3814167829bc29fdb818a25220b0cea157202d648754e6f891d0cdfbce0cf3e,30,3.0,f2069c3d7dfaf8ec,10,auto_labeled_pending_review
images/val/cctv052x2004080613x00018_b381416782_f0000035_t0000003500.jpg,val,D:\Users\L1\Downloads\archive\video\cctv052x2004080613x00018.avi,b3814167829bc29fdb818a25220b0cea157202d648754e6f891d0cdfbce0cf3e,35,3.5,f2069c3d78faf9fb,7,auto_labeled_pending_review
images/val/cctv052x2004080613x00018_b381416782_f0000040_t0000004000.jpg,val,D:\Users\L1\Downloads\archive\video\cctv052x2004080613x00018.avi,b3814167829bc29fdb818a25220b0cea157202d648754e6f891d0cdfbce0cf3e,40,4.0,f2069c397cfaf0f6,7,auto_labeled_pending_review
images/val/cctv052x2004080613x00018_b381416782_f0000045_t0000004500.jpg,val,D:\Users\L1\Downloads\archive\video\cctv052x2004080613x00018.avi,b3814167829bc29fdb818a25220b0cea157202d648754e6f891d0cdfbce0cf3e,45,4.5,f2069c397cf5f9fa,8,auto_labeled_pending_review
images/val/cctv052x2004080613x00018_b381416782_f0000050_t0000005000.jpg,val,D:\Users\L1\Downloads\archive\video\cctv052x2004080613x00018.avi,b3814167829bc29fdb818a25220b0cea157202d648754e6f891d0cdfbce0cf3e,50,5.0,f2069c397df8f8f9,7,auto_labeled_pending_review
images/val/cctv052x2004080615x00039_cc63828975_f0000000_t0000000000.jpg,val,D:\Users\L1\Downloads\archive\video\cctv052x2004080615x00039.avi,cc63828975b49ca8b4cd67c1a07e7cb06dd53340889e086c34648934b3d31d9c,0,0.0,f2169e3774f2fafb,64,auto_labeled_pending_review
images/val/cctv052x2004080615x00039_cc63828975_f0000010_t0000001000.jpg,val,D:\Users\L1\Downloads\archive\video\cctv052x2004080615x00039.avi,cc63828975b49ca8b4cd67c1a07e7cb06dd53340889e086c34648934b3d31d9c,10,1.0,fe169e3f76fef8fa,8,auto_labeled_pending_review
images/val/cctv052x2004080615x00039_cc63828975_f0000020_t0000002000.jpg,val,D:\Users\L1\Downloads\archive\video\cctv052x2004080615x00039.avi,cc63828975b49ca8b4cd67c1a07e7cb06dd53340889e086c34648934b3d31d9c,20,2.0,fe169e3576fdf4f9,8,auto_labeled_pending_review
images/val/cctv052x2004080615x00039_cc63828975_f0000025_t0000002500.jpg,val,D:\Users\L1\Downloads\archive\video\cctv052x2004080615x00039.avi,cc63828975b49ca8b4cd67c1a07e7cb06dd53340889e086c34648934b3d31d9c,25,2.5,fe169e357cf5f8f8,6,auto_labeled_pending_review
images/val/cctv052x2004080615x00039_cc63828975_f0000035_t0000003500.jpg,val,D:\Users\L1\Downloads\archive\video\cctv052x2004080615x00039.avi,cc63828975b49ca8b4cd67c1a07e7cb06dd53340889e086c34648934b3d31d9c,35,3.5,fe169e357ff1f2f3,8,auto_labeled_pending_review
images/val/cctv052x2004080615x00039_cc63828975_f0000040_t0000004000.jpg,val,D:\Users\L1\Downloads\archive\video\cctv052x2004080615x00039.avi,cc63828975b49ca8b4cd67c1a07e7cb06dd53340889e086c34648934b3d31d9c,40,4.0,fe169e357af9f7f9,7,auto_labeled_pending_review
images/val/cctv052x2004080615x00039_cc63828975_f0000045_t0000004500.jpg,val,D:\Users\L1\Downloads\archive\video\cctv052x2004080615x00039.avi,cc63828975b49ca8b4cd67c1a07e7cb06dd53340889e086c34648934b3d31d9c,45,4.5,fe169e3d7af5f6fa,6,auto_labeled_pending_review
images/val/cctv052x2004080615x00039_cc63828975_f0000050_t0000005000.jpg,val,D:\Users\L1\Downloads\archive\video\cctv052x2004080615x00039.avi,cc63828975b49ca8b4cd67c1a07e7cb06dd53340889e086c34648934b3d31d9c,50,5.0,fe169e3c7af4faf9,6,auto_labeled_pending_review
images/val/cctv052x2004080519x01689_afb1d48770_f0000000_t0000000000.jpg,val,D:\Users\L1\Downloads\archive\video\cctv052x2004080519x01689.avi,afb1d48770e8fe3cb6204aeba8441af4ab37d1b351726cf2ed44c31c8c5f4a68,0,0.0,529e98397af1f0f8,64,auto_labeled_pending_review
images/val/cctv052x2004080519x01689_afb1d48770_f0000015_t0000001500.jpg,val,D:\Users\L1\Downloads\archive\video\cctv052x2004080519x01689.avi,afb1d48770e8fe3cb6204aeba8441af4ab37d1b351726cf2ed44c31c8c5f4a68,15,1.5,f21e983972f4f0f9,7,auto_labeled_pending_review
images/val/cctv052x2004080519x01689_afb1d48770_f0000025_t0000002500.jpg,val,D:\Users\L1\Downloads\archive\video\cctv052x2004080519x01689.avi,afb1d48770e8fe3cb6204aeba8441af4ab37d1b351726cf2ed44c31c8c5f4a68,25,2.5,f21e983379f8f0f5,9,auto_labeled_pending_review
images/val/cctv052x2004080519x01689_afb1d48770_f0000030_t0000003000.jpg,val,D:\Users\L1\Downloads\archive\video\cctv052x2004080519x01689.avi,afb1d48770e8fe3cb6204aeba8441af4ab37d1b351726cf2ed44c31c8c5f4a68,30,3.0,f21e9c397cf8e8f8,10,auto_labeled_pending_review
images/val/cctv052x2004080519x01689_afb1d48770_f0000050_t0000005000.jpg,val,D:\Users\L1\Downloads\archive\video\cctv052x2004080519x01689.avi,afb1d48770e8fe3cb6204aeba8441af4ab37d1b351726cf2ed44c31c8c5f4a68,50,5.0,f21e9a3978f9f0f8,6,auto_labeled_pending_review
images/val/cctv052x2004080611x01906_c06c9e35ad_f0000000_t0000000000.jpg,val,D:\Users\L1\Downloads\archive\video\cctv052x2004080611x01906.avi,c06c9e35adab70cc9773d55df8607429133c63a2882945689b205030cb159112,0,0.0,e2169c3878f8fbfb,64,auto_labeled_pending_review
images/val/cctv052x2004080611x01906_c06c9e35ad_f0000010_t0000001000.jpg,val,D:\Users\L1\Downloads\archive\video\cctv052x2004080611x01906.avi,c06c9e35adab70cc9773d55df8607429133c63a2882945689b205030cb159112,10,1.0,f2169c3872f6f8fa,9,auto_labeled_pending_review
images/val/cctv052x2004080611x01906_c06c9e35ad_f0000020_t0000002000.jpg,val,D:\Users\L1\Downloads\archive\video\cctv052x2004080611x01906.avi,c06c9e35adab70cc9773d55df8607429133c63a2882945689b205030cb159112,20,2.0,f2169c3474f9f0f2,10,auto_labeled_pending_review
images/val/cctv052x2004080611x01906_c06c9e35ad_f0000025_t0000002500.jpg,val,D:\Users\L1\Downloads\archive\video\cctv052x2004080611x01906.avi,c06c9e35adab70cc9773d55df8607429133c63a2882945689b205030cb159112,25,2.5,f2169c3478f4f4f8,8,auto_labeled_pending_review
images/val/cctv052x2004080611x01906_c06c9e35ad_f0000035_t0000003500.jpg,val,D:\Users\L1\Downloads\archive\video\cctv052x2004080611x01906.avi,c06c9e35adab70cc9773d55df8607429133c63a2882945689b205030cb159112,35,3.5,f2169c3078f8f8fa,6,auto_labeled_pending_review
images/val/cctv052x2004080620x00106_c572cc6065_f0000000_t0000000000.jpg,val,D:\Users\L1\Downloads\archive\video\cctv052x2004080620x00106.avi,c572cc60654ef821d8e36af69c77f48de8d9957b9376b61421387bc0636f8b46,0,0.0,2a9cf8a3d2faf2f8,64,auto_labeled_pending_review
images/val/cctv052x2004080620x00106_c572cc6065_f0000005_t0000000500.jpg,val,D:\Users\L1\Downloads\archive\video\cctv052x2004080620x00106.avi,c572cc60654ef821d8e36af69c77f48de8d9957b9376b61421387bc0636f8b46,5,0.5,f2169c3178f8f9f8,21,auto_labeled_pending_review
images/val/cctv052x2004080620x00106_c572cc6065_f0000015_t0000001500.jpg,val,D:\Users\L1\Downloads\archive\video\cctv052x2004080620x00106.avi,c572cc60654ef821d8e36af69c77f48de8d9957b9376b61421387bc0636f8b46,15,1.5,f2969c3970f1f9f9,6,auto_labeled_pending_review
images/val/cctv052x2004080620x00106_c572cc6065_f0000020_t0000002000.jpg,val,D:\Users\L1\Downloads\archive\video\cctv052x2004080620x00106.avi,c572cc60654ef821d8e36af69c77f48de8d9957b9376b61421387bc0636f8b46,20,2.0,f2969a3179faf9f9,8,auto_labeled_pending_review
images/val/cctv052x2004080620x00106_c572cc6065_f0000035_t0000003500.jpg,val,D:\Users\L1\Downloads\archive\video\cctv052x2004080620x00106.avi,c572cc60654ef821d8e36af69c77f48de8d9957b9376b61421387bc0636f8b46,35,3.5,f2969a3174f8f0f9,6,auto_labeled_pending_review
images/val/cctv052x2004080620x00106_c572cc6065_f0000040_t0000004000.jpg,val,D:\Users\L1\Downloads\archive\video\cctv052x2004080620x00106.avi,c572cc60654ef821d8e36af69c77f48de8d9957b9376b61421387bc0636f8b46,40,4.0,f296983174fcfbfa,7,auto_labeled_pending_review
images/val/cctv052x2004080620x00106_c572cc6065_f0000045_t0000004500.jpg,val,D:\Users\L1\Downloads\archive\video\cctv052x2004080620x00106.avi,c572cc60654ef821d8e36af69c77f48de8d9957b9376b61421387bc0636f8b46,45,4.5,f2969a3578faf4f8,11,auto_labeled_pending_review
images/val/cctv052x2004080620x00106_c572cc6065_f0000050_t0000005000.jpg,val,D:\Users\L1\Downloads\archive\video\cctv052x2004080620x00106.avi,c572cc60654ef821d8e36af69c77f48de8d9957b9376b61421387bc0636f8b46,50,5.0,f2169a3179f4f9f8,9,auto_labeled_pending_review
images/test/cctv052x2004080612x01910_f5f0d3b5ec_f0000000_t0000000000.jpg,test,D:\Users\L1\Downloads\archive\video\cctv052x2004080612x01910.avi,f5f0d3b5ecc300b7a26f1b315b596132243e4d20fde806e5c376d495e3f8f77f,0,0.0,e5e1f0bd78f8f8fb,64,auto_labeled_pending_review
images/test/cctv052x2004080612x01910_f5f0d3b5ec_f0000005_t0000000500.jpg,test,D:\Users\L1\Downloads\archive\video\cctv052x2004080612x01910.avi,f5f0d3b5ecc300b7a26f1b315b596132243e4d20fde806e5c376d495e3f8f77f,5,0.5,fa369c3478f8f8fa,19,auto_labeled_pending_review
images/test/cctv052x2004080612x01910_f5f0d3b5ec_f0000025_t0000002500.jpg,test,D:\Users\L1\Downloads\archive\video\cctv052x2004080612x01910.avi,f5f0d3b5ecc300b7a26f1b315b596132243e4d20fde806e5c376d495e3f8f77f,25,2.5,fa369c3878f9f2fb,6,auto_labeled_pending_review
images/test/cctv052x2004080612x01910_f5f0d3b5ec_f0000040_t0000004000.jpg,test,D:\Users\L1\Downloads\archive\video\cctv052x2004080612x01910.avi,f5f0d3b5ecc300b7a26f1b315b596132243e4d20fde806e5c376d495e3f8f77f,40,4.0,fa369c3874fcfafa,6,auto_labeled_pending_review
images/test/cctv052x2004080610x01891_6d6ff1cc1f_f0000000_t0000000000.jpg,test,D:\Users\L1\Downloads\archive\video\cctv052x2004080610x01891.avi,6d6ff1cc1ff9cae66870b261e4ee6d588d35507e99dc83db0b0a1c00a7bc9193,0,0.0,65e7f0b87e3b7ffa,64,auto_labeled_pending_review
images/test/cctv052x2004080610x01891_6d6ff1cc1f_f0000005_t0000000500.jpg,test,D:\Users\L1\Downloads\archive\video\cctv052x2004080610x01891.avi,6d6ff1cc1ff9cae66870b261e4ee6d588d35507e99dc83db0b0a1c00a7bc9193,5,0.5,f2169c3474f7f0fb,29,auto_labeled_pending_review
images/test/cctv052x2004080610x01891_6d6ff1cc1f_f0000015_t0000001500.jpg,test,D:\Users\L1\Downloads\archive\video\cctv052x2004080610x01891.avi,6d6ff1cc1ff9cae66870b261e4ee6d588d35507e99dc83db0b0a1c00a7bc9193,15,1.5,f2169c3474faf6fa,6,auto_labeled_pending_review
images/test/cctv052x2004080610x01891_6d6ff1cc1f_f0000030_t0000003000.jpg,test,D:\Users\L1\Downloads\archive\video\cctv052x2004080610x01891.avi,6d6ff1cc1ff9cae66870b261e4ee6d588d35507e99dc83db0b0a1c00a7bc9193,30,3.0,f2169c347cf0f8fa,6,auto_labeled_pending_review
images/test/cctv052x2004080610x01891_6d6ff1cc1f_f0000045_t0000004500.jpg,test,D:\Users\L1\Downloads\archive\video\cctv052x2004080610x01891.avi,6d6ff1cc1ff9cae66870b261e4ee6d588d35507e99dc83db0b0a1c00a7bc9193,45,4.5,f2169c3078f2f2f9,7,auto_labeled_pending_review
images/test/cctv052x2004080610x01891_6d6ff1cc1f_f0000050_t0000005000.jpg,test,D:\Users\L1\Downloads\archive\video\cctv052x2004080610x01891.avi,6d6ff1cc1ff9cae66870b261e4ee6d588d35507e99dc83db0b0a1c00a7bc9193,50,5.0,f2169c3874f4f3fb,7,auto_labeled_pending_review
images/test/cctv052x2004080520x01699_c5f45f34f5_f0000000_t0000000000.jpg,test,D:\Users\L1\Downloads\archive\video\cctv052x2004080520x01699.avi,c5f45f34f5fe072571f7070e8104ce092b7049b8db335231473243db21be075f,0,0.0,f61e983978faf0f8,64,auto_labeled_pending_review
images/test/cctv052x2004080520x01694_b980f17563_f0000000_t0000000000.jpg,test,D:\Users\L1\Downloads\archive\video\cctv052x2004080520x01694.avi,b980f17563553c8625da2bba1fdb94bbe201e63b773c5c337ee4a862e8ce4dcd,0,0.0,f21e983979f5f1f8,64,auto_labeled_pending_review
images/test/cctv052x2004080520x01694_b980f17563_f0000010_t0000001000.jpg,test,D:\Users\L1\Downloads\archive\video\cctv052x2004080520x01694.avi,b980f17563553c8625da2bba1fdb94bbe201e63b773c5c337ee4a862e8ce4dcd,10,1.0,f21e983976f0f1f9,7,auto_labeled_pending_review
images/test/cctv052x2004080520x01694_b980f17563_f0000015_t0000001500.jpg,test,D:\Users\L1\Downloads\archive\video\cctv052x2004080520x01694.avi,b980f17563553c8625da2bba1fdb94bbe201e63b773c5c337ee4a862e8ce4dcd,15,1.5,f21e983974f1f2fa,6,auto_labeled_pending_review
images/test/cctv052x2004080520x01694_b980f17563_f0000020_t0000002000.jpg,test,D:\Users\L1\Downloads\archive\video\cctv052x2004080520x01694.avi,b980f17563553c8625da2bba1fdb94bbe201e63b773c5c337ee4a862e8ce4dcd,20,2.0,f21e983178f0f4f8,7,auto_labeled_pending_review
images/test/cctv052x2004080520x01694_b980f17563_f0000045_t0000004500.jpg,test,D:\Users\L1\Downloads\archive\video\cctv052x2004080520x01694.avi,b980f17563553c8625da2bba1fdb94bbe201e63b773c5c337ee4a862e8ce4dcd,45,4.5,f21e9e3b78f8f0f8,6,auto_labeled_pending_review
images/test/cctv052x2004080517x01662_5b68f7f111_f0000000_t0000000000.jpg,test,D:\Users\L1\Downloads\archive\video\cctv052x2004080517x01662.avi,5b68f7f1110d6e7812008fb040b3abe3792aae8d9cc525d1dd121b7e2fa0703c,0,0.0,f486dce479e5fafa,64,auto_labeled_pending_review
images/test/cctv052x2004080517x01662_5b68f7f111_f0000005_t0000000500.jpg,test,D:\Users\L1\Downloads\archive\video\cctv052x2004080517x01662.avi,5b68f7f1110d6e7812008fb040b3abe3792aae8d9cc525d1dd121b7e2fa0703c,5,0.5,f29e9c3a75e5f2f9,16,auto_labeled_pending_review
images/test/cctv052x2004080517x01662_5b68f7f111_f0000020_t0000002000.jpg,test,D:\Users\L1\Downloads\archive\video\cctv052x2004080517x01662.avi,5b68f7f1110d6e7812008fb040b3abe3792aae8d9cc525d1dd121b7e2fa0703c,20,2.0,f29e9c3a75f1f5fa,7,auto_labeled_pending_review
images/test/cctv052x2004080517x01662_5b68f7f111_f0000030_t0000003000.jpg,test,D:\Users\L1\Downloads\archive\video\cctv052x2004080517x01662.avi,5b68f7f1110d6e7812008fb040b3abe3792aae8d9cc525d1dd121b7e2fa0703c,30,3.0,f29e9c3275f5f8ea,6,auto_labeled_pending_review
images/test/cctv052x2004080516x01645_639fc91a3b_f0000000_t0000000000.jpg,test,D:\Users\L1\Downloads\archive\video\cctv052x2004080516x01645.avi,639fc91a3bcd9b61df415860080a43d98ad23a62000112d1d7d87c44a809d453,0,0.0,de9fbc387cf6fa79,64,auto_labeled_pending_review
images/test/cctv052x2004080516x01645_639fc91a3b_f0000005_t0000000500.jpg,test,D:\Users\L1\Downloads\archive\video\cctv052x2004080516x01645.avi,639fc91a3bcd9b61df415860080a43d98ad23a62000112d1d7d87c44a809d453,5,0.5,d29fbc387cf2eb7a,7,auto_labeled_pending_review
images/test/cctv052x2004080516x01645_639fc91a3b_f0000010_t0000001000.jpg,test,D:\Users\L1\Downloads\archive\video\cctv052x2004080516x01645.avi,639fc91a3bcd9b61df415860080a43d98ad23a62000112d1d7d87c44a809d453,10,1.0,d29fbc387cf1fa64,8,auto_labeled_pending_review
images/test/cctv052x2004080516x01645_639fc91a3b_f0000015_t0000001500.jpg,test,D:\Users\L1\Downloads\archive\video\cctv052x2004080516x01645.avi,639fc91a3bcd9b61df415860080a43d98ad23a62000112d1d7d87c44a809d453,15,1.5,d29fbc387df3f16d,7,auto_labeled_pending_review
images/test/cctv052x2004080516x01645_639fc91a3b_f0000020_t0000002000.jpg,test,D:\Users\L1\Downloads\archive\video\cctv052x2004080516x01645.avi,639fc91a3bcd9b61df415860080a43d98ad23a62000112d1d7d87c44a809d453,20,2.0,f29fbc3874f1e97b,9,auto_labeled_pending_review
images/test/cctv052x2004080516x01645_639fc91a3b_f0000025_t0000002500.jpg,test,D:\Users\L1\Downloads\archive\video\cctv052x2004080516x01645.avi,639fc91a3bcd9b61df415860080a43d98ad23a62000112d1d7d87c44a809d453,25,2.5,d297bc3872e9fa7a,10,auto_labeled_pending_review
images/test/cctv052x2004080516x01645_639fc91a3b_f0000030_t0000003000.jpg,test,D:\Users\L1\Downloads\archive\video\cctv052x2004080516x01645.avi,639fc91a3bcd9b61df415860080a43d98ad23a62000112d1d7d87c44a809d453,30,3.0,d297bc3876ebf179,7,auto_labeled_pending_review
images/test/cctv052x2004080516x01645_639fc91a3b_f0000035_t0000003500.jpg,test,D:\Users\L1\Downloads\archive\video\cctv052x2004080516x01645.avi,639fc91a3bcd9b61df415860080a43d98ad23a62000112d1d7d87c44a809d453,35,3.5,d297bc3872f9f165,6,auto_labeled_pending_review
images/test/cctv052x2004080516x01645_639fc91a3b_f0000045_t0000004500.jpg,test,D:\Users\L1\Downloads\archive\video\cctv052x2004080516x01645.avi,639fc91a3bcd9b61df415860080a43d98ad23a62000112d1d7d87c44a809d453,45,4.5,d297bc3272fbeb7b,10,auto_labeled_pending_review
images/test/cctv052x2004080516x01646_be0b5c318d_f0000000_t0000000000.jpg,test,D:\Users\L1\Downloads\archive\video\cctv052x2004080516x01646.avi,be0b5c318d6f1066269ee07720ddff9ebb2e178274de9982c7f50a83131bb09f,0,0.0,d29fbc30747f7f7b,64,auto_labeled_pending_review
images/test/cctv052x2004080516x01646_be0b5c318d_f0000005_t0000000500.jpg,test,D:\Users\L1\Downloads\archive\video\cctv052x2004080516x01646.avi,be0b5c318d6f1066269ee07720ddff9ebb2e178274de9982c7f50a83131bb09f,5,0.5,d29fbc3076f1f26b,10,auto_labeled_pending_review
images/test/cctv052x2004080516x01646_be0b5c318d_f0000025_t0000002500.jpg,test,D:\Users\L1\Downloads\archive\video\cctv052x2004080516x01646.avi,be0b5c318d6f1066269ee07720ddff9ebb2e178274de9982c7f50a83131bb09f,25,2.5,d29fbc3276fbfb6a,6,auto_labeled_pending_review
images/test/cctv052x2004080609x01869_040e054049_f0000000_t0000000000.jpg,test,D:\Users\L1\Downloads\archive\video\cctv052x2004080609x01869.avi,040e054049cdad5cd1089d7b0486aac8f26baed16505ee60196b74a6b45f95be,0,0.0,65e5f0b87e7ef8fa,64,auto_labeled_pending_review
images/test/cctv052x2004080609x01869_040e054049_f0000005_t0000000500.jpg,test,D:\Users\L1\Downloads\archive\video\cctv052x2004080609x01869.avi,040e054049cdad5cd1089d7b0486aac8f26baed16505ee60196b74a6b45f95be,5,0.5,e616983574f8f9fa,22,auto_labeled_pending_review
images/test/cctv052x2004080609x01869_040e054049_f0000015_t0000001500.jpg,test,D:\Users\L1\Downloads\archive\video\cctv052x2004080609x01869.avi,040e054049cdad5cd1089d7b0486aac8f26baed16505ee60196b74a6b45f95be,15,1.5,e616983570f0f5f9,6,auto_labeled_pending_review
images/test/cctv052x2004080609x01869_040e054049_f0000020_t0000002000.jpg,test,D:\Users\L1\Downloads\archive\video\cctv052x2004080609x01869.avi,040e054049cdad5cd1089d7b0486aac8f26baed16505ee60196b74a6b45f95be,20,2.0,e6169c3178f3f3fa,9,auto_labeled_pending_review
images/test/cctv052x2004080609x01869_040e054049_f0000030_t0000003000.jpg,test,D:\Users\L1\Downloads\archive\video\cctv052x2004080609x01869.avi,040e054049cdad5cd1089d7b0486aac8f26baed16505ee60196b74a6b45f95be,30,3.0,e6169c3176f4f0fa,8,auto_labeled_pending_review
images/test/cctv052x2004080609x01869_040e054049_f0000035_t0000003500.jpg,test,D:\Users\L1\Downloads\archive\video\cctv052x2004080609x01869.avi,040e054049cdad5cd1089d7b0486aac8f26baed16505ee60196b74a6b45f95be,35,3.5,e616bc3574f5f8f9,7,auto_labeled_pending_review
images/test/cctv052x2004080609x01869_040e054049_f0000040_t0000004000.jpg,test,D:\Users\L1\Downloads\archive\video\cctv052x2004080609x01869.avi,040e054049cdad5cd1089d7b0486aac8f26baed16505ee60196b74a6b45f95be,40,4.0,e616b83574f0fbf3,7,auto_labeled_pending_review
images/test/cctv052x2004080612x00007_d4aa8d08d9_f0000000_t0000000000.jpg,test,D:\Users\L1\Downloads\archive\video\cctv052x2004080612x00007.avi,d4aa8d08d98d470e3266901fa742b78594af0fc15b05ef8b5cb0dd5af586722b,0,0.0,65e7f13074f0f3fa,64,auto_labeled_pending_review
images/test/cctv052x2004080612x00007_d4aa8d08d9_f0000005_t0000000500.jpg,test,D:\Users\L1\Downloads\archive\video\cctv052x2004080612x00007.avi,d4aa8d08d98d470e3266901fa742b78594af0fc15b05ef8b5cb0dd5af586722b,5,0.5,e616bc3474f2f1f8,16,auto_labeled_pending_review
images/test/cctv052x2004080612x00007_d4aa8d08d9_f0000020_t0000002000.jpg,test,D:\Users\L1\Downloads\archive\video\cctv052x2004080612x00007.avi,d4aa8d08d98d470e3266901fa742b78594af0fc15b05ef8b5cb0dd5af586722b,20,2.0,e616b83472f3f9fb,7,auto_labeled_pending_review
images/test/cctv052x2004080612x00007_d4aa8d08d9_f0000025_t0000002500.jpg,test,D:\Users\L1\Downloads\archive\video\cctv052x2004080612x00007.avi,d4aa8d08d98d470e3266901fa742b78594af0fc15b05ef8b5cb0dd5af586722b,25,2.5,e616b83072f6f4fd,8,auto_labeled_pending_review
images/test/cctv052x2004080612x00007_d4aa8d08d9_f0000030_t0000003000.jpg,test,D:\Users\L1\Downloads\archive\video\cctv052x2004080612x00007.avi,d4aa8d08d98d470e3266901fa742b78594af0fc15b05ef8b5cb0dd5af586722b,30,3.0,e616983072f6fafa,7,auto_labeled_pending_review
images/test/cctv052x2004080612x00007_d4aa8d08d9_f0000035_t0000003500.jpg,test,D:\Users\L1\Downloads\archive\video\cctv052x2004080612x00007.avi,d4aa8d08d98d470e3266901fa742b78594af0fc15b05ef8b5cb0dd5af586722b,35,3.5,e61698307efaf8e9,8,auto_labeled_pending_review
images/test/cctv052x2004080612x00007_d4aa8d08d9_f0000040_t0000004000.jpg,test,D:\Users\L1\Downloads\archive\video\cctv052x2004080612x00007.avi,d4aa8d08d98d470e3266901fa742b78594af0fc15b05ef8b5cb0dd5af586722b,40,4.0,f61698307cf8f3fa,9,auto_labeled_pending_review
images/test/cctv052x2004080612x00007_d4aa8d08d9_f0000045_t0000004500.jpg,test,D:\Users\L1\Downloads\archive\video\cctv052x2004080612x00007.avi,d4aa8d08d98d470e3266901fa742b78594af0fc15b05ef8b5cb0dd5af586722b,45,4.5,f61698347cf6f4fa,7,auto_labeled_pending_review
images/test/cctv052x2004080517x01661_f70dd2b8e9_f0000000_t0000000000.jpg,test,D:\Users\L1\Downloads\archive\video\cctv052x2004080517x01661.avi,f70dd2b8e90382956234b8d1aefa18ed6ba30e4d1ccd1ad76b2bc3fe0acd0a8a,0,0.0,c486cc367ff5f9c9,64,auto_labeled_pending_review
images/test/cctv052x2004080517x01661_f70dd2b8e9_f0000005_t0000000500.jpg,test,D:\Users\L1\Downloads\archive\video\cctv052x2004080517x01661.avi,f70dd2b8e90382956234b8d1aefa18ed6ba30e4d1ccd1ad76b2bc3fe0acd0a8a,5,0.5,f29ebe367ff1f94d,13,auto_labeled_pending_review
images/test/cctv052x2004080517x01661_f70dd2b8e9_f0000015_t0000001500.jpg,test,D:\Users\L1\Downloads\archive\video\cctv052x2004080517x01661.avi,f70dd2b8e90382956234b8d1aefa18ed6ba30e4d1ccd1ad76b2bc3fe0acd0a8a,15,1.5,f29ebe3677f3dd4a,7,auto_labeled_pending_review
images/test/cctv052x2004080517x01661_f70dd2b8e9_f0000025_t0000002500.jpg,test,D:\Users\L1\Downloads\archive\video\cctv052x2004080517x01661.avi,f70dd2b8e90382956234b8d1aefa18ed6ba30e4d1ccd1ad76b2bc3fe0acd0a8a,25,2.5,f29e9e3677f3ca7a,7,auto_labeled_pending_review
images/test/cctv052x2004080517x01661_f70dd2b8e9_f0000035_t0000003500.jpg,test,D:\Users\L1\Downloads\archive\video\cctv052x2004080517x01661.avi,f70dd2b8e90382956234b8d1aefa18ed6ba30e4d1ccd1ad76b2bc3fe0acd0a8a,35,3.5,f29ebe3275fbca71,7,auto_labeled_pending_review
images/test/cctv052x2004080517x01661_f70dd2b8e9_f0000045_t0000004500.jpg,test,D:\Users\L1\Downloads\archive\video\cctv052x2004080517x01661.avi,f70dd2b8e90382956234b8d1aefa18ed6ba30e4d1ccd1ad76b2bc3fe0acd0a8a,45,4.5,f29ebe3272dbec79,8,auto_labeled_pending_review
images/test/cctv052x2004080611x01902_9115b1d108_f0000000_t0000000000.jpg,test,D:\Users\L1\Downloads\archive\video\cctv052x2004080611x01902.avi,9115b1d10811cccb8e1e976fa6690943f39add025dec991b6eff029240ab4d76,0,0.0,65e0b8387af0f6f8,64,auto_labeled_pending_review
images/test/cctv052x2004080611x01902_9115b1d108_f0000005_t0000000500.jpg,test,D:\Users\L1\Downloads\archive\video\cctv052x2004080611x01902.avi,9115b1d10811cccb8e1e976fa6690943f39add025dec991b6eff029240ab4d76,5,0.5,f216983870f4f0fa,18,auto_labeled_pending_review
images/test/cctv052x2004080611x01902_9115b1d108_f0000015_t0000001500.jpg,test,D:\Users\L1\Downloads\archive\video\cctv052x2004080611x01902.avi,9115b1d10811cccb8e1e976fa6690943f39add025dec991b6eff029240ab4d76,15,1.5,f21698307cf8f1f3,8,auto_labeled_pending_review
images/test/cctv052x2004080611x01902_9115b1d108_f0000020_t0000002000.jpg,test,D:\Users\L1\Downloads\archive\video\cctv052x2004080611x01902.avi,9115b1d10811cccb8e1e976fa6690943f39add025dec991b6eff029240ab4d76,20,2.0,f2169c3878f5f1f9,8,auto_labeled_pending_review
images/test/cctv052x2004080611x01902_9115b1d108_f0000025_t0000002500.jpg,test,D:\Users\L1\Downloads\archive\video\cctv052x2004080611x01902.avi,9115b1d10811cccb8e1e976fa6690943f39add025dec991b6eff029240ab4d76,25,2.5,f2169c3870f2fafa,9,auto_labeled_pending_review
images/test/cctv052x2004080611x01902_9115b1d108_f0000035_t0000003500.jpg,test,D:\Users\L1\Downloads\archive\video\cctv052x2004080611x01902.avi,9115b1d10811cccb8e1e976fa6690943f39add025dec991b6eff029240ab4d76,35,3.5,f2169c3874f8f9f8,6,auto_labeled_pending_review
images/test/cctv052x2004080611x01902_9115b1d108_f0000045_t0000004500.jpg,test,D:\Users\L1\Downloads\archive\video\cctv052x2004080611x01902.avi,9115b1d10811cccb8e1e976fa6690943f39add025dec991b6eff029240ab4d76,45,4.5,f2169c3470f9f9fe,6,auto_labeled_pending_review
images/test/cctv052x2004080611x01902_9115b1d108_f0000050_t0000005000.jpg,test,D:\Users\L1\Downloads\archive\video\cctv052x2004080611x01902.avi,9115b1d10811cccb8e1e976fa6690943f39add025dec991b6eff029240ab4d76,50,5.0,f2169c317afaf8fe,7,auto_labeled_pending_review
images/test/cctv052x2004080619x00093_2739900bc9_f0000000_t0000000000.jpg,test,D:\Users\L1\Downloads\archive\video\cctv052x2004080619x00093.avi,2739900bc99c31376d6fce3eabd57449f57c9ab929225f7a08979eece836665b,0,0.0,2a9cb83878fdf5f9,64,auto_labeled_pending_review
images/test/cctv052x2004080619x00093_2739900bc9_f0000005_t0000000500.jpg,test,D:\Users\L1\Downloads\archive\video\cctv052x2004080619x00093.avi,2739900bc99c31376d6fce3eabd57449f57c9ab929225f7a08979eece836665b,5,0.5,d2869c3878fcf2fa,16,auto_labeled_pending_review
images/test/cctv052x2004080619x00093_2739900bc9_f0000010_t0000001000.jpg,test,D:\Users\L1\Downloads\archive\video\cctv052x2004080619x00093.avi,2739900bc99c31376d6fce3eabd57449f57c9ab929225f7a08979eece836665b,10,1.0,d2869c3878faf8f9,6,auto_labeled_pending_review
images/test/cctv052x2004080619x00093_2739900bc9_f0000020_t0000002000.jpg,test,D:\Users\L1\Downloads\archive\video\cctv052x2004080619x00093.avi,2739900bc99c31376d6fce3eabd57449f57c9ab929225f7a08979eece836665b,20,2.0,d2869c387cf9f1fb,6,auto_labeled_pending_review
images/test/cctv052x2004080619x00093_2739900bc9_f0000030_t0000003000.jpg,test,D:\Users\L1\Downloads\archive\video\cctv052x2004080619x00093.avi,2739900bc99c31376d6fce3eabd57449f57c9ab929225f7a08979eece836665b,30,3.0,d2869c3874f5f8fa,6,auto_labeled_pending_review
images/test/cctv052x2004080619x00093_2739900bc9_f0000035_t0000003500.jpg,test,D:\Users\L1\Downloads\archive\video\cctv052x2004080619x00093.avi,2739900bc99c31376d6fce3eabd57449f57c9ab929225f7a08979eece836665b,35,3.5,d2869c3474fcf9fb,6,auto_labeled_pending_review
images/test/cctv052x2004080620x00105_cc5fe3ac6e_f0000000_t0000000000.jpg,test,D:\Users\L1\Downloads\archive\video\cctv052x2004080620x00105.avi,cc5fe3ac6e5a7fc5abbedbd143fe3cdf70c93220025ef51705112ce3e63d7f49,0,0.0,2a169a3578fcf9f9,64,auto_labeled_pending_review
images/test/cctv052x2004080620x00105_cc5fe3ac6e_f0000005_t0000000500.jpg,test,D:\Users\L1\Downloads\archive\video\cctv052x2004080620x00105.avi,cc5fe3ac6e5a7fc5abbedbd143fe3cdf70c93220025ef51705112ce3e63d7f49,5,0.5,e21698317cfcf3f8,9,auto_labeled_pending_review
images/test/cctv052x2004080620x00105_cc5fe3ac6e_f0000010_t0000001000.jpg,test,D:\Users\L1\Downloads\archive\video\cctv052x2004080620x00105.avi,cc5fe3ac6e5a7fc5abbedbd143fe3cdf70c93220025ef51705112ce3e63d7f49,10,1.0,e216983978f2f8f8,8,auto_labeled_pending_review
images/test/cctv052x2004080620x00105_cc5fe3ac6e_f0000020_t0000002000.jpg,test,D:\Users\L1\Downloads\archive\video\cctv052x2004080620x00105.avi,cc5fe3ac6e5a7fc5abbedbd143fe3cdf70c93220025ef51705112ce3e63d7f49,20,2.0,e2169c3974f8faf8,6,auto_labeled_pending_review
images/test/cctv052x2004080620x00105_cc5fe3ac6e_f0000025_t0000002500.jpg,test,D:\Users\L1\Downloads\archive\video\cctv052x2004080620x00105.avi,cc5fe3ac6e5a7fc5abbedbd143fe3cdf70c93220025ef51705112ce3e63d7f49,25,2.5,e2169c3579f8f8f8,6,auto_labeled_pending_review
images/test/cctv052x2004080620x00105_cc5fe3ac6e_f0000035_t0000003500.jpg,test,D:\Users\L1\Downloads\archive\video\cctv052x2004080620x00105.avi,cc5fe3ac6e5a7fc5abbedbd143fe3cdf70c93220025ef51705112ce3e63d7f49,35,3.5,e2169c3974faf8f8,6,auto_labeled_pending_review
images/test/cctv052x2004080620x00105_cc5fe3ac6e_f0000040_t0000004000.jpg,test,D:\Users\L1\Downloads\archive\video\cctv052x2004080620x00105.avi,cc5fe3ac6e5a7fc5abbedbd143fe3cdf70c93220025ef51705112ce3e63d7f49,40,4.0,e2169c3178f8f6f8,7,auto_labeled_pending_review
images/test/cctv052x2004080620x00105_cc5fe3ac6e_f0000045_t0000004500.jpg,test,D:\Users\L1\Downloads\archive\video\cctv052x2004080620x00105.avi,cc5fe3ac6e5a7fc5abbedbd143fe3cdf70c93220025ef51705112ce3e63d7f49,45,4.5,e2169c397cf4f8f8,7,auto_labeled_pending_review
images/test/cctv052x2004080614x00026_f1d721dc6b_f0000000_t0000000000.jpg,test,D:\Users\L1\Downloads\archive\video\cctv052x2004080614x00026.avi,f1d721dc6b2a6c6569f0f4109c1674b45566fd9a4e89d672f22792371e5cd0c9,0,0.0,9272a50d71f1f1f0,64,auto_labeled_pending_review
images/test/cctv052x2004080614x00026_f1d721dc6b_f0000005_t0000000500.jpg,test,D:\Users\L1\Downloads\archive\video\cctv052x2004080614x00026.avi,f1d721dc6b2a6c6569f0f4109c1674b45566fd9a4e89d672f22792371e5cd0c9,5,0.5,e21e9c3471f1f1f0,15,auto_labeled_pending_review
images/test/cctv052x2004080614x00026_f1d721dc6b_f0000030_t0000003000.jpg,test,D:\Users\L1\Downloads\archive\video\cctv052x2004080614x00026.avi,f1d721dc6b2a6c6569f0f4109c1674b45566fd9a4e89d672f22792371e5cd0c9,30,3.0,e21ebc3172f2f5f1,9,auto_labeled_pending_review
images/test/cctv052x2004080614x00026_f1d721dc6b_f0000040_t0000004000.jpg,test,D:\Users\L1\Downloads\archive\video\cctv052x2004080614x00026.avi,f1d721dc6b2a6c6569f0f4109c1674b45566fd9a4e89d672f22792371e5cd0c9,40,4.0,e21ebc3372f1f1f2,6,auto_labeled_pending_review
images/test/cctv052x2004080517x01665_e78b8029da_f0000000_t0000000000.jpg,test,D:\Users\L1\Downloads\archive\video\cctv052x2004080517x01665.avi,e78b8029da7cd10e34feb278612c8ccaf8ff0bb8172464667751b800da05338a,0,0.0,f682ccd0f9f9f0ec,64,auto_labeled_pending_review
images/test/cctv052x2004080517x01665_e78b8029da_f0000005_t0000000500.jpg,test,D:\Users\L1\Downloads\archive\video\cctv052x2004080517x01665.avi,e78b8029da7cd10e34feb278612c8ccaf8ff0bb8172464667751b800da05338a,5,0.5,f29e9a3979fbf9eb,20,auto_labeled_pending_review
images/test/cctv052x2004080517x01665_e78b8029da_f0000010_t0000001000.jpg,test,D:\Users\L1\Downloads\archive\video\cctv052x2004080517x01665.avi,e78b8029da7cd10e34feb278612c8ccaf8ff0bb8172464667751b800da05338a,10,1.0,f29e983978f9ebf1,8,auto_labeled_pending_review
images/test/cctv052x2004080517x01665_e78b8029da_f0000015_t0000001500.jpg,test,D:\Users\L1\Downloads\archive\video\cctv052x2004080517x01665.avi,e78b8029da7cd10e34feb278612c8ccaf8ff0bb8172464667751b800da05338a,15,1.5,f29e98397ae9f3f8,6,auto_labeled_pending_review
images/test/cctv052x2004080517x01665_e78b8029da_f0000020_t0000002000.jpg,test,D:\Users\L1\Downloads\archive\video\cctv052x2004080517x01665.avi,e78b8029da7cd10e34feb278612c8ccaf8ff0bb8172464667751b800da05338a,20,2.0,f29e983a78f5f2f8,7,auto_labeled_pending_review
images/test/cctv052x2004080517x01665_e78b8029da_f0000025_t0000002500.jpg,test,D:\Users\L1\Downloads\archive\video\cctv052x2004080517x01665.avi,e78b8029da7cd10e34feb278612c8ccaf8ff0bb8172464667751b800da05338a,25,2.5,f29e9c3a78f3f8ec,7,auto_labeled_pending_review
images/test/cctv052x2004080517x01665_e78b8029da_f0000030_t0000003000.jpg,test,D:\Users\L1\Downloads\archive\video\cctv052x2004080517x01665.avi,e78b8029da7cd10e34feb278612c8ccaf8ff0bb8172464667751b800da05338a,30,3.0,f29e9c3a74f2e8f8,6,auto_labeled_pending_review
images/test/cctv052x2004080517x01665_e78b8029da_f0000035_t0000003500.jpg,test,D:\Users\L1\Downloads\archive\video\cctv052x2004080517x01665.avi,e78b8029da7cd10e34feb278612c8ccaf8ff0bb8172464667751b800da05338a,35,3.5,f29e983a7ae9f9f3,13,auto_labeled_pending_review
images/test/cctv052x2004080517x01665_e78b8029da_f0000045_t0000004500.jpg,test,D:\Users\L1\Downloads\archive\video\cctv052x2004080517x01665.avi,e78b8029da7cd10e34feb278612c8ccaf8ff0bb8172464667751b800da05338a,45,4.5,f29e983b7af5f3f8,9,auto_labeled_pending_review
images/test/cctv052x2004080517x01665_e78b8029da_f0000050_t0000005000.jpg,test,D:\Users\L1\Downloads\archive\video\cctv052x2004080517x01665.avi,e78b8029da7cd10e34feb278612c8ccaf8ff0bb8172464667751b800da05338a,50,5.0,f29e983b7af3f8ed,8,auto_labeled_pending_review
images/test/cctv052x2004080616x00048_551bcf82e4_f0000000_t0000000000.jpg,test,D:\Users\L1\Downloads\archive\video\cctv052x2004080616x00048.avi,551bcf82e4b7096fb921af60f5b2f22d47e3dd5b99a0134eecc17f908fa202b2,0,0.0,9214b42919fde9fb,64,auto_labeled_pending_review
images/test/cctv052x2004080616x00048_551bcf82e4_f0000005_t0000000500.jpg,test,D:\Users\L1\Downloads\archive\video\cctv052x2004080616x00048.avi,551bcf82e4b7096fb921af60f5b2f22d47e3dd5b99a0134eecc17f908fa202b2,5,0.5,f2963e3c7cf9ebfb,16,auto_labeled_pending_review
images/test/cctv052x2004080616x00048_551bcf82e4_f0000010_t0000001000.jpg,test,D:\Users\L1\Downloads\archive\video\cctv052x2004080616x00048.avi,551bcf82e4b7096fb921af60f5b2f22d47e3dd5b99a0134eecc17f908fa202b2,10,1.0,f2963e3c7cfbf7e4,9,auto_labeled_pending_review
images/test/cctv052x2004080616x00048_551bcf82e4_f0000015_t0000001500.jpg,test,D:\Users\L1\Downloads\archive\video\cctv052x2004080616x00048.avi,551bcf82e4b7096fb921af60f5b2f22d47e3dd5b99a0134eecc17f908fa202b2,15,1.5,f2963e3c7afbf4e9,7,auto_labeled_pending_review
images/test/cctv052x2004080616x00048_551bcf82e4_f0000020_t0000002000.jpg,test,D:\Users\L1\Downloads\archive\video\cctv052x2004080616x00048.avi,551bcf82e4b7096fb921af60f5b2f22d47e3dd5b99a0134eecc17f908fa202b2,20,2.0,f2963e3c7af7e9e9,6,auto_labeled_pending_review
images/test/cctv052x2004080616x00048_551bcf82e4_f0000030_t0000003000.jpg,test,D:\Users\L1\Downloads\archive\video\cctv052x2004080616x00048.avi,551bcf82e4b7096fb921af60f5b2f22d47e3dd5b99a0134eecc17f908fa202b2,30,3.0,f2963e3c7efbfaee,9,auto_labeled_pending_review
images/test/cctv052x2004080616x00048_551bcf82e4_f0000035_t0000003500.jpg,test,D:\Users\L1\Downloads\archive\video\cctv052x2004080616x00048.avi,551bcf82e4b7096fb921af60f5b2f22d47e3dd5b99a0134eecc17f908fa202b2,35,3.5,f2963e3c7afaf6fc,6,auto_labeled_pending_review
images/test/cctv052x2004080616x00048_551bcf82e4_f0000040_t0000004000.jpg,test,D:\Users\L1\Downloads\archive\video\cctv052x2004080616x00048.avi,551bcf82e4b7096fb921af60f5b2f22d47e3dd5b99a0134eecc17f908fa202b2,40,4.0,f2963e3c7af5fdf9,9,auto_labeled_pending_review
images/test/cctv052x2004080518x01674_d863944597_f0000000_t0000000000.jpg,test,D:\Users\L1\Downloads\archive\video\cctv052x2004080518x01674.avi,d863944597d9d706a626193bd2ec2b8969335d9972a2e1bf6be4b20509d5ccd1,0,0.0,f58298397af4f2f3,64,auto_labeled_pending_review
images/test/cctv052x2004080518x01674_d863944597_f0000005_t0000000500.jpg,test,D:\Users\L1\Downloads\archive\video\cctv052x2004080518x01674.avi,d863944597d9d706a626193bd2ec2b8969335d9972a2e1bf6be4b20509d5ccd1,5,0.5,f29e98397af2f3f9,11,auto_labeled_pending_review
images/test/cctv052x2004080518x01674_d863944597_f0000015_t0000001500.jpg,test,D:\Users\L1\Downloads\archive\video\cctv052x2004080518x01674.avi,d863944597d9d706a626193bd2ec2b8969335d9972a2e1bf6be4b20509d5ccd1,15,1.5,f29e983978f5f2f8,6,auto_labeled_pending_review
images/test/cctv052x2004080518x01674_d863944597_f0000020_t0000002000.jpg,test,D:\Users\L1\Downloads\archive\video\cctv052x2004080518x01674.avi,d863944597d9d706a626193bd2ec2b8969335d9972a2e1bf6be4b20509d5ccd1,20,2.0,f29e98397cf6f8f9,6,auto_labeled_pending_review
images/test/cctv052x2004080518x01674_d863944597_f0000030_t0000003000.jpg,test,D:\Users\L1\Downloads\archive\video\cctv052x2004080518x01674.avi,d863944597d9d706a626193bd2ec2b8969335d9972a2e1bf6be4b20509d5ccd1,30,3.0,f29e9a3174f8f2f8,9,auto_labeled_pending_review
images/test/cctv052x2004080518x01674_d863944597_f0000040_t0000004000.jpg,test,D:\Users\L1\Downloads\archive\video\cctv052x2004080518x01674.avi,d863944597d9d706a626193bd2ec2b8969335d9972a2e1bf6be4b20509d5ccd1,40,4.0,f29e98397cf9f1f8,6,auto_labeled_pending_review
images/test/cctv052x2004080518x01674_d863944597_f0000050_t0000005000.jpg,test,D:\Users\L1\Downloads\archive\video\cctv052x2004080518x01674.avi,d863944597d9d706a626193bd2ec2b8969335d9972a2e1bf6be4b20509d5ccd1,50,5.0,f29e983978f3f2f1,7,auto_labeled_pending_review
images/test/cctv052x2004080520x01697_25f978da4e_f0000000_t0000000000.jpg,test,D:\Users\L1\Downloads\archive\video\cctv052x2004080520x01697.avi,25f978da4e4351dbdfed5822cc2ab07b8665db5c0e08bb5ca740ba1eb0aace94,0,0.0,f01e983978f4f0f8,64,auto_labeled_pending_review
images/test/cctv052x2004080520x01697_25f978da4e_f0000005_t0000000500.jpg,test,D:\Users\L1\Downloads\archive\video\cctv052x2004080520x01697.avi,25f978da4e4351dbdfed5822cc2ab07b8665db5c0e08bb5ca740ba1eb0aace94,5,0.5,f21e983974f9f1f9,8,auto_labeled_pending_review
images/test/cctv052x2004080520x01697_25f978da4e_f0000015_t0000001500.jpg,test,D:\Users\L1\Downloads\archive\video\cctv052x2004080520x01697.avi,25f978da4e4351dbdfed5822cc2ab07b8665db5c0e08bb5ca740ba1eb0aace94,15,1.5,f21e98397af8f0f8,6,auto_labeled_pending_review
images/test/cctv052x2004080606x01821_fe91f673a0_f0000000_t0000000000.jpg,test,D:\Users\L1\Downloads\archive\video\cctv052x2004080606x01821.avi,fe91f673a0a38b66d49c990f3c6cdbea766642973287dde582ca332396e54780,0,0.0,d68a9cc2e16cf9f9,64,auto_labeled_pending_review
images/test/cctv052x2004080606x01821_fe91f673a0_f0000005_t0000000500.jpg,test,D:\Users\L1\Downloads\archive\video\cctv052x2004080606x01821.avi,fe91f673a0a38b66d49c990f3c6cdbea766642973287dde582ca332396e54780,5,0.5,f286983978fafafb,23,auto_labeled_pending_review
images/test/cctv052x2004080606x01830_a1db854d2f_f0000000_t0000000000.jpg,test,D:\Users\L1\Downloads\archive\video\cctv052x2004080606x01830.avi,a1db854d2f5037109f5ece916eb51cdb79d69ea479ed5839da12c086f8ceb776,0,0.0,d68a843078f8f8f9,64,auto_labeled_pending_review
images/test/cctv052x2004080606x01830_a1db854d2f_f0000005_t0000000500.jpg,test,D:\Users\L1\Downloads\archive\video\cctv052x2004080606x01830.avi,a1db854d2f5037109f5ece916eb51cdb79d69ea479ed5839da12c086f8ceb776,5,0.5,f2169c3178f8fbfa,13,auto_labeled_pending_review
images/test/cctv052x2004080606x01830_a1db854d2f_f0000015_t0000001500.jpg,test,D:\Users\L1\Downloads\archive\video\cctv052x2004080606x01830.avi,a1db854d2f5037109f5ece916eb51cdb79d69ea479ed5839da12c086f8ceb776,15,1.5,f2169c3074f0f8fa,6,auto_labeled_pending_review
images/test/cctv052x2004080606x01830_a1db854d2f_f0000030_t0000003000.jpg,test,D:\Users\L1\Downloads\archive\video\cctv052x2004080606x01830.avi,a1db854d2f5037109f5ece916eb51cdb79d69ea479ed5839da12c086f8ceb776,30,3.0,f216983070f2f1f2,6,auto_labeled_pending_review
images/test/cctv052x2004080606x01830_a1db854d2f_f0000035_t0000003500.jpg,test,D:\Users\L1\Downloads\archive\video\cctv052x2004080606x01830.avi,a1db854d2f5037109f5ece916eb51cdb79d69ea479ed5839da12c086f8ceb776,35,3.5,f216983474f4f4fa,7,auto_labeled_pending_review
images/test/cctv052x2004080606x01830_a1db854d2f_f0000040_t0000004000.jpg,test,D:\Users\L1\Downloads\archive\video\cctv052x2004080606x01830.avi,a1db854d2f5037109f5ece916eb51cdb79d69ea479ed5839da12c086f8ceb776,40,4.0,f2169c3074f6f8f8,6,auto_labeled_pending_review
images/test/cctv052x2004080606x01830_a1db854d2f_f0000045_t0000004500.jpg,test,D:\Users\L1\Downloads\archive\video\cctv052x2004080606x01830.avi,a1db854d2f5037109f5ece916eb51cdb79d69ea479ed5839da12c086f8ceb776,45,4.5,f2169c3070f8f8fe,6,auto_labeled_pending_review
images/test/cctv052x2004080606x01830_a1db854d2f_f0000050_t0000005000.jpg,test,D:\Users\L1\Downloads\archive\video\cctv052x2004080606x01830.avi,a1db854d2f5037109f5ece916eb51cdb79d69ea479ed5839da12c086f8ceb776,50,5.0,f2169c3078f0ccee,6,auto_labeled_pending_review
images/test/cctv052x2004080616x00049_266f92eae7_f0000000_t0000000000.jpg,test,D:\Users\L1\Downloads\archive\video\cctv052x2004080616x00049.avi,266f92eae762501c34aadbb8293d46ffc7a50a507564f524d9b8b225ad0c027a,0,0.0,9354a1391919fae9,64,auto_labeled_pending_review
images/test/cctv052x2004080616x00049_266f92eae7_f0000005_t0000000500.jpg,test,D:\Users\L1\Downloads\archive\video\cctv052x2004080616x00049.avi,266f92eae762501c34aadbb8293d46ffc7a50a507564f524d9b8b225ad0c027a,5,0.5,f296ba3072f8fae9,21,auto_labeled_pending_review
images/test/cctv052x2004080616x00049_266f92eae7_f0000015_t0000001500.jpg,test,D:\Users\L1\Downloads\archive\video\cctv052x2004080616x00049.avi,266f92eae762501c34aadbb8293d46ffc7a50a507564f524d9b8b225ad0c027a,15,1.5,f296ba307afbe9fa,9,auto_labeled_pending_review
images/test/cctv052x2004080616x00049_266f92eae7_f0000025_t0000002500.jpg,test,D:\Users\L1\Downloads\archive\video\cctv052x2004080616x00049.avi,266f92eae762501c34aadbb8293d46ffc7a50a507564f524d9b8b225ad0c027a,25,2.5,f296ba307af1eaf6,6,auto_labeled_pending_review
images/test/cctv052x2004080616x00049_266f92eae7_f0000040_t0000004000.jpg,test,D:\Users\L1\Downloads\archive\video\cctv052x2004080616x00049.avi,266f92eae762501c34aadbb8293d46ffc7a50a507564f524d9b8b225ad0c027a,40,4.0,f296ba3072f5f4fb,9,auto_labeled_pending_review
images/test/cctv052x2004080516x01644_8f0dc9aa30_f0000000_t0000000000.jpg,test,D:\Users\L1\Downloads\archive\video\cctv052x2004080516x01644.avi,8f0dc9aa30233f50ede315532c540f3da0cb8581a85cb64aeecbfe52c014ae55,0,0.0,d69fbc3272f3e979,64,auto_labeled_pending_review
images/test/cctv052x2004080516x01644_8f0dc9aa30_f0000005_t0000000500.jpg,test,D:\Users\L1\Downloads\archive\video\cctv052x2004080516x01644.avi,8f0dc9aa30233f50ede315532c540f3da0cb8581a85cb64aeecbfe52c014ae55,5,0.5,d297bc3272ebf3fa,10,auto_labeled_pending_review
images/test/cctv052x2004080516x01644_8f0dc9aa30_f0000015_t0000001500.jpg,test,D:\Users\L1\Downloads\archive\video\cctv052x2004080516x01644.avi,8f0dc9aa30233f50ede315532c540f3da0cb8581a85cb64aeecbfe52c014ae55,15,1.5,d297bc3272f2f969,9,auto_labeled_pending_review
images/test/cctv052x2004080516x01644_8f0dc9aa30_f0000025_t0000002500.jpg,test,D:\Users\L1\Downloads\archive\video\cctv052x2004080516x01644.avi,8f0dc9aa30233f50ede315532c540f3da0cb8581a85cb64aeecbfe52c014ae55,25,2.5,d297bc3276f1eb6c,7,auto_labeled_pending_review
images/test/cctv052x2004080516x01644_8f0dc9aa30_f0000030_t0000003000.jpg,test,D:\Users\L1\Downloads\archive\video\cctv052x2004080516x01644.avi,8f0dc9aa30233f50ede315532c540f3da0cb8581a85cb64aeecbfe52c014ae55,30,3.0,d297bc3276faec6c,6,auto_labeled_pending_review
images/test/cctv052x2004080516x01644_8f0dc9aa30_f0000040_t0000004000.jpg,test,D:\Users\L1\Downloads\archive\video\cctv052x2004080516x01644.avi,8f0dc9aa30233f50ede315532c540f3da0cb8581a85cb64aeecbfe52c014ae55,40,4.0,d297b83676e9f978,10,auto_labeled_pending_review
images/test/cctv052x2004080516x01644_8f0dc9aa30_f0000050_t0000005000.jpg,test,D:\Users\L1\Downloads\archive\video\cctv052x2004080516x01644.avi,8f0dc9aa30233f50ede315532c540f3da0cb8581a85cb64aeecbfe52c014ae55,50,5.0,d297ba3470f9f17f,9,auto_labeled_pending_review
images/test/cctv052x2004080518x01667_4c4e6a844a_f0000000_t0000000000.jpg,test,D:\Users\L1\Downloads\archive\video\cctv052x2004080518x01667.avi,4c4e6a844a164bfa021dc6e7a28d2b93db6640f2d911c94c5441866d1f533057,0,0.0,f29e9c387d7cf779,64,auto_labeled_pending_review
images/test/cctv052x2004080518x01667_4c4e6a844a_f0000005_t0000000500.jpg,test,D:\Users\L1\Downloads\archive\video\cctv052x2004080518x01667.avi,4c4e6a844a164bfa021dc6e7a28d2b93db6640f2d911c94c5441866d1f533057,5,0.5,f29e9c387cfaf9fa,10,auto_labeled_pending_review
images/test/cctv052x2004080518x01667_4c4e6a844a_f0000010_t0000001000.jpg,test,D:\Users\L1\Downloads\archive\video\cctv052x2004080518x01667.avi,4c4e6a844a164bfa021dc6e7a28d2b93db6640f2d911c94c5441866d1f533057,10,1.0,f29e9a3978f8f2fe,9,auto_labeled_pending_review
images/test/cctv052x2004080518x01667_4c4e6a844a_f0000015_t0000001500.jpg,test,D:\Users\L1\Downloads\archive\video\cctv052x2004080518x01667.avi,4c4e6a844a164bfa021dc6e7a28d2b93db6640f2d911c94c5441866d1f533057,15,1.5,f29e983978f3fcf8,9,auto_labeled_pending_review
images/test/cctv052x2004080518x01667_4c4e6a844a_f0000020_t0000002000.jpg,test,D:\Users\L1\Downloads\archive\video\cctv052x2004080518x01667.avi,4c4e6a844a164bfa021dc6e7a28d2b93db6640f2d911c94c5441866d1f533057,20,2.0,f29e98397df5f8fb,7,auto_labeled_pending_review
images/test/cctv052x2004080518x01667_4c4e6a844a_f0000030_t0000003000.jpg,test,D:\Users\L1\Downloads\archive\video\cctv052x2004080518x01667.avi,4c4e6a844a164bfa021dc6e7a28d2b93db6640f2d911c94c5441866d1f533057,30,3.0,f29e983874f9f1fb,7,auto_labeled_pending_review
images/test/cctv052x2004080518x01667_4c4e6a844a_f0000035_t0000003500.jpg,test,D:\Users\L1\Downloads\archive\video\cctv052x2004080518x01667.avi,4c4e6a844a164bfa021dc6e7a28d2b93db6640f2d911c94c5441866d1f533057,35,3.5,f29e983978f1f2ea,8,auto_labeled_pending_review
images/test/cctv052x2004080518x01667_4c4e6a844a_f0000040_t0000004000.jpg,test,D:\Users\L1\Downloads\archive\video\cctv052x2004080518x01667.avi,4c4e6a844a164bfa021dc6e7a28d2b93db6640f2d911c94c5441866d1f533057,40,4.0,f29e98387af1e6f8,6,auto_labeled_pending_review
images/test/cctv052x2004080518x01667_4c4e6a844a_f0000045_t0000004500.jpg,test,D:\Users\L1\Downloads\archive\video\cctv052x2004080518x01667.avi,4c4e6a844a164bfa021dc6e7a28d2b93db6640f2d911c94c5441866d1f533057,45,4.5,f29e98327af4fcf8,7,auto_labeled_pending_review
images/test/cctv052x2004080613x00015_5eab3fee09_f0000000_t0000000000.jpg,test,D:\Users\L1\Downloads\archive\video\cctv052x2004080613x00015.avi,5eab3fee093e425d9e910d6d254d21bbab9a6407437a80c863762d801fcf07d5,0,0.0,e5e7f3397cf8f4fb,64,auto_labeled_pending_review
images/test/cctv052x2004080613x00015_5eab3fee09_f0000005_t0000000500.jpg,test,D:\Users\L1\Downloads\archive\video\cctv052x2004080613x00015.avi,5eab3fee093e425d9e910d6d254d21bbab9a6407437a80c863762d801fcf07d5,5,0.5,d2169c3178f8f6fa,20,auto_labeled_pending_review
images/test/cctv052x2004080613x00015_5eab3fee09_f0000010_t0000001000.jpg,test,D:\Users\L1\Downloads\archive\video\cctv052x2004080613x00015.avi,5eab3fee093e425d9e910d6d254d21bbab9a6407437a80c863762d801fcf07d5,10,1.0,d2169c3979f4faf9,8,auto_labeled_pending_review
images/test/cctv052x2004080613x00015_5eab3fee09_f0000020_t0000002000.jpg,test,D:\Users\L1\Downloads\archive\video\cctv052x2004080613x00015.avi,5eab3fee093e425d9e910d6d254d21bbab9a6407437a80c863762d801fcf07d5,20,2.0,d2169c3978faf8fa,7,auto_labeled_pending_review
images/test/cctv052x2004080613x00015_5eab3fee09_f0000045_t0000004500.jpg,test,D:\Users\L1\Downloads\archive\video\cctv052x2004080613x00015.avi,5eab3fee093e425d9e910d6d254d21bbab9a6407437a80c863762d801fcf07d5,45,4.5,d2169c397cf9f5fa,6,auto_labeled_pending_review
images/test/cctv052x2004080613x00015_5eab3fee09_f0000050_t0000005000.jpg,test,D:\Users\L1\Downloads\archive\video\cctv052x2004080613x00015.avi,5eab3fee093e425d9e910d6d254d21bbab9a6407437a80c863762d801fcf07d5,50,5.0,d216983978f4f0fa,7,auto_labeled_pending_review
